ID_Unique,Sand_gkg,Clay_gkg,SOM_gkg,Ca_mmolkg,Mg_mmolkg,CEC_Ph7_mmolkg,Vegetation,Bioma,Geology,Sampling,MIR_availability,Region,Sand_gkg_ausente,Clay_gkg_ausente,SOM_gkg_ausente,Ca_mmolkg_ausente,Mg_mmolkg_ausente,CEC_Ph7_mmolkg_ausente
34734,460.0,380.0,33.3,5.0,2.0,7.0,Areas of Ecological Tension,Cerrado,Sedimentary Rock,Auger,NO,Southeast,0,0,0,0,0,0
34735,600.0,300.0,21.7,2.3,0.8,3.1,Areas of Ecological Tension,Cerrado,Metamorphic Rock,Auger,NO,Southeast,0,0,0,0,0,0
34736,510.0,420.0,28.1,5.6,4.0,9.6,Areas of Ecological Tension,Cerrado,Metamorphic Rock,Auger,NO,Southeast,0,0,0,0,0,0
34737,60.0,530.0,19.2,12.9,8.4,21.3,Areas of Ecological Tension,Cerrado,Sedimentary Rock,Auger,NO,Southeast,0,0,0,0,0,0
34738,80.0,460.0,25.6,2.4,2.6,5.0,Areas of Ecological Tension,Cerrado,Sedimentary Rock,Auger,NO,Southeast,0,0,0,0,0,0
34739,140.0,770.0,69.1,2.5,1.0,3.5,Areas of Ecological Tension,Cerrado,Sedimentary Rock,Auger,NO,Southeast,0,0,0,0,0,0
34740,110.0,740.0,47.3,33.0,9.3,42.3,Savannah,Cerrado,Igneous Rock,Auger,NO,Southeast,0,0,0,0,0,0
34741,590.0,320.0,38.4,21.4,6.9,28.3,Areas of Ecological Tension,Cerrado,Metamorphic Rock,Auger,NO,Southeast,0,0,0,0,0,0
34742,750.0,130.0,38.4,13.3,2.4,15.7,Seasonal Semideciduous Forest,Mata Atlantica,Metamorphic Rock,Auger,NO,Southeast,0,0,0,0,0,0
34743,120.0,510.0,47.3,2.3,0.6,2.9,Seasonal Semideciduous Forest,Mata Atlantica,Sedimentary Rock,Auger,NO,Southeast,0,0,0,0,0,0
34744,150.0,540.0,51.2,5.6,5.0,10.6,Seasonal Semideciduous Forest,Mata Atlantica,Metamorphic Rock,Auger,NO,Southeast,0,0,0,0,0,0
34745,290.0,230.0,32.0,4.4,1.1,5.5,Seasonal Semideciduous Forest,Mata Atlantica,Sedimentary Rock,Auger,NO,Southeast,0,0,0,0,0,0
34746,310.0,580.0,29.4,2.7,0.4,3.1,Seasonal Semideciduous Forest,Mata Atlantica,Metamorphic Rock,Auger,NO,Southeast,0,0,0,0,0,0
34747,430.0,470.0,57.6,2.8,1.0,3.8,Seasonal Semideciduous Forest,Mata Atlantica,Sedimentary Rock,Auger,NO,Southeast,0,0,0,0,0,0
34748,220.0,610.0,39.7,3.6,1.1,4.7,Seasonal Semideciduous Forest,Mata Atlantica,Metamorphic Rock,Auger,NO,Southeast,0,0,0,0,0,0
34749,360.0,550.0,52.5,10.4,5.8,16.2,Seasonal Semideciduous Forest,Mata Atlantica,Igneous Rock,Auger,NO,Southeast,0,0,0,0,0,0
34750,230.0,510.0,39.7,5.3,3.8,9.1,Seasonal Semideciduous Forest,Mata Atlantica,Sedimentary Rock,Auger,NO,Southeast,0,0,0,0,0,0
34751,170.0,700.0,58.9,12.8,4.2,17.0,Seasonal Semideciduous Forest,Mata Atlantica,Igneous Rock,Auger,NO,Southeast,0,0,0,0,0,0
34752,380.0,560.0,21.7,20.9,11.2,32.1,Seasonal Semideciduous Forest,Mata Atlantica,Igneous Rock,Auger,NO,Southeast,0,0,0,0,0,0
34753,370.0,560.0,44.8,2.3,0.9,3.2,Seasonal Semideciduous Forest,Mata Atlantica,Metamorphic Rock,Auger,NO,Southeast,0,0,0,0,0,0
34754,310.0,650.0,47.3,12.6,3.9,16.5,Seasonal Semideciduous Forest,Mata Atlantica,Metamorphic Rock,Auger,NO,Southeast,0,0,0,0,0,0
34755,260.0,660.0,48.6,2.2,1.1,3.3,Seasonal Semideciduous Forest,Mata Atlantica,Metamorphic Rock,Auger,NO,Southeast,0,0,0,0,0,0
34756,300.0,580.0,39.7,21.2,9.6,30.8,Seasonal Semideciduous Forest,Mata Atlantica,Metamorphic Rock,Auger,NO,Southeast,0,0,0,0,0,0
34757,390.0,530.0,40.9,2.3,1.1,3.4,Seasonal Semideciduous Forest,Mata Atlantica,Metamorphic Rock,Auger,NO,Southeast,0,0,0,0,0,0
34758,750.0,210.0,19.2,10.6,1.8,12.4,Areas of Ecological Tension,Cerrado,Sedimentary Rock,Auger,NO,Southeast,0,0,0,0,0,0
34759,550.0,370.0,25.6,4.1,2.4,6.5,Open Ombrophylous Forest,Mata Atlantica,Igneous Rock,Auger,NO,Southeast,0,0,0,0,0,0
34760,110.0,610.0,40.9,7.1,3.1,10.2,Seasonal Semideciduous Forest,Mata Atlantica,Sedimentary Rock,Auger,NO,Southeast,0,0,0,0,0,0
34761,500.0,350.0,42.2,11.4,4.9,16.3,Savannah,Mata Atlantica,Metamorphic Rock,Auger,NO,Southeast,0,0,0,0,0,0
34762,380.0,570.0,30.7,6.6,2.6,9.2,Seasonal Semideciduous Forest,Mata Atlantica,Metamorphic Rock,Auger,NO,Southeast,0,0,0,0,0,0
34763,530.0,380.0,40.9,2.1,0.6,2.7,Seasonal Semideciduous Forest,Mata Atlantica,Igneous Rock,Auger,NO,Southeast,0,0,0,0,0,0
34764,360.0,590.0,29.4,7.1,4.0,11.1,Seasonal Semideciduous Forest,Mata Atlantica,Igneous Rock,Auger,NO,Southeast,0,0,0,0,0,0
34765,620.0,260.0,20.5,31.1,11.1,42.2,Seasonal Semideciduous Forest,Mata Atlantica,Metamorphic Rock,Auger,NO,Southeast,0,0,0,0,0,0
34766,450.0,510.0,35.8,7.2,4.0,11.2,Seasonal Semideciduous Forest,Mata Atlantica,Sedimentary Rock,Auger,NO,Southeast,0,0,0,0,0,0
34767,440.0,450.0,37.1,31.3,8.8,40.1,Seasonal Semideciduous Forest,Mata Atlantica,Metamorphic Rock,Auger,NO,Southeast,0,0,0,0,0,0
34768,490.0,420.0,24.3,11.4,8.9,20.3,Savannah,Cerrado,Metamorphic Rock,Auger,NO,Southeast,0,0,0,0,0,0
34769,420.0,520.0,34.5,4.5,1.9,6.4,Savannah,Cerrado,Metamorphic Rock,Auger,NO,Southeast,0,0,0,0,0,0
34770,130.0,780.0,47.3,63.2,2.2,65.4,Areas of Ecological Tension,Cerrado,Sedimentary Rock,Auger,NO,Southeast,0,0,0,0,0,0
34771,100.0,510.0,44.8,7.7,1.3,9.0,Areas of Ecological Tension,Cerrado,Sedimentary Rock,Auger,NO,Southeast,0,0,0,0,0,0
34772,260.0,590.0,43.5,14.6,6.7,21.3,Areas of Ecological Tension,Cerrado,Metamorphic Rock,Auger,NO,Southeast,0,0,0,0,0,0
34773,180.0,520.0,47.3,25.7,10.8,36.5,Areas of Ecological Tension,Cerrado,Metamorphic Rock,Auger,NO,Southeast,0,0,0,0,0,0
34774,180.0,500.0,55.0,2.4,0.9,3.3,Seasonal Semideciduous Forest,Mata Atlantica,Metamorphic Rock,Auger,NO,Southeast,0,0,0,0,0,0
34775,390.0,340.0,49.9,8.3,4.1,12.4,Seasonal Semideciduous Forest,Mata Atlantica,Metamorphic Rock,Auger,NO,Southeast,0,0,0,0,0,0
34776,150.0,700.0,51.2,31.5,5.5,37.0,Areas of Ecological Tension,Cerrado,Sedimentary Rock,Auger,NO,Southeast,0,0,0,0,0,0
34777,480.0,430.0,44.8,12.8,6.5,19.3,Seasonal Semideciduous Forest,Mata Atlantica,Metamorphic Rock,Auger,NO,Southeast,0,0,0,0,0,0
34778,240.0,540.0,40.9,6.8,5.5,12.3,Seasonal Semideciduous Forest,Mata Atlantica,Igneous Rock,Auger,NO,Southeast,0,0,0,0,0,0
34779,640.0,140.0,26.9,2.3,1.0,3.3,Savannah,Cerrado,Sedimentary Rock,Auger,NO,Southeast,0,0,0,0,0,0
34780,110.0,570.0,34.5,37.6,12.5,50.1,Savannah,Cerrado,Igneous Rock,Auger,NO,Southeast,0,0,0,0,0,0
34781,380.0,510.0,46.1,3.4,1.6,5.0,Savannah,Cerrado,Sedimentary Rock,Auger,NO,Southeast,0,0,0,0,0,0
34782,590.0,330.0,34.5,9.1,5.6,14.7,Seasonal Semideciduous Forest,Mata Atlantica,Igneous Rock,Auger,NO,Southeast,0,0,0,0,0,0
34783,160.0,750.0,44.8,4.3,2.1,6.4,Savannah,Cerrado,Sedimentary Rock,Auger,NO,Southeast,0,0,0,0,0,0
34784,20.0,850.0,48.6,30.0,9.2,39.2,Seasonal Deciduous Forest,Cerrado,Igneous Rock,Auger,NO,Southeast,0,0,0,0,0,0
34785,70.0,800.0,44.8,22.5,10.0,32.5,Savannah,Cerrado,Sedimentary Rock,Auger,NO,Southeast,0,0,0,0,0,0
34786,60.0,790.0,62.7,23.1,9.9,33.0,Savannah,Cerrado,Sedimentary Rock,Auger,NO,Southeast,0,0,0,0,0,0
34787,200.0,510.0,37.1,8.9,8.9,17.8,Seasonal Deciduous Forest,Cerrado,Metamorphic Rock,Auger,NO,Southeast,0,0,0,0,0,0
34788,300.0,260.0,29.4,15.6,9.5,25.1,Areas of Ecological Tension,Mata Atlantica,Metamorphic Rock,Auger,NO,Southeast,0,0,0,0,0,0
34789,380.0,530.0,57.6,5.2,1.8,7.0,Seasonal Semideciduous Forest,Mata Atlantica,Igneous Rock,Auger,NO,Southeast,0,0,0,0,0,0
34790,80.0,510.0,33.3,15.9,17.1,33.0,Savannah,Cerrado,Sedimentary Rock,Auger,NO,Southeast,0,0,0,0,0,0
34791,170.0,770.0,60.1,3.6,1.3,4.9,Savannah,Cerrado,Sedimentary Rock,Auger,NO,Southeast,0,0,0,0,0,0
34792,230.0,460.0,56.3,46.8,32.7,79.5,Savannah,Cerrado,Sedimentary Rock,Auger,NO,Southeast,0,0,0,0,0,0
34793,180.0,480.0,23.0,4.1,5.9,10.0,Savannah,Cerrado,Sedimentary Rock,Auger,NO,Southeast,0,0,0,0,0,0
34794,220.0,630.0,29.4,2.7,3.9,6.6,Savannah,Cerrado,Sedimentary Rock,Auger,NO,Southeast,0,0,0,0,0,0
34795,70.0,780.0,43.5,3.0,2.7,5.7,Savannah,Cerrado,Sedimentary Rock,Auger,NO,Southeast,0,0,0,0,0,0
34796,740.0,160.0,12.8,25.7,6.4,32.1,Seasonal Deciduous Forest,Cerrado,Sedimentary Rock,Auger,NO,Southeast,0,0,0,0,0,0
34797,100.0,810.0,48.6,5.7,2.3,8.0,Seasonal Deciduous Forest,Cerrado,Metamorphic Rock,Auger,NO,Southeast,0,0,0,0,0,0
34798,450.0,260.0,37.1,49.7,11.2,60.9,Seasonal Deciduous Forest,Cerrado,Metamorphic Rock,Auger,NO,Southeast,0,0,0,0,0,0
34799,480.0,310.0,29.4,51.9,11.7,63.6,Seasonal Deciduous Forest,Cerrado,Igneous Rock,Auger,NO,Southeast,0,0,0,0,0,0
34800,660.0,190.0,16.6,25.7,6.2,31.9,Savannah,Cerrado,Sedimentary Rock,Auger,NO,Southeast,0,0,0,0,0,0
34801,650.0,320.0,32.0,17.5,2.7,20.2,Seasonal Deciduous Forest,Mata Atlantica,Igneous Rock,Auger,NO,Southeast,0,0,0,0,0,0
34802,440.0,440.0,23.0,28.2,19.7,47.9,Areas of Ecological Tension,Mata Atlantica,Metamorphic Rock,Auger,NO,Southeast,0,0,0,0,0,0
34803,380.0,560.0,51.2,3.2,1.4,4.6,Seasonal Semideciduous Forest,Mata Atlantica,Igneous Rock,Auger,NO,Southeast,0,0,0,0,0,0
34804,390.0,520.0,44.8,2.8,1.2,4.0,Seasonal Semideciduous Forest,Mata Atlantica,Metamorphic Rock,Auger,NO,Southeast,0,0,0,0,0,0
34805,470.0,470.0,37.1,12.1,6.0,18.1,Seasonal Semideciduous Forest,Mata Atlantica,Metamorphic Rock,Auger,NO,Southeast,0,0,0,0,0,0
34806,130.0,360.0,24.3,3.0,1.0,4.0,Savannah,Cerrado,Sedimentary Rock,Auger,NO,Southeast,0,0,0,0,0,0
34807,40.0,820.0,38.4,3.7,5.1,8.8,Savannah,Cerrado,Igneous Rock,Auger,NO,Southeast,0,0,0,0,0,0
34808,40.0,870.0,83.2,3.5,1.7,5.2,Savannah,Cerrado,Igneous Rock,Auger,NO,Southeast,0,0,0,0,0,0
34809,160.0,630.0,53.7,3.0,0.9,3.9,Savannah,Cerrado,Sedimentary Rock,Auger,NO,Southeast,0,0,0,0,0,0
34810,690.0,260.0,32.0,6.2,3.0,9.2,Savannah,Cerrado,Sedimentary Rock,Auger,NO,Southeast,0,0,0,0,0,0
34811,80.0,720.0,19.2,3.2,3.7,6.9,Areas of Ecological Tension,Cerrado,Sedimentary Rock,Auger,NO,Southeast,0,0,0,0,0,0
34812,710.0,250.0,25.6,3.2,1.6,4.8,Savannah,Cerrado,Igneous Rock,Auger,NO,Southeast,0,0,0,0,0,0
34813,110.0,650.0,38.4,27.9,9.8,37.7,Savannah,Cerrado,Igneous Rock,Auger,NO,Southeast,0,0,0,0,0,0
34814,110.0,630.0,46.1,106.5,16.8,123.3,Areas of Ecological Tension,Cerrado,Igneous Rock,Auger,NO,Southeast,0,0,0,0,0,0
34815,900.0,80.0,9.0,4.2,0.9,5.1,Savannah,Cerrado,Sedimentary Rock,Auger,NO,Southeast,0,0,0,0,0,0
34816,700.0,190.0,24.3,25.7,6.6,32.3,Areas of Ecological Tension,Caatinga,Igneous Rock,Auger,NO,Southeast,0,0,0,0,0,0
34817,820.0,100.0,11.5,8.3,2.0,10.3,Seasonal Deciduous Forest,Cerrado,Sedimentary Rock,Auger,NO,Southeast,0,0,0,0,0,0
34818,50.0,600.0,26.9,3.7,1.7,5.4,Savannah,Cerrado,Sedimentary Rock,Auger,NO,Southeast,0,0,0,0,0,0
34819,230.0,340.0,24.3,2.7,0.8,3.5,Areas of Ecological Tension,Cerrado,Igneous Rock,Auger,NO,Southeast,0,0,0,0,0,0
34820,890.0,70.0,23.0,3.7,0.8,4.5,Savannah,Cerrado,Igneous Rock,Auger,NO,Southeast,0,0,0,0,0,0
34821,410.0,230.0,28.1,3.0,0.9,3.9,Savannah,Cerrado,Sedimentary Rock,Auger,NO,Southeast,0,0,0,0,0,0
34822,110.0,430.0,65.2,88.8,18.4,107.2,Savannah,Cerrado,Igneous Rock,Auger,NO,Southeast,0,0,0,0,0,0
34823,700.0,140.0,19.2,13.8,5.4,19.2,Savannah,Cerrado,Sedimentary Rock,Auger,NO,Southeast,0,0,0,0,0,0
34824,800.0,10.0,15.4,31.1,7.4,38.5,Savannah,Cerrado,Metamorphic Rock,Auger,NO,Southeast,0,0,0,0,0,0
34825,310.0,630.0,64.0,15.3,7.4,22.7,Savannah,Cerrado,Igneous Rock,Auger,NO,Southeast,0,0,0,0,0,0
34826,780.0,130.0,10.2,3.9,1.4,5.3,Savannah,Cerrado,Sedimentary Rock,Auger,NO,Southeast,0,0,0,0,0,0
34827,600.0,170.0,33.3,28.6,7.7,36.3,Seasonal Deciduous Forest,Mata Atlantica,Igneous Rock,Auger,NO,Southeast,0,0,0,0,0,0
34828,370.0,530.0,96.0,4.1,2.0,6.1,Seasonal Semideciduous Forest,Mata Atlantica,Igneous Rock,Auger,NO,Southeast,0,0,0,0,0,0
34829,750.0,180.0,21.7,32.4,11.5,43.9,Areas of Ecological Tension,Cerrado,Sedimentary Rock,Auger,NO,Southeast,0,0,0,0,0,0
34830,330.0,510.0,34.5,23.9,13.0,36.9,Seasonal Semideciduous Forest,Mata Atlantica,Sedimentary Rock,Auger,NO,Southeast,0,0,0,0,0,0
34831,610.0,330.0,23.0,7.3,2.3,9.6,Savannah,Cerrado,Sedimentary Rock,Auger,NO,Southeast,0,0,0,0,0,0
34832,110.0,620.0,42.2,24.7,3.9,28.6,Areas of Ecological Tension,Cerrado,Igneous Rock,Auger,NO,Southeast,0,0,0,0,0,0
34833,180.0,560.0,46.1,4.6,2.3,6.9,Savannah,Cerrado,Metamorphic Rock,Auger,NO,Southeast,0,0,0,0,0,0
34834,30.0,310.0,32.0,17.7,3.8,21.5,Savannah,Cerrado,Sedimentary Rock,Auger,NO,Southeast,0,0,0,0,0,0
34835,20.0,710.0,37.1,3.1,3.1,6.2,Savannah,Cerrado,Igneous Rock,Auger,NO,Southeast,0,0,0,0,0,0
34836,330.0,550.0,47.3,10.9,6.2,17.1,Seasonal Semideciduous Forest,Mata Atlantica,Metamorphic Rock,Auger,NO,Southeast,0,0,0,0,0,0
34837,450.0,460.0,21.7,13.8,6.3,20.1,Seasonal Semideciduous Forest,Mata Atlantica,Igneous Rock,Auger,NO,Southeast,0,0,0,0,0,0
34838,370.0,550.0,52.5,3.6,1.9,5.5,Seasonal Semideciduous Forest,Mata Atlantica,Metamorphic Rock,Auger,NO,Southeast,0,0,0,0,0,0
34839,420.0,480.0,44.8,3.5,1.2,4.7,Seasonal Semideciduous Forest,Mata Atlantica,Metamorphic Rock,Auger,NO,Southeast,0,0,0,0,0,0
34840,880.0,100.0,10.2,10.0,2.7,12.7,Seasonal Deciduous Forest,Cerrado,Sedimentary Rock,Auger,NO,Southeast,0,0,0,0,0,0
34841,180.0,290.0,25.6,4.6,7.9,12.5,Areas of Ecological Tension,Cerrado,Sedimentary Rock,Auger,NO,Southeast,0,0,0,0,0,0
34842,360.0,540.0,34.5,8.0,1.8,9.8,Seasonal Semideciduous Forest,Mata Atlantica,Metamorphic Rock,Auger,NO,Southeast,0,0,0,0,0,0
34843,760.0,180.0,12.8,3.4,1.0,4.4,Savannah,Cerrado,Sedimentary Rock,Auger,NO,Southeast,0,0,0,0,0,0
34844,280.0,460.0,60.1,31.5,11.3,42.8,Savannah,Cerrado,Metamorphic Rock,Auger,NO,Southeast,0,0,0,0,0,0
34845,220.0,670.0,94.7,3.1,1.2,4.3,Savannah,Cerrado,Igneous Rock,Auger,NO,Southeast,0,0,0,0,0,0
34846,470.0,270.0,47.3,6.5,3.0,9.5,Savannah,Cerrado,Igneous Rock,Auger,NO,Southeast,0,0,0,0,0,0
34847,340.0,610.0,44.8,3.3,1.0,4.3,Savannah,Cerrado,Sedimentary Rock,Auger,NO,Southeast,0,0,0,0,0,0
34848,100.0,660.0,58.9,5.4,1.7,7.1,Seasonal Semideciduous Forest,Mata Atlantica,Igneous Rock,Auger,NO,Southeast,0,0,0,0,0,0
34849,440.0,460.0,35.8,11.2,4.0,15.2,Areas of Ecological Tension,Mata Atlantica,Metamorphic Rock,Auger,NO,Southeast,0,0,0,0,0,0
34850,490.0,410.0,42.2,5.6,1.3,6.9,Dense Ombrophylous Forest,Mata Atlantica,Igneous Rock,Auger,NO,Southeast,0,0,0,0,0,0
34851,480.0,350.0,32.0,11.3,5.8,17.1,Areas of Ecological Tension,Mata Atlantica,Metamorphic Rock,Auger,NO,Southeast,0,0,0,0,0,0
34852,780.0,160.0,40.9,1.4,1.1,78.5,Dense Ombrophylous Forest,Amazonia,Sedimentary Rock,Auger,YES,North,0,0,0,0,0,0
34853,640.0,290.0,39.7,1.4,1.1,76.5,Dense Ombrophylous Forest,Amazonia,Sedimentary Rock,Auger,NO,North,0,0,0,0,0,0
34854,80.0,920.0,12.8,1.3,0.8,36.1,Dense Ombrophylous Forest,Amazonia,Sedimentary Rock,Auger,NO,North,0,0,0,0,0,0
34855,80.0,900.0,76.8,1.9,1.8,22.27,Dense Ombrophylous Forest,Amazonia,Sedimentary Rock,Auger,NO,North,0,0,0,0,0,0
34856,870.0,60.0,52.5,12.2,4.6,87.8,Dense Ombrophylous Forest,Amazonia,Sedimentary Rock,Auger,NO,North,0,0,0,0,0,0
34857,200.0,770.0,15.4,0.9,0.7,48.6,Dense Ombrophylous Forest,Amazonia,Sedimentary Rock,Auger,NO,North,0,0,0,0,0,0
34858,200.0,680.0,21.7,1.2,0.9,52.1,Dense Ombrophylous Forest,Amazonia,Igneous Rock,Auger,NO,North,0,0,0,0,0,0
34859,380.0,560.0,26.9,1.0,0.9,72.9,Dense Ombrophylous Forest,Amazonia,Igneous Rock,Auger,NO,North,0,0,0,0,0,0
34860,520.0,370.0,40.9,1.8,1.4,64.2,Dense Ombrophylous Forest,Amazonia,Igneous Rock,Auger,NO,North,0,0,0,0,0,0
34861,480.0,480.0,56.3,84.9,10.1,171.0,Dense Ombrophylous Forest,Amazonia,Sedimentary Rock,Auger,NO,North,0,0,0,0,0,0
34862,380.0,580.0,37.1,1.1,0.9,108.0,Dense Ombrophylous Forest,Amazonia,Sedimentary Rock,Auger,NO,North,0,0,0,0,0,0
34863,360.0,640.0,33.3,0.4,0.8,94.2,Desconhecido,Amazonia,Sedimentary Rock,Auger,NO,North,0,0,0,0,0,0
34864,760.0,200.0,48.6,12.3,4.1,92.4,Dense Ombrophylous Forest,Amazonia,Sedimentary Rock,Auger,NO,North,0,0,0,0,0,0
34865,190.0,780.0,28.1,1.2,1.0,76.2,Dense Ombrophylous Forest,Amazonia,Sedimentary Rock,Auger,YES,North,0,0,0,0,0,0
34866,820.0,120.0,48.6,1.2,1.1,94.3,Dense Ombrophylous Forest,Amazonia,Sedimentary Rock,Auger,NO,North,0,0,0,0,0,0
34867,400.0,550.0,32.0,2.1,1.3,90.4,Dense Ombrophylous Forest,Amazonia,Sedimentary Rock,Auger,NO,North,0,0,0,0,0,0
34868,550.0,10.0,24.3,72.9,28.5,180.4,Areas of Pioneering Formation,Amazonia,Sedimentary Rock,Auger,NO,North,0,0,0,0,0,0
34869,320.0,220.0,23.0,0.7,0.4,59.1,Open Ombrophylous Forest,Amazonia,Metamorphic Rock,Auger,NO,North,0,0,0,0,0,0
34870,510.0,30.0,51.2,0.4,0.3,90.7,Open Ombrophylous Forest,Amazonia,Metamorphic Rock,Auger,NO,North,0,0,0,0,0,0
34871,300.0,300.0,25.6,0.6,1.5,76.1,Open Ombrophylous Forest,Amazonia,Metamorphic Rock,Auger,NO,North,0,0,0,0,0,0
34872,410.0,60.0,29.4,3.2,6.1,99.3,Open Ombrophylous Forest,Amazonia,Sedimentary Rock,Auger,NO,North,0,0,0,0,0,0
34873,180.0,770.0,25.6,0.6,0.8,88.4,Dense Ombrophylous Forest,Amazonia,Igneous Rock,Auger,NO,North,0,0,0,0,0,0
34874,310.0,590.0,34.5,0.4,0.7,83.1,Dense Ombrophylous Forest,Amazonia,Metamorphic Rock,Auger,NO,North,0,0,0,0,0,0
34875,190.0,770.0,35.2,0.1,1.0,75.1,Areas of Ecological Tension,Amazonia,Sedimentary Rock,Auger,YES,North,0,0,0,0,0,0
34876,250.0,690.0,29.4,1.5,1.8,69.3,Dense Ombrophylous Forest,Amazonia,Igneous Rock,Auger,NO,North,0,0,0,0,0,0
34877,790.0,130.0,72.9,7.6,1.9,147.5,Dense Ombrophylous Forest,Amazonia,Igneous Rock,Auger,NO,North,0,0,0,0,0,0
34878,420.0,500.0,26.9,7.9,4.1,64.0,Dense Ombrophylous Forest,Amazonia,Igneous Rock,Auger,NO,North,0,0,0,0,0,0
34879,520.0,290.0,84.4,135.6,21.3,19.39,Dense Ombrophylous Forest,Amazonia,Igneous Rock,Auger,NO,North,0,0,0,0,0,0
34880,660.0,230.0,29.4,1.0,0.7,90.7,Dense Ombrophylous Forest,Amazonia,Igneous Rock,Auger,YES,North,0,0,0,0,0,0
34881,440.0,510.0,29.4,1.2,1.3,74.5,Dense Ombrophylous Forest,Amazonia,Sedimentary Rock,Auger,NO,North,0,0,0,0,0,0
34882,570.0,230.0,49.9,0.9,1.1,105.0,Open Ombrophylous Forest,Amazonia,Sedimentary Rock,Auger,NO,North,0,0,0,0,0,0
34883,450.0,170.0,52.5,0.9,1.8,147.7,Open Ombrophylous Forest,Amazonia,Sedimentary Rock,Auger,NO,North,0,0,0,0,0,0
34884,250.0,700.0,47.3,38.5,7.9,106.4,Open Ombrophylous Forest,Amazonia,Sedimentary Rock,Auger,NO,North,0,0,0,0,0,0
34885,670.0,250.0,62.7,1.5,1.1,121.6,Dense Ombrophylous Forest,Amazonia,Sedimentary Rock,Auger,NO,North,0,0,0,0,0,0
34886,910.0,50.0,71.6,1.1,1.0,139.1,Open Ombrophylous Forest,Amazonia,Sedimentary Rock,Auger,NO,North,0,0,0,0,0,0
34887,680.0,180.0,39.7,1.7,1.8,80.5,Dense Ombrophylous Forest,Amazonia,Sedimentary Rock,Auger,NO,North,0,0,0,0,0,0
34888,70.0,490.0,9.0,33.2,15.0,64.2,Open Ombrophylous Forest,Amazonia,Sedimentary Rock,Auger,NO,North,0,0,0,0,0,0
34889,290.0,20.0,16.6,12.8,13.5,103.3,Open Ombrophylous Forest,Amazonia,Sedimentary Rock,Auger,NO,North,0,0,0,0,0,0
34890,80.0,600.0,19.2,57.5,14.2,85.7,Desconhecido,Amazonia,Sedimentary Rock,Auger,NO,North,0,0,0,0,0,0
34891,220.0,100.0,33.3,1.1,2.3,92.4,Open Ombrophylous Forest,Amazonia,Igneous Rock,Auger,NO,North,0,0,0,0,0,0
34892,340.0,400.0,32.0,0.8,0.9,114.7,Open Ombrophylous Forest,Amazonia,Igneous Rock,Auger,NO,North,0,0,0,0,0,0
34893,250.0,190.0,38.4,0.7,1.8,82.5,Open Ombrophylous Forest,Amazonia,Igneous Rock,Auger,NO,North,0,0,0,0,0,0
34894,300.0,600.0,23.0,13.8,1.6,95.4,Open Ombrophylous Forest,Amazonia,Sedimentary Rock,Auger,NO,North,0,0,0,0,0,0
34895,590.0,60.0,25.6,81.1,10.3,20.94,Open Ombrophylous Forest,Amazonia,Sedimentary Rock,Auger,NO,North,0,0,0,0,0,0
34896,350.0,150.0,26.9,71.6,14.4,158.0,Open Ombrophylous Forest,Amazonia,Sedimentary Rock,Auger,NO,North,0,0,0,0,0,0
34897,500.0,90.0,32.0,17.4,6.4,182.8,Open Ombrophylous Forest,Amazonia,Sedimentary Rock,Auger,YES,North,0,0,0,0,0,0
34898,460.0,110.0,28.1,6.0,2.5,153.5,Open Ombrophylous Forest,Amazonia,Sedimentary Rock,Auger,NO,North,0,0,0,0,0,0
34899,290.0,230.0,21.7,48.0,7.6,111.6,Open Ombrophylous Forest,Amazonia,Sedimentary Rock,Auger,NO,North,0,0,0,0,0,0
34900,210.0,50.0,24.3,143.6,17.7,171.3,Desconhecido,Amazonia,Sedimentary Rock,Auger,NO,North,0,0,0,0,0,0
34901,350.0,20.0,35.5,181.3,46.3,24.56,Desconhecido,Amazonia,Sedimentary Rock,Auger,NO,North,0,0,0,0,0,0
34902,320.0,570.0,25.6,1.6,1.1,68.7,Areas of Ecological Tension,Amazonia,Igneous Rock,Auger,YES,North,0,0,0,0,0,0
34903,460.0,450.0,51.2,2.0,1.0,92.0,Desconhecido,Amazonia,Igneous Rock,Auger,NO,North,0,0,0,0,0,0
34904,50.0,860.0,69.7,12.1,7.5,109.6,Areas of Ecological Tension,Amazonia,Metamorphic Rock,Auger,YES,North,0,0,0,0,0,0
34905,390.0,590.0,41.8,1.2,0.7,62.9,Areas of Ecological Tension,Amazonia,Metamorphic Rock,Auger,NO,North,0,0,0,0,0,0
34906,180.0,760.0,29.1,1.1,0.6,75.7,Areas of Ecological Tension,Amazonia,Metamorphic Rock,Auger,YES,North,0,0,0,0,0,0
34907,140.0,820.0,22.8,1.8,1.0,68.8,Areas of Ecological Tension,Amazonia,Metamorphic Rock,Auger,NO,North,0,0,0,0,0,0
34908,260.0,630.0,25.3,1.3,0.6,59.9,Areas of Ecological Tension,Amazonia,Igneous Rock,Auger,NO,North,0,0,0,0,0,0
34909,540.0,390.0,34.2,1.4,0.6,65.0,Areas of Ecological Tension,Amazonia,Metamorphic Rock,Auger,NO,North,0,0,0,0,0,0
34910,360.0,580.0,34.2,1.5,0.6,79.1,Areas of Ecological Tension,Amazonia,Metamorphic Rock,Auger,NO,North,0,0,0,0,0,0
34911,20.0,950.0,17.7,1.5,0.7,44.2,Desconhecido,Amazonia,Metamorphic Rock,Auger,NO,North,0,0,0,0,0,0
34912,50.0,850.0,50.7,1.3,1.7,64.0,Areas of Ecological Tension,Amazonia,Metamorphic Rock,Auger,NO,North,0,0,0,0,0,0
34913,380.0,520.0,48.2,33.6,5.6,137.2,Areas of Ecological Tension,Amazonia,Igneous Rock,Auger,NO,North,0,0,0,0,0,0
34914,310.0,270.0,26.6,15.6,15.2,91.8,Desconhecido,Amazonia,Sedimentary Rock,Auger,YES,North,0,0,0,0,0,0
34915,370.0,20.0,49.4,15.9,18.0,120.9,Desconhecido,Amazonia,Sedimentary Rock,Auger,NO,North,0,0,0,0,0,0
34916,310.0,40.0,20.3,20.1,23.4,85.5,Desconhecido,Amazonia,Sedimentary Rock,Auger,NO,North,0,0,0,0,0,0
34917,260.0,600.0,20.3,0.9,1.3,60.2,Dense Ombrophylous Forest,Amazonia,Igneous Rock,Auger,NO,North,0,0,0,0,0,0
34918,220.0,610.0,20.3,1.2,1.2,58.4,Dense Ombrophylous Forest,Amazonia,Igneous Rock,Auger,NO,North,0,0,0,0,0,0
34919,790.0,130.0,7.01668,55.0,14.5,96.6,Desconhecido,Desconhecido,Desconhecido,Profile,NO,Northeast,0,0,0,0,0,0
34927,870.0,50.0,7.03392,37.5,9.0,76.5,Desconhecido,Desconhecido,Desconhecido,Profile,NO,Northeast,0,0,0,0,0,0
34935,940.0,30.0,6.48224,36.0,10.0,81.6,Desconhecido,Desconhecido,Desconhecido,Profile,NO,Northeast,0,0,0,0,0,0
34943,930.0,50.0,9.156356,20.0,7.5,46.8,Desconhecido,Desconhecido,Desconhecido,Profile,NO,Northeast,0,0,0,0,0,0
34951,601.0,240.0,57.17,13.0,5.2,44.1,Desconhecido,Desconhecido,Desconhecido,Auger,NO,Northeast,0,1,0,1,1,1
34955,668.0,240.0,54.13,13.0,5.2,44.1,Desconhecido,Desconhecido,Desconhecido,Auger,NO,Northeast,0,1,0,1,1,1
34959,635.0,240.0,60.72,13.0,5.2,44.1,Desconhecido,Desconhecido,Desconhecido,Auger,NO,Northeast,0,1,0,1,1,1
34963,651.0,240.0,61.29,13.0,5.2,44.1,Desconhecido,Desconhecido,Desconhecido,Auger,NO,Northeast,0,1,0,1,1,1
34967,643.0,240.0,50.82,13.0,5.2,44.1,Desconhecido,Desconhecido,Desconhecido,Auger,NO,Northeast,0,1,0,1,1,1
34971,647.0,240.0,63.81,13.0,5.2,44.1,Desconhecido,Desconhecido,Desconhecido,Auger,NO,Northeast,0,1,0,1,1,1
34975,52.0,240.0,106.65,13.0,5.2,44.1,Desconhecido,Desconhecido,Desconhecido,Auger,NO,Northeast,0,1,0,1,1,1
34979,67.0,240.0,76.94,13.0,5.2,44.1,Desconhecido,Desconhecido,Desconhecido,Auger,NO,Northeast,0,1,0,1,1,1
34983,60.0,240.0,83.05,13.0,5.2,44.1,Desconhecido,Desconhecido,Desconhecido,Auger,NO,Northeast,0,1,0,1,1,1
34987,63.0,240.0,93.3,13.0,5.2,44.1,Desconhecido,Desconhecido,Desconhecido,Auger,NO,Northeast,0,1,0,1,1,1
34991,61.0,240.0,101.29,13.0,5.2,44.1,Desconhecido,Desconhecido,Desconhecido,Auger,NO,Northeast,0,1,0,1,1,1
34995,62.0,240.0,97.99,13.0,5.2,44.1,Desconhecido,Desconhecido,Desconhecido,Auger,NO,Northeast,0,1,0,1,1,1
34999,564.0,240.0,62.91,13.0,5.2,44.1,Desconhecido,Desconhecido,Desconhecido,Auger,NO,Northeast,0,1,0,1,1,1
35003,513.0,240.0,53.22,13.0,5.2,44.1,Desconhecido,Desconhecido,Desconhecido,Auger,NO,Northeast,0,1,0,1,1,1
35007,539.0,240.0,64.74,13.0,5.2,44.1,Desconhecido,Desconhecido,Desconhecido,Auger,NO,Northeast,0,1,0,1,1,1
35011,526.0,240.0,82.39,13.0,5.2,44.1,Desconhecido,Desconhecido,Desconhecido,Auger,NO,Northeast,0,1,0,1,1,1
35015,532.0,240.0,64.01,13.0,5.2,44.1,Desconhecido,Desconhecido,Desconhecido,Auger,NO,Northeast,0,1,0,1,1,1
35019,529.0,240.0,50.2,13.0,5.2,44.1,Desconhecido,Desconhecido,Desconhecido,Auger,NO,Northeast,0,1,0,1,1,1
35023,690.0,285.0,17.0,16.3,6.1,57.4,Desconhecido,Desconhecido,Desconhecido,Auger,NO,Midwest,0,0,1,0,0,0
35024,760.0,165.0,17.0,9.3,4.9,47.2,Desconhecido,Desconhecido,Desconhecido,Auger,NO,Midwest,0,0,1,0,0,0
35025,610.0,340.0,17.0,24.8,10.0,81.8,Desconhecido,Desconhecido,Desconhecido,Auger,NO,Midwest,0,0,1,0,0,0
35026,385.0,540.0,17.0,16.1,4.5,80.6,Desconhecido,Desconhecido,Desconhecido,Auger,NO,Midwest,0,0,1,0,0,0
35027,435.0,490.0,17.0,16.9,4.3,73.2,Desconhecido,Desconhecido,Desconhecido,Auger,NO,Midwest,0,0,1,0,0,0
35028,760.0,165.0,17.0,11.3,1.7,40.0,Desconhecido,Desconhecido,Desconhecido,Auger,NO,Midwest,0,0,1,0,0,0
35029,260.0,540.0,17.0,25.7,5.8,85.5,Desconhecido,Desconhecido,Desconhecido,Auger,NO,Midwest,0,0,1,0,0,0
35030,637.0,240.0,17.0,34.0,22.1,79.1,Desconhecido,Desconhecido,Desconhecido,Auger,NO,Midwest,1,1,1,0,0,0
35031,685.0,240.0,17.0,25.1,6.9,72.0,Desconhecido,Desconhecido,Desconhecido,Auger,NO,Midwest,0,0,1,0,0,0
35032,510.0,415.0,17.0,18.0,7.5,55.5,Desconhecido,Desconhecido,Desconhecido,Auger,NO,Midwest,0,0,1,0,0,0
35033,485.0,440.0,17.0,20.9,9.4,58.3,Desconhecido,Desconhecido,Desconhecido,Auger,NO,Midwest,0,0,1,0,0,0
35034,560.0,315.0,17.0,25.6,14.2,89.8,Desconhecido,Desconhecido,Desconhecido,Auger,NO,Midwest,0,0,1,0,0,0
35035,360.0,515.0,17.0,20.2,6.0,91.2,Desconhecido,Desconhecido,Desconhecido,Auger,NO,Midwest,0,0,1,0,0,0
35036,805.0,145.0,17.0,3.1,3.4,47.5,Desconhecido,Desconhecido,Desconhecido,Auger,NO,Midwest,0,0,1,0,0,0
35037,380.0,520.0,17.0,20.7,5.6,79.3,Desconhecido,Desconhecido,Desconhecido,Auger,NO,Midwest,0,0,1,0,0,0
35038,330.0,570.0,17.0,17.0,3.3,78.3,Desconhecido,Desconhecido,Desconhecido,Auger,NO,Midwest,0,0,1,0,0,0
35039,305.0,595.0,17.0,24.3,9.3,85.6,Desconhecido,Desconhecido,Desconhecido,Auger,NO,Midwest,0,0,1,0,0,0
35040,355.0,570.0,17.0,46.7,12.1,99.8,Desconhecido,Desconhecido,Desconhecido,Auger,NO,Midwest,0,0,1,0,0,0
35041,305.0,570.0,17.0,17.6,7.7,80.3,Desconhecido,Desconhecido,Desconhecido,Auger,NO,Midwest,0,0,1,0,0,0
35042,380.0,545.0,17.0,25.3,13.5,82.8,Desconhecido,Desconhecido,Desconhecido,Auger,NO,Midwest,0,0,1,0,0,0
35043,330.0,545.0,17.0,30.9,7.8,86.7,Desconhecido,Desconhecido,Desconhecido,Auger,NO,Midwest,0,0,1,0,0,0
35044,670.0,255.0,17.0,29.9,13.3,95.2,Desconhecido,Desconhecido,Desconhecido,Auger,NO,Midwest,0,0,1,0,0,0
35045,795.0,155.0,17.0,15.6,4.2,58.8,Desconhecido,Desconhecido,Desconhecido,Auger,NO,Midwest,0,0,1,0,0,0
35046,520.0,380.0,17.0,12.3,4.0,54.3,Desconhecido,Desconhecido,Desconhecido,Auger,NO,Midwest,0,0,1,0,0,0
35047,495.0,430.0,17.0,25.5,18.9,89.4,Desconhecido,Desconhecido,Desconhecido,Auger,NO,Midwest,0,0,1,0,0,0
35048,270.0,630.0,17.0,24.3,11.1,95.4,Desconhecido,Desconhecido,Desconhecido,Auger,NO,Midwest,0,0,1,0,0,0
35049,320.0,580.0,17.0,24.0,8.7,101.7,Desconhecido,Desconhecido,Desconhecido,Auger,NO,Midwest,0,0,1,0,0,0
35050,690.0,210.0,17.0,4.2,2.9,76.1,Desconhecido,Desconhecido,Desconhecido,Auger,NO,Midwest,0,0,1,0,0,0
35051,470.0,430.0,17.0,32.1,12.3,73.4,Desconhecido,Desconhecido,Desconhecido,Auger,NO,Midwest,0,0,1,0,0,0
35052,285.0,590.0,17.0,23.7,10.1,78.8,Desconhecido,Desconhecido,Desconhecido,Auger,NO,Midwest,0,0,1,0,0,0
35053,645.0,305.0,17.0,14.8,3.0,58.8,Desconhecido,Desconhecido,Desconhecido,Auger,NO,Midwest,0,0,1,0,0,0
35054,345.0,580.0,17.0,37.8,8.2,91.0,Desconhecido,Desconhecido,Desconhecido,Auger,NO,Midwest,0,0,1,0,0,0
35055,770.0,205.0,17.0,29.6,9.3,62.9,Desconhecido,Desconhecido,Desconhecido,Auger,NO,Midwest,0,0,1,0,0,0
35056,745.0,230.0,17.0,11.9,4.9,42.8,Desconhecido,Desconhecido,Desconhecido,Auger,NO,Midwest,0,0,1,0,0,0
35057,570.0,305.0,17.0,13.8,7.3,60.1,Desconhecido,Desconhecido,Desconhecido,Auger,NO,Midwest,0,0,1,0,0,0
35058,620.0,330.0,17.0,31.4,11.0,73.4,Desconhecido,Desconhecido,Desconhecido,Auger,NO,Midwest,0,0,1,0,0,0
35059,520.0,405.0,17.0,30.0,9.7,90.7,Desconhecido,Desconhecido,Desconhecido,Auger,NO,Midwest,0,0,1,0,0,0
35060,445.0,430.0,17.0,5.7,3.1,47.8,Desconhecido,Desconhecido,Desconhecido,Auger,NO,Midwest,0,0,1,0,0,0
35061,320.0,580.0,17.0,33.1,12.5,97.6,Desconhecido,Desconhecido,Desconhecido,Auger,NO,Midwest,0,0,1,0,0,0
35062,445.0,455.0,17.0,11.1,6.1,75.2,Desconhecido,Desconhecido,Desconhecido,Auger,NO,Midwest,0,0,1,0,0,0
35063,470.0,455.0,17.0,51.7,13.9,65.6,Desconhecido,Desconhecido,Desconhecido,Auger,NO,Midwest,0,0,1,0,0,0
35064,445.0,455.0,17.0,42.7,10.3,53.0,Desconhecido,Desconhecido,Desconhecido,Auger,NO,Midwest,0,0,1,0,0,0
35065,720.0,230.0,17.0,36.5,17.6,54.1,Desconhecido,Desconhecido,Desconhecido,Auger,NO,Midwest,0,0,1,0,0,0
35066,420.0,430.0,17.0,38.4,10.3,48.7,Desconhecido,Desconhecido,Desconhecido,Auger,NO,Midwest,0,0,1,0,0,0
35067,420.0,455.0,17.0,25.5,17.0,42.5,Desconhecido,Desconhecido,Desconhecido,Auger,NO,Midwest,0,0,1,0,0,0
35068,195.0,630.0,17.0,22.2,7.0,29.2,Desconhecido,Desconhecido,Desconhecido,Auger,NO,Midwest,0,0,1,0,0,0
35069,375.0,450.0,17.0,6.7,3.8,10.5,Desconhecido,Desconhecido,Desconhecido,Auger,NO,Midwest,0,0,1,0,0,0
35070,650.0,200.0,17.0,20.8,12.0,32.8,Desconhecido,Desconhecido,Desconhecido,Auger,NO,Midwest,0,0,1,0,0,0
35071,575.0,300.0,17.0,5.5,4.1,9.6,Desconhecido,Desconhecido,Desconhecido,Auger,NO,Midwest,0,0,1,0,0,0
35072,625.0,250.0,17.0,27.0,15.7,42.7,Desconhecido,Desconhecido,Desconhecido,Auger,NO,Midwest,0,0,1,0,0,0
35073,425.0,450.0,17.0,10.6,4.5,15.1,Desconhecido,Desconhecido,Desconhecido,Auger,NO,Midwest,0,0,1,0,0,0
35074,400.0,475.0,17.0,4.9,2.2,7.1,Desconhecido,Desconhecido,Desconhecido,Auger,NO,Midwest,0,0,1,0,0,0
35075,150.0,725.0,17.0,28.1,6.8,34.9,Desconhecido,Desconhecido,Desconhecido,Auger,NO,Midwest,0,0,1,0,0,0
35076,325.0,475.0,17.0,58.3,13.0,71.3,Desconhecido,Desconhecido,Desconhecido,Auger,NO,Midwest,0,0,1,0,0,0
35077,825.0,150.0,17.0,14.9,7.6,22.5,Desconhecido,Desconhecido,Desconhecido,Auger,NO,Midwest,0,0,1,0,0,0
35078,300.0,650.0,17.0,36.3,7.7,44.0,Desconhecido,Desconhecido,Desconhecido,Auger,NO,Midwest,0,0,1,0,0,0
35079,400.0,550.0,17.0,32.9,8.3,41.2,Desconhecido,Desconhecido,Desconhecido,Auger,NO,Midwest,0,0,1,0,0,0
35080,700.0,250.0,17.0,25.4,5.7,31.1,Desconhecido,Desconhecido,Desconhecido,Auger,NO,Midwest,0,0,1,0,0,0
35081,825.0,150.0,17.0,6.4,4.1,10.5,Desconhecido,Desconhecido,Desconhecido,Auger,NO,Midwest,0,0,1,0,0,0
35082,400.0,575.0,17.0,23.3,6.3,29.6,Desconhecido,Desconhecido,Desconhecido,Auger,NO,Midwest,0,0,1,0,0,0
35083,800.0,125.0,17.0,12.5,6.3,18.8,Desconhecido,Desconhecido,Desconhecido,Auger,NO,Midwest,0,0,1,0,0,0
35084,200.0,625.0,17.0,30.2,16.3,46.5,Desconhecido,Desconhecido,Desconhecido,Auger,NO,Midwest,0,0,1,0,0,0
35085,350.0,525.0,17.0,37.7,10.4,48.1,Desconhecido,Desconhecido,Desconhecido,Auger,NO,Midwest,0,0,1,0,0,0
35086,450.0,475.0,17.0,38.6,14.8,53.4,Desconhecido,Desconhecido,Desconhecido,Auger,NO,Midwest,0,0,1,0,0,0
35087,435.0,440.0,17.0,38.8,7.7,46.5,Desconhecido,Desconhecido,Desconhecido,Auger,NO,Midwest,0,0,1,0,0,0
35088,735.0,190.0,17.0,9.3,3.7,13.0,Desconhecido,Desconhecido,Desconhecido,Auger,NO,Midwest,0,0,1,0,0,0
35089,260.0,565.0,17.0,30.0,9.7,39.7,Desconhecido,Desconhecido,Desconhecido,Auger,NO,Midwest,0,0,1,0,0,0
35090,585.0,290.0,17.0,1.6,1.3,2.9,Desconhecido,Desconhecido,Desconhecido,Auger,NO,Midwest,0,0,1,0,0,0
35091,410.0,515.0,17.0,40.9,18.5,59.4,Desconhecido,Desconhecido,Desconhecido,Auger,NO,Midwest,0,0,1,0,0,0
35092,335.0,490.0,17.0,29.2,15.2,44.4,Desconhecido,Desconhecido,Desconhecido,Auger,NO,Midwest,0,0,1,0,0,0
35093,560.0,315.0,17.0,31.8,17.3,49.1,Desconhecido,Desconhecido,Desconhecido,Auger,NO,Midwest,0,0,1,0,0,0
35094,560.0,365.0,17.0,30.7,16.7,47.4,Desconhecido,Desconhecido,Desconhecido,Auger,NO,Midwest,0,0,1,0,0,0
35095,385.0,515.0,17.0,42.5,11.1,53.6,Desconhecido,Desconhecido,Desconhecido,Auger,NO,Midwest,0,0,1,0,0,0
35096,110.0,615.0,17.0,35.4,10.6,46.0,Desconhecido,Desconhecido,Desconhecido,Auger,NO,Midwest,0,0,1,0,0,0
35097,185.0,565.0,17.0,41.0,16.1,57.1,Desconhecido,Desconhecido,Desconhecido,Auger,NO,Midwest,0,0,1,0,0,0
35098,185.0,565.0,17.0,27.4,7.9,35.3,Desconhecido,Desconhecido,Desconhecido,Auger,NO,Midwest,0,0,1,0,0,0
35099,685.0,190.0,17.0,1.6,0.9,2.5,Desconhecido,Desconhecido,Desconhecido,Auger,NO,Midwest,0,0,1,0,0,0
35100,735.0,165.0,17.0,12.4,7.0,19.4,Desconhecido,Desconhecido,Desconhecido,Auger,NO,Midwest,0,0,1,0,0,0
35101,310.0,540.0,17.0,121.4,32.8,154.2,Desconhecido,Desconhecido,Desconhecido,Auger,NO,Midwest,0,0,1,0,0,0
35102,660.0,190.0,17.0,4.4,3.8,8.2,Desconhecido,Desconhecido,Desconhecido,Auger,NO,Midwest,0,0,1,0,0,0
35103,760.0,215.0,17.0,16.6,4.7,21.3,Desconhecido,Desconhecido,Desconhecido,Auger,NO,Midwest,0,0,1,0,0,0
35104,415.0,535.0,17.0,24.7,8.7,33.4,Desconhecido,Desconhecido,Desconhecido,Auger,NO,Midwest,0,0,1,0,0,0
35105,637.0,240.0,10.0,20.8,31.0,54.87,Desconhecido,Desconhecido,Desconhecido,Auger,NO,Northeast,1,1,0,0,0,0
35106,637.0,240.0,10.0,13.0,21.5,39.13,Desconhecido,Desconhecido,Desconhecido,Auger,NO,Northeast,1,1,0,0,0,0
35107,637.0,240.0,13.4,31.6,28.6,66.37,Desconhecido,Desconhecido,Desconhecido,Auger,NO,Northeast,1,1,0,0,0,0
35108,637.0,240.0,18.1,57.8,33.2,100.31,Desconhecido,Desconhecido,Desconhecido,Auger,NO,Northeast,1,1,0,0,0,0
35109,637.0,240.0,12.8,35.7,23.2,63.82,Desconhecido,Desconhecido,Desconhecido,Auger,NO,Northeast,1,1,0,0,0,0
35110,637.0,240.0,18.9,64.4,40.6,111.98,Desconhecido,Desconhecido,Desconhecido,Auger,NO,Northeast,1,1,0,0,0,0
35111,637.0,240.0,24.0,83.4,52.6,144.25,Desconhecido,Desconhecido,Desconhecido,Auger,NO,Northeast,1,1,0,0,0,0
35112,637.0,240.0,17.4,19.0,34.8,60.81,Desconhecido,Desconhecido,Desconhecido,Auger,NO,Northeast,1,1,0,0,0,0
35113,637.0,240.0,19.6,21.9,32.1,61.75,Desconhecido,Desconhecido,Desconhecido,Auger,NO,Northeast,1,1,0,0,0,0
35114,637.0,240.0,29.0,82.6,50.4,139.51,Desconhecido,Desconhecido,Desconhecido,Auger,NO,Northeast,1,1,0,0,0,0
35115,637.0,240.0,26.0,48.9,41.2,94.87,Desconhecido,Desconhecido,Desconhecido,Auger,NO,Northeast,1,1,0,0,0,0
35116,637.0,240.0,23.1,58.6,2.9,66.53,Desconhecido,Desconhecido,Desconhecido,Auger,NO,Northeast,1,1,0,0,0,0
35117,637.0,240.0,11.5,15.4,26.0,45.79,Desconhecido,Desconhecido,Desconhecido,Auger,NO,Northeast,1,1,0,0,0,0
35118,637.0,240.0,17.2,51.6,47.9,107.02,Desconhecido,Desconhecido,Desconhecido,Auger,NO,Northeast,1,1,0,0,0,0
35119,637.0,240.0,15.6,20.1,32.4,60.81,Desconhecido,Desconhecido,Desconhecido,Auger,NO,Northeast,1,1,0,0,0,0
35120,637.0,240.0,21.0,22.0,27.8,60.58,Desconhecido,Desconhecido,Desconhecido,Auger,NO,Northeast,1,1,0,0,0,0
35121,637.0,240.0,16.5,36.0,23.6,85.56,Desconhecido,Desconhecido,Desconhecido,Auger,NO,Northeast,1,1,0,0,0,0
35122,637.0,240.0,13.7,30.8,20.7,59.08,Desconhecido,Desconhecido,Desconhecido,Auger,NO,Northeast,1,1,0,0,0,0
35123,637.0,240.0,14.2,20.5,17.2,48.97,Desconhecido,Desconhecido,Desconhecido,Auger,NO,Northeast,1,1,0,0,0,0
35124,637.0,240.0,10.3,21.9,13.7,40.71,Desconhecido,Desconhecido,Desconhecido,Auger,NO,Northeast,1,1,0,0,0,0
35125,637.0,240.0,8.3,15.1,8.1,28.48,Desconhecido,Desconhecido,Desconhecido,Auger,NO,Northeast,1,1,0,0,0,0
35126,637.0,240.0,14.1,60.0,27.6,95.31,Desconhecido,Desconhecido,Desconhecido,Auger,NO,Northeast,1,1,0,0,0,0
35127,637.0,240.0,10.1,22.5,16.5,45.33,Desconhecido,Desconhecido,Desconhecido,Auger,NO,Northeast,1,1,0,0,0,0
35128,637.0,240.0,25.7,55.8,48.2,113.51,Desconhecido,Desconhecido,Desconhecido,Auger,NO,Northeast,1,1,0,0,0,0
35129,637.0,240.0,10.7,30.2,5.8,40.16,Desconhecido,Desconhecido,Desconhecido,Auger,NO,Northeast,1,1,0,0,0,0
35130,637.0,240.0,11.5,26.6,20.2,54.55,Desconhecido,Desconhecido,Desconhecido,Auger,NO,Northeast,1,1,0,0,0,0
35131,637.0,240.0,11.6,23.1,18.3,46.49,Desconhecido,Desconhecido,Desconhecido,Auger,NO,Northeast,1,1,0,0,0,0
35132,637.0,240.0,9.3,25.3,14.8,46.63,Desconhecido,Desconhecido,Desconhecido,Auger,NO,Northeast,1,1,0,0,0,0
35133,637.0,240.0,11.9,24.4,9.3,36.92,Desconhecido,Desconhecido,Desconhecido,Auger,NO,Northeast,1,1,0,0,0,0
35134,637.0,240.0,12.1,31.2,18.7,54.56,Desconhecido,Desconhecido,Desconhecido,Auger,NO,Northeast,1,1,0,0,0,0
35135,637.0,240.0,13.7,31.6,20.2,19.1,Desconhecido,Desconhecido,Desconhecido,Auger,NO,Northeast,1,1,0,0,0,0
35136,637.0,240.0,13.0,44.3,12.6,183.42,Desconhecido,Desconhecido,Desconhecido,Auger,NO,Northeast,1,1,0,0,0,0
35137,637.0,240.0,8.0,19.5,8.5,97.7,Desconhecido,Desconhecido,Desconhecido,Auger,NO,Northeast,1,1,0,0,0,0
35138,637.0,240.0,10.0,23.8,14.1,109.63,Desconhecido,Desconhecido,Desconhecido,Auger,NO,Northeast,1,1,0,0,0,0
35139,637.0,240.0,12.0,22.8,15.1,35.722,Desconhecido,Desconhecido,Desconhecido,Auger,NO,Northeast,1,1,0,0,0,0
35140,637.0,240.0,11.0,34.1,6.9,142.63,Desconhecido,Desconhecido,Desconhecido,Auger,NO,Northeast,1,1,0,0,0,0
35141,637.0,240.0,10.0,10.5,9.8,110.5,Desconhecido,Desconhecido,Desconhecido,Auger,NO,Northeast,1,1,0,0,0,0
35142,637.0,240.0,9.0,27.2,4.4,23.39,Desconhecido,Desconhecido,Desconhecido,Auger,NO,Northeast,1,1,0,0,0,0
35143,637.0,240.0,3.3333333,8.4,6.7,90.22,Desconhecido,Desconhecido,Desconhecido,Auger,NO,Northeast,1,1,0,0,0,0
35144,637.0,240.0,17.0,46.6,20.4,25.762,Desconhecido,Desconhecido,Desconhecido,Auger,NO,Northeast,1,1,0,0,0,0
35145,637.0,240.0,6.6666665,1.3,5.1,87.2,Desconhecido,Desconhecido,Desconhecido,Auger,NO,Northeast,1,1,0,0,0,0
35146,637.0,240.0,3.3333333,13.3,5.5,137.08,Desconhecido,Desconhecido,Desconhecido,Auger,NO,Northeast,1,1,0,0,0,0
35147,637.0,240.0,6.6666665,20.2,4.7,79.08,Desconhecido,Desconhecido,Desconhecido,Auger,NO,Northeast,1,1,0,0,0,0
35148,637.0,240.0,8.888889,13.5,5.2,82.84,Desconhecido,Desconhecido,Desconhecido,Auger,NO,Northeast,1,1,0,0,0,0
35149,637.0,240.0,6.0,23.6,5.2,117.8,Desconhecido,Desconhecido,Desconhecido,Auger,NO,Northeast,1,1,0,0,0,0
35150,637.0,240.0,6.0,25.5,9.1,115.92,Desconhecido,Desconhecido,Desconhecido,Auger,NO,Northeast,1,1,0,0,0,0
35151,637.0,240.0,11.0,37.3,5.8,110.35,Desconhecido,Desconhecido,Desconhecido,Auger,NO,Northeast,1,1,0,0,0,0
35152,637.0,240.0,9.0,26.8,3.9,104.79,Desconhecido,Desconhecido,Desconhecido,Auger,NO,Northeast,1,1,0,0,0,0
35153,637.0,240.0,6.0,23.9,2.4,93.43,Desconhecido,Desconhecido,Desconhecido,Auger,NO,Northeast,1,1,0,0,0,0
35154,637.0,240.0,20.0,168.73334,144.1,63.884,Desconhecido,Desconhecido,Desconhecido,Auger,NO,Northeast,1,1,0,0,0,0
35155,637.0,240.0,24.0,178.5,80.5,48.85,Desconhecido,Desconhecido,Desconhecido,Auger,YES,Northeast,1,1,0,0,0,0
35156,637.0,240.0,18.0,245.2,169.8,46.054,Desconhecido,Desconhecido,Desconhecido,Auger,NO,Northeast,1,1,0,0,0,0
35157,637.0,240.0,24.0,203.6,4.5,42.643,Desconhecido,Desconhecido,Desconhecido,Auger,NO,Northeast,1,1,0,0,0,0
35158,637.0,240.0,20.0,129.1,53.8,22.336,Desconhecido,Desconhecido,Desconhecido,Auger,NO,Northeast,1,1,0,0,0,0
35159,637.0,240.0,26.0,105.3,45.3,189.71,Desconhecido,Desconhecido,Desconhecido,Auger,NO,Northeast,1,1,0,0,0,0
35160,637.0,240.0,16.0,96.6,42.5,185.53,Desconhecido,Desconhecido,Desconhecido,Auger,NO,Northeast,1,1,0,0,0,0
35161,637.0,240.0,22.0,199.4,186.2,43.369,Desconhecido,Desconhecido,Desconhecido,Auger,NO,Northeast,1,1,0,0,0,0
35162,637.0,240.0,25.0,246.7,110.5,40.278,Desconhecido,Desconhecido,Desconhecido,Auger,NO,Northeast,1,1,0,0,0,0
35163,637.0,240.0,15.0,245.53334,94.9,50.097,Desconhecido,Desconhecido,Desconhecido,Auger,NO,Northeast,1,1,0,0,0,0
35164,637.0,240.0,17.0,206.73334,105.9,47.981,Desconhecido,Desconhecido,Desconhecido,Auger,NO,Northeast,1,1,0,0,0,0
35165,637.0,240.0,16.0,192.0,10.5,34.054,Desconhecido,Desconhecido,Desconhecido,Auger,YES,Northeast,1,1,0,0,0,0
35166,637.0,240.0,20.0,118.5,62.0,24.333,Desconhecido,Desconhecido,Desconhecido,Auger,YES,Northeast,1,1,0,0,0,0
35167,637.0,240.0,24.0,175.93333,104.6,40.502,Desconhecido,Desconhecido,Desconhecido,Auger,NO,Northeast,1,1,0,0,0,0
35168,637.0,240.0,17.0,165.9,6.0,20.198,Desconhecido,Desconhecido,Desconhecido,Auger,NO,Northeast,1,1,0,0,0,0
35169,637.0,240.0,20.0,148.8,53.9,23.88,Desconhecido,Desconhecido,Desconhecido,Auger,NO,Northeast,1,1,0,0,0,0
35170,637.0,240.0,10.5,34.3,10.1,82.0,Desconhecido,Desconhecido,Desconhecido,Auger,NO,Northeast,1,1,0,0,0,0
35171,637.0,240.0,8.1,40.5,15.5,108.81,Desconhecido,Desconhecido,Desconhecido,Auger,NO,Northeast,1,1,0,0,0,0
35172,637.0,240.0,13.8,24.8,9.4,78.83,Desconhecido,Desconhecido,Desconhecido,Auger,NO,Northeast,1,1,0,0,0,0
35173,637.0,240.0,13.8,20.4,9.7,76.18,Desconhecido,Desconhecido,Desconhecido,Auger,YES,Northeast,1,1,0,0,0,0
35174,637.0,240.0,11.7,20.0,7.6,74.91,Desconhecido,Desconhecido,Desconhecido,Auger,NO,Northeast,1,1,0,0,0,0
35175,637.0,240.0,9.9,46.7,20.9,126.29,Desconhecido,Desconhecido,Desconhecido,Auger,NO,Northeast,1,1,0,0,0,0
35176,637.0,240.0,9.4,37.6,19.8,149.8,Desconhecido,Desconhecido,Desconhecido,Auger,NO,Northeast,1,1,0,0,0,0
35177,637.0,240.0,26.4,24.8,11.1,64.57,Desconhecido,Desconhecido,Desconhecido,Auger,YES,Northeast,1,1,0,0,0,0
35178,637.0,240.0,12.8,31.1,13.6,129.48,Desconhecido,Desconhecido,Desconhecido,Auger,NO,Northeast,1,1,0,0,0,0
35179,637.0,240.0,15.9,41.8,21.1,150.19,Desconhecido,Desconhecido,Desconhecido,Auger,NO,Northeast,1,1,0,0,0,0
35180,637.0,240.0,11.5,22.6,2.3,137.31,Desconhecido,Desconhecido,Desconhecido,Auger,NO,Northeast,1,1,0,0,0,0
35181,637.0,240.0,16.9,45.2,13.2,83.2,Desconhecido,Desconhecido,Desconhecido,Auger,YES,Northeast,1,1,0,0,0,0
35182,637.0,240.0,9.9,20.5,9.7,127.31,Desconhecido,Desconhecido,Desconhecido,Auger,NO,Northeast,1,1,0,0,0,0
35183,637.0,240.0,10.9,12.2,4.7,77.9,Desconhecido,Desconhecido,Desconhecido,Auger,NO,Northeast,1,1,0,0,0,0
35184,637.0,240.0,11.7,27.1,12.1,108.55,Desconhecido,Desconhecido,Desconhecido,Auger,NO,Northeast,1,1,0,0,0,0
35185,637.0,240.0,11.8,8.1,4.3,62.32,Desconhecido,Desconhecido,Desconhecido,Auger,NO,Northeast,1,1,0,0,0,0
35186,637.0,240.0,13.1,29.1,8.5,85.81,Desconhecido,Desconhecido,Desconhecido,Auger,NO,Northeast,1,1,0,0,0,0
35187,637.0,240.0,14.4,25.7,5.2,70.77,Desconhecido,Desconhecido,Desconhecido,Auger,NO,Northeast,1,1,0,0,0,0
35188,637.0,240.0,17.6,25.5,8.2,77.06,Desconhecido,Desconhecido,Desconhecido,Auger,YES,Northeast,1,1,0,0,0,0
35189,637.0,240.0,20.4,26.1,8.5,109.07,Desconhecido,Desconhecido,Desconhecido,Auger,NO,Northeast,1,1,0,0,0,0
35190,637.0,240.0,15.7,37.8,12.6,128.92,Desconhecido,Desconhecido,Desconhecido,Auger,NO,Northeast,1,1,0,0,0,0
35191,637.0,240.0,18.2,36.2,8.2,100.88,Desconhecido,Desconhecido,Desconhecido,Auger,NO,Northeast,1,1,0,0,0,0
35192,637.0,240.0,14.3,32.9,9.9,77.46,Desconhecido,Desconhecido,Desconhecido,Auger,NO,Northeast,1,1,0,0,0,0
35193,637.0,240.0,15.4,35.0,9.4,99.38,Desconhecido,Desconhecido,Desconhecido,Auger,NO,Northeast,1,1,0,0,0,0
35194,637.0,240.0,14.2,20.5,5.0,85.55,Desconhecido,Desconhecido,Desconhecido,Auger,YES,Northeast,1,1,0,0,0,0
35195,637.0,240.0,15.0,16.8,5.8,61.45,Desconhecido,Desconhecido,Desconhecido,Auger,NO,Northeast,1,1,0,0,0,0
35196,637.0,240.0,12.0,24.1,9.7,78.9,Desconhecido,Desconhecido,Desconhecido,Auger,NO,Northeast,1,1,0,0,0,0
35197,637.0,240.0,14.0,14.9,7.5,33.99,Desconhecido,Desconhecido,Desconhecido,Auger,NO,Northeast,1,1,0,0,0,0
35198,637.0,240.0,15.0,14.6,9.8,126.88,Desconhecido,Desconhecido,Desconhecido,Auger,NO,Northeast,1,1,0,0,0,0
35199,637.0,240.0,10.0,23.5,12.4,120.41,Desconhecido,Desconhecido,Desconhecido,Auger,NO,Northeast,1,1,0,0,0,0
35200,140.0,760.0,17.0,13.0,5.2,44.1,Desconhecido,Desconhecido,Desconhecido,Auger,NO,South,0,0,1,1,1,1
35201,770.0,220.0,17.0,13.0,5.2,44.1,Desconhecido,Desconhecido,Desconhecido,Auger,NO,South,0,0,1,1,1,1
35202,730.0,220.0,17.0,13.0,5.2,44.1,Desconhecido,Desconhecido,Desconhecido,Auger,NO,South,0,0,1,1,1,1
35203,750.0,200.0,17.0,13.0,5.2,44.1,Desconhecido,Desconhecido,Desconhecido,Auger,NO,South,0,0,1,1,1,1
35204,480.0,440.0,17.0,13.0,5.2,44.1,Desconhecido,Desconhecido,Desconhecido,Auger,NO,South,0,0,1,1,1,1
35205,640.0,350.0,17.0,13.0,5.2,44.1,Desconhecido,Desconhecido,Desconhecido,Auger,NO,South,0,0,1,1,1,1
35206,880.0,30.0,17.0,13.0,5.2,44.1,Desconhecido,Desconhecido,Desconhecido,Auger,NO,South,0,0,1,1,1,1
35207,770.0,200.0,17.0,13.0,5.2,44.1,Desconhecido,Desconhecido,Desconhecido,Auger,NO,South,0,0,1,1,1,1
35208,680.0,300.0,17.0,13.0,5.2,44.1,Desconhecido,Desconhecido,Desconhecido,Auger,NO,South,0,0,1,1,1,1
35209,680.0,300.0,17.0,13.0,5.2,44.1,Desconhecido,Desconhecido,Desconhecido,Auger,NO,South,0,0,1,1,1,1
35210,800.0,180.0,17.0,13.0,5.2,44.1,Desconhecido,Desconhecido,Desconhecido,Auger,NO,South,0,0,1,1,1,1
35211,760.0,220.0,17.0,13.0,5.2,44.1,Desconhecido,Desconhecido,Desconhecido,Auger,NO,South,0,0,1,1,1,1
35212,840.0,140.0,17.0,13.0,5.2,44.1,Desconhecido,Desconhecido,Desconhecido,Auger,NO,South,0,0,1,1,1,1
35213,640.0,340.0,17.0,13.0,5.2,44.1,Desconhecido,Desconhecido,Desconhecido,Auger,NO,South,0,0,1,1,1,1
35214,810.0,160.0,17.0,13.0,5.2,44.1,Desconhecido,Desconhecido,Desconhecido,Auger,NO,South,0,0,1,1,1,1
35215,820.0,140.0,17.0,13.0,5.2,44.1,Desconhecido,Desconhecido,Desconhecido,Auger,NO,South,0,0,1,1,1,1
35217,860.0,120.0,17.0,13.0,5.2,44.1,Desconhecido,Desconhecido,Desconhecido,Auger,NO,South,0,0,1,1,1,1
35218,780.0,160.0,17.0,13.0,5.2,44.1,Desconhecido,Desconhecido,Desconhecido,Auger,NO,South,0,0,1,1,1,1
35219,780.0,160.0,17.0,13.0,5.2,44.1,Desconhecido,Desconhecido,Desconhecido,Auger,NO,South,0,0,1,1,1,1
35220,800.0,140.0,17.0,13.0,5.2,44.1,Desconhecido,Desconhecido,Desconhecido,Auger,NO,South,0,0,1,1,1,1
35221,740.0,210.0,17.0,13.0,5.2,44.1,Desconhecido,Desconhecido,Desconhecido,Auger,NO,South,0,0,1,1,1,1
35222,760.0,180.0,17.0,13.0,5.2,44.1,Desconhecido,Desconhecido,Desconhecido,Auger,NO,South,0,0,1,1,1,1
35223,760.0,180.0,17.0,13.0,5.2,44.1,Desconhecido,Desconhecido,Desconhecido,Auger,NO,South,0,0,1,1,1,1
35224,770.0,180.0,17.0,13.0,5.2,44.1,Desconhecido,Desconhecido,Desconhecido,Auger,NO,South,0,0,1,1,1,1
35225,720.0,220.0,17.0,13.0,5.2,44.1,Desconhecido,Desconhecido,Desconhecido,Auger,NO,South,0,0,1,1,1,1
35226,480.0,450.0,17.0,13.0,5.2,44.1,Desconhecido,Desconhecido,Desconhecido,Auger,NO,South,0,0,1,1,1,1
35227,680.0,240.0,17.0,13.0,5.2,44.1,Desconhecido,Desconhecido,Desconhecido,Auger,NO,South,0,0,1,1,1,1
35228,730.0,210.0,17.0,13.0,5.2,44.1,Desconhecido,Desconhecido,Desconhecido,Auger,NO,South,0,0,1,1,1,1
35229,770.0,170.0,17.0,13.0,5.2,44.1,Desconhecido,Desconhecido,Desconhecido,Auger,NO,South,0,0,1,1,1,1
35230,700.0,240.0,17.0,13.0,5.2,44.1,Desconhecido,Desconhecido,Desconhecido,Auger,NO,South,0,0,1,1,1,1
35231,760.0,180.0,17.0,13.0,5.2,44.1,Desconhecido,Desconhecido,Desconhecido,Auger,NO,South,0,0,1,1,1,1
35232,720.0,220.0,17.0,13.0,5.2,44.1,Desconhecido,Desconhecido,Desconhecido,Auger,NO,South,0,0,1,1,1,1
35233,640.0,300.0,17.0,13.0,5.2,44.1,Desconhecido,Desconhecido,Desconhecido,Auger,NO,South,0,0,1,1,1,1
35234,760.0,200.0,17.0,13.0,5.2,44.1,Desconhecido,Desconhecido,Desconhecido,Auger,NO,South,0,0,1,1,1,1
35235,810.0,140.0,17.0,13.0,5.2,44.1,Desconhecido,Desconhecido,Desconhecido,Auger,NO,South,0,0,1,1,1,1
35236,730.0,220.0,17.0,13.0,5.2,44.1,Desconhecido,Desconhecido,Desconhecido,Auger,NO,South,0,0,1,1,1,1
35237,390.0,520.0,17.0,13.0,5.2,44.1,Desconhecido,Desconhecido,Desconhecido,Auger,NO,South,0,0,1,1,1,1
35238,800.0,160.0,17.0,13.0,5.2,44.1,Desconhecido,Desconhecido,Desconhecido,Auger,NO,South,0,0,1,1,1,1
35239,760.0,190.0,17.0,13.0,5.2,44.1,Desconhecido,Desconhecido,Desconhecido,Auger,NO,South,0,0,1,1,1,1
35240,740.0,220.0,17.0,13.0,5.2,44.1,Desconhecido,Desconhecido,Desconhecido,Auger,NO,South,0,0,1,1,1,1
35241,720.0,240.0,17.0,13.0,5.2,44.1,Desconhecido,Desconhecido,Desconhecido,Auger,NO,South,0,0,1,1,1,1
35242,470.0,440.0,17.0,13.0,5.2,44.1,Desconhecido,Desconhecido,Desconhecido,Auger,NO,South,0,0,1,1,1,1
35243,700.0,220.0,17.0,13.0,5.2,44.1,Desconhecido,Desconhecido,Desconhecido,Auger,NO,South,0,0,1,1,1,1
35244,340.0,540.0,17.0,13.0,5.2,44.1,Desconhecido,Desconhecido,Desconhecido,Auger,NO,South,0,0,1,1,1,1
35245,640.0,300.0,17.0,13.0,5.2,44.1,Desconhecido,Desconhecido,Desconhecido,Auger,NO,South,0,0,1,1,1,1
35246,60.0,810.0,17.0,13.0,5.2,44.1,Desconhecido,Desconhecido,Desconhecido,Auger,NO,South,0,0,1,1,1,1
35247,120.0,760.0,17.0,13.0,5.2,44.1,Desconhecido,Desconhecido,Desconhecido,Auger,NO,South,0,0,1,1,1,1
35248,60.0,760.0,17.0,13.0,5.2,44.1,Desconhecido,Desconhecido,Desconhecido,Auger,NO,South,0,0,1,1,1,1
35249,50.0,780.0,17.0,13.0,5.2,44.1,Desconhecido,Desconhecido,Desconhecido,Auger,NO,South,0,0,1,1,1,1
35250,790.0,160.0,17.0,13.0,5.2,44.1,Desconhecido,Desconhecido,Desconhecido,Auger,NO,South,0,0,1,1,1,1
35251,730.0,220.0,17.0,13.0,5.2,44.1,Desconhecido,Desconhecido,Desconhecido,Auger,NO,South,0,0,1,1,1,1
35252,60.0,800.0,17.0,13.0,5.2,44.1,Desconhecido,Desconhecido,Desconhecido,Auger,NO,South,0,0,1,1,1,1
35253,160.0,720.0,17.0,13.0,5.2,44.1,Desconhecido,Desconhecido,Desconhecido,Auger,NO,South,0,0,1,1,1,1
35254,20.0,840.0,17.0,13.0,5.2,44.1,Desconhecido,Desconhecido,Desconhecido,Auger,NO,South,0,0,1,1,1,1
35255,120.0,770.0,17.0,13.0,5.2,44.1,Desconhecido,Desconhecido,Desconhecido,Auger,NO,South,0,0,1,1,1,1
35256,80.0,750.0,17.0,13.0,5.2,44.1,Desconhecido,Desconhecido,Desconhecido,Auger,NO,South,0,0,1,1,1,1
35257,80.0,780.0,17.0,13.0,5.2,44.1,Desconhecido,Desconhecido,Desconhecido,Auger,NO,South,0,0,1,1,1,1
35258,30.0,830.0,17.0,13.0,5.2,44.1,Desconhecido,Desconhecido,Desconhecido,Auger,NO,South,0,0,1,1,1,1
35259,60.0,720.0,17.0,13.0,5.2,44.1,Desconhecido,Desconhecido,Desconhecido,Auger,NO,South,0,0,1,1,1,1
35260,50.0,820.0,17.0,13.0,5.2,44.1,Desconhecido,Desconhecido,Desconhecido,Auger,NO,South,0,0,1,1,1,1
35261,90.0,760.0,17.0,13.0,5.2,44.1,Desconhecido,Desconhecido,Desconhecido,Auger,NO,South,0,0,1,1,1,1
35262,190.0,520.0,17.0,13.0,5.2,44.1,Desconhecido,Desconhecido,Desconhecido,Auger,NO,South,0,0,1,1,1,1
35263,160.0,520.0,17.0,13.0,5.2,44.1,Desconhecido,Desconhecido,Desconhecido,Auger,NO,South,0,0,1,1,1,1
35264,100.0,720.0,17.0,13.0,5.2,44.1,Desconhecido,Desconhecido,Desconhecido,Auger,NO,South,0,0,1,1,1,1
35265,70.0,750.0,17.0,13.0,5.2,44.1,Desconhecido,Desconhecido,Desconhecido,Auger,NO,South,0,0,1,1,1,1
35266,200.0,690.0,17.0,13.0,5.2,44.1,Desconhecido,Desconhecido,Desconhecido,Auger,NO,South,0,0,1,1,1,1
35267,190.0,720.0,17.0,13.0,5.2,44.1,Desconhecido,Desconhecido,Desconhecido,Auger,NO,South,0,0,1,1,1,1
35268,100.0,770.0,17.0,13.0,5.2,44.1,Desconhecido,Desconhecido,Desconhecido,Auger,NO,South,0,0,1,1,1,1
35269,320.0,580.0,17.0,13.0,5.2,44.1,Desconhecido,Desconhecido,Desconhecido,Auger,NO,South,0,0,1,1,1,1
35270,200.0,660.0,17.0,13.0,5.2,44.1,Desconhecido,Desconhecido,Desconhecido,Auger,NO,South,0,0,1,1,1,1
35271,150.0,760.0,17.0,13.0,5.2,44.1,Desconhecido,Desconhecido,Desconhecido,Auger,NO,South,0,0,1,1,1,1
35272,50.0,760.0,17.0,13.0,5.2,44.1,Desconhecido,Desconhecido,Desconhecido,Auger,NO,South,0,0,1,1,1,1
35273,170.0,680.0,17.0,13.0,5.2,44.1,Desconhecido,Desconhecido,Desconhecido,Auger,NO,South,0,0,1,1,1,1
35274,540.0,400.0,17.0,13.0,5.2,44.1,Desconhecido,Desconhecido,Desconhecido,Auger,NO,South,0,0,1,1,1,1
35275,220.0,640.0,17.0,13.0,5.2,44.1,Desconhecido,Desconhecido,Desconhecido,Auger,NO,South,0,0,1,1,1,1
35276,720.0,250.0,17.0,13.0,5.2,44.1,Desconhecido,Desconhecido,Desconhecido,Auger,NO,South,0,0,1,1,1,1
35277,30.0,770.0,17.0,13.0,5.2,44.1,Desconhecido,Desconhecido,Desconhecido,Auger,NO,South,0,0,1,1,1,1
35278,110.0,800.0,17.0,13.0,5.2,44.1,Desconhecido,Desconhecido,Desconhecido,Auger,NO,South,0,0,1,1,1,1
35279,430.0,530.0,17.0,13.0,5.2,44.1,Desconhecido,Desconhecido,Desconhecido,Auger,NO,South,0,0,1,1,1,1
35280,220.0,760.0,17.0,13.0,5.2,44.1,Desconhecido,Desconhecido,Desconhecido,Auger,NO,South,0,0,1,1,1,1
35281,160.0,740.0,17.0,13.0,5.2,44.1,Desconhecido,Desconhecido,Desconhecido,Auger,NO,South,0,0,1,1,1,1
35282,100.0,770.0,17.0,13.0,5.2,44.1,Desconhecido,Desconhecido,Desconhecido,Auger,NO,South,0,0,1,1,1,1
35283,220.0,540.0,17.0,13.0,5.2,44.1,Desconhecido,Desconhecido,Desconhecido,Auger,NO,South,0,0,1,1,1,1
35284,220.0,340.0,17.0,13.0,5.2,44.1,Desconhecido,Desconhecido,Desconhecido,Auger,NO,South,0,0,1,1,1,1
35285,320.0,470.0,17.0,13.0,5.2,44.1,Desconhecido,Desconhecido,Desconhecido,Auger,NO,South,0,0,1,1,1,1
35286,200.0,590.0,17.0,13.0,5.2,44.1,Desconhecido,Desconhecido,Desconhecido,Auger,NO,South,0,0,1,1,1,1
35287,130.0,580.0,17.0,13.0,5.2,44.1,Desconhecido,Desconhecido,Desconhecido,Auger,NO,South,0,0,1,1,1,1
35288,180.0,680.0,17.0,13.0,5.2,44.1,Desconhecido,Desconhecido,Desconhecido,Auger,NO,South,0,0,1,1,1,1
35289,130.0,480.0,17.0,13.0,5.2,44.1,Desconhecido,Desconhecido,Desconhecido,Auger,NO,South,0,0,1,1,1,1
35290,260.0,440.0,17.0,13.0,5.2,44.1,Desconhecido,Desconhecido,Desconhecido,Auger,NO,South,0,0,1,1,1,1
35291,160.0,650.0,17.0,13.0,5.2,44.1,Desconhecido,Desconhecido,Desconhecido,Auger,NO,South,0,0,1,1,1,1
35292,560.0,280.0,17.0,13.0,5.2,44.1,Desconhecido,Desconhecido,Desconhecido,Auger,NO,South,0,0,1,1,1,1
35293,340.0,320.0,17.0,13.0,5.2,44.1,Desconhecido,Desconhecido,Desconhecido,Auger,NO,South,0,0,1,1,1,1
35294,190.0,710.0,17.0,13.0,5.2,44.1,Desconhecido,Desconhecido,Desconhecido,Auger,NO,South,0,0,1,1,1,1
35295,620.0,320.0,17.0,13.0,5.2,44.1,Desconhecido,Desconhecido,Desconhecido,Auger,NO,South,0,0,1,1,1,1
35296,130.0,720.0,17.0,13.0,5.2,44.1,Desconhecido,Desconhecido,Desconhecido,Auger,NO,South,0,0,1,1,1,1
35297,60.0,820.0,17.0,13.0,5.2,44.1,Desconhecido,Desconhecido,Desconhecido,Auger,NO,South,0,0,1,1,1,1
35298,40.0,860.0,17.0,13.0,5.2,44.1,Desconhecido,Desconhecido,Desconhecido,Auger,NO,South,0,0,1,1,1,1
35299,200.0,650.0,17.0,13.0,5.2,44.1,Desconhecido,Desconhecido,Desconhecido,Auger,NO,South,0,0,1,1,1,1
35300,130.0,800.0,17.0,13.0,5.2,44.1,Desconhecido,Desconhecido,Desconhecido,Auger,NO,South,0,0,1,1,1,1
35301,80.0,820.0,17.0,13.0,5.2,44.1,Desconhecido,Desconhecido,Desconhecido,Auger,NO,South,0,0,1,1,1,1
35302,140.0,660.0,17.0,13.0,5.2,44.1,Desconhecido,Desconhecido,Desconhecido,Auger,NO,South,0,0,1,1,1,1
35303,20.0,860.0,17.0,13.0,5.2,44.1,Desconhecido,Desconhecido,Desconhecido,Auger,NO,South,0,0,1,1,1,1
35304,80.0,830.0,17.0,13.0,5.2,44.1,Desconhecido,Desconhecido,Desconhecido,Auger,NO,South,0,0,1,1,1,1
35305,570.0,390.0,17.0,13.0,5.2,44.1,Desconhecido,Desconhecido,Desconhecido,Auger,NO,South,0,0,1,1,1,1
35306,540.0,410.0,17.0,13.0,5.2,44.1,Desconhecido,Desconhecido,Desconhecido,Auger,NO,South,0,0,1,1,1,1
35307,120.0,730.0,17.0,13.0,5.2,44.1,Desconhecido,Desconhecido,Desconhecido,Auger,NO,South,0,0,1,1,1,1
35308,110.0,800.0,17.0,13.0,5.2,44.1,Desconhecido,Desconhecido,Desconhecido,Auger,NO,South,0,0,1,1,1,1
35309,530.0,440.0,17.0,13.0,5.2,44.1,Desconhecido,Desconhecido,Desconhecido,Auger,NO,South,0,0,1,1,1,1
35310,50.0,840.0,17.0,13.0,5.2,44.1,Desconhecido,Desconhecido,Desconhecido,Auger,NO,South,0,0,1,1,1,1
35311,130.0,700.0,17.0,13.0,5.2,44.1,Desconhecido,Desconhecido,Desconhecido,Auger,NO,South,0,0,1,1,1,1
35312,110.0,770.0,17.0,13.0,5.2,44.1,Desconhecido,Desconhecido,Desconhecido,Auger,NO,South,0,0,1,1,1,1
35313,540.0,420.0,17.0,13.0,5.2,44.1,Desconhecido,Desconhecido,Desconhecido,Auger,NO,South,0,0,1,1,1,1
35314,210.0,720.0,17.0,13.0,5.2,44.1,Desconhecido,Desconhecido,Desconhecido,Auger,NO,South,0,0,1,1,1,1
35315,740.0,230.0,17.0,13.0,5.2,44.1,Desconhecido,Desconhecido,Desconhecido,Auger,NO,South,0,0,1,1,1,1
35316,80.0,800.0,17.0,13.0,5.2,44.1,Desconhecido,Desconhecido,Desconhecido,Auger,NO,South,0,0,1,1,1,1
35317,70.0,750.0,17.0,13.0,5.2,44.1,Desconhecido,Desconhecido,Desconhecido,Auger,NO,South,0,0,1,1,1,1
35318,100.0,760.0,17.0,13.0,5.2,44.1,Desconhecido,Desconhecido,Desconhecido,Auger,NO,South,0,0,1,1,1,1
35319,90.0,820.0,17.0,13.0,5.2,44.1,Desconhecido,Desconhecido,Desconhecido,Auger,NO,South,0,0,1,1,1,1
35320,60.0,780.0,17.0,13.0,5.2,44.1,Desconhecido,Desconhecido,Desconhecido,Auger,NO,South,0,0,1,1,1,1
35321,160.0,690.0,17.0,13.0,5.2,44.1,Desconhecido,Desconhecido,Desconhecido,Auger,NO,South,0,0,1,1,1,1
35322,50.0,820.0,17.0,13.0,5.2,44.1,Desconhecido,Desconhecido,Desconhecido,Auger,NO,South,0,0,1,1,1,1
35323,10.0,880.0,17.0,13.0,5.2,44.1,Desconhecido,Desconhecido,Desconhecido,Auger,NO,South,0,0,1,1,1,1
35324,30.0,810.0,17.0,13.0,5.2,44.1,Desconhecido,Desconhecido,Desconhecido,Auger,NO,South,0,0,1,1,1,1
35325,20.0,860.0,17.0,13.0,5.2,44.1,Desconhecido,Desconhecido,Desconhecido,Auger,NO,South,0,0,1,1,1,1
35326,60.0,790.0,17.0,13.0,5.2,44.1,Desconhecido,Desconhecido,Desconhecido,Auger,NO,South,0,0,1,1,1,1
35327,130.0,760.0,17.0,13.0,5.2,44.1,Desconhecido,Desconhecido,Desconhecido,Auger,NO,South,0,0,1,1,1,1
35328,170.0,700.0,17.0,13.0,5.2,44.1,Desconhecido,Desconhecido,Desconhecido,Auger,NO,South,0,0,1,1,1,1
35329,190.0,700.0,17.0,13.0,5.2,44.1,Desconhecido,Desconhecido,Desconhecido,Auger,NO,South,0,0,1,1,1,1
35330,120.0,780.0,17.0,13.0,5.2,44.1,Desconhecido,Desconhecido,Desconhecido,Auger,NO,South,0,0,1,1,1,1
35331,60.0,830.0,17.0,13.0,5.2,44.1,Desconhecido,Desconhecido,Desconhecido,Auger,NO,South,0,0,1,1,1,1
35332,210.0,340.0,17.0,13.0,5.2,44.1,Desconhecido,Desconhecido,Desconhecido,Auger,NO,South,0,0,1,1,1,1
35333,190.0,500.0,17.0,13.0,5.2,44.1,Desconhecido,Desconhecido,Desconhecido,Auger,NO,South,0,0,1,1,1,1
35334,80.0,690.0,17.0,13.0,5.2,44.1,Desconhecido,Desconhecido,Desconhecido,Auger,NO,South,0,0,1,1,1,1
35335,90.0,780.0,17.0,13.0,5.2,44.1,Desconhecido,Desconhecido,Desconhecido,Auger,NO,South,0,0,1,1,1,1
35336,220.0,620.0,17.0,13.0,5.2,44.1,Desconhecido,Desconhecido,Desconhecido,Auger,NO,South,0,0,1,1,1,1
35337,60.0,780.0,17.0,13.0,5.2,44.1,Desconhecido,Desconhecido,Desconhecido,Auger,NO,South,0,0,1,1,1,1
35338,80.0,790.0,17.0,13.0,5.2,44.1,Desconhecido,Desconhecido,Desconhecido,Auger,NO,South,0,0,1,1,1,1
35339,80.0,750.0,17.0,13.0,5.2,44.1,Desconhecido,Desconhecido,Desconhecido,Auger,NO,South,0,0,1,1,1,1
35340,80.0,740.0,17.0,13.0,5.2,44.1,Desconhecido,Desconhecido,Desconhecido,Auger,NO,South,0,0,1,1,1,1
35341,120.0,690.0,17.0,13.0,5.2,44.1,Desconhecido,Desconhecido,Desconhecido,Auger,NO,South,0,0,1,1,1,1
35342,30.0,810.0,17.0,13.0,5.2,44.1,Desconhecido,Desconhecido,Desconhecido,Auger,NO,South,0,0,1,1,1,1
35343,100.0,750.0,17.0,13.0,5.2,44.1,Desconhecido,Desconhecido,Desconhecido,Auger,NO,South,0,0,1,1,1,1
35344,80.0,790.0,17.0,13.0,5.2,44.1,Desconhecido,Desconhecido,Desconhecido,Auger,NO,South,0,0,1,1,1,1
35345,40.0,780.0,17.0,13.0,5.2,44.1,Desconhecido,Desconhecido,Desconhecido,Auger,NO,South,0,0,1,1,1,1
35346,60.0,800.0,17.0,13.0,5.2,44.1,Desconhecido,Desconhecido,Desconhecido,Auger,NO,South,0,0,1,1,1,1
35347,30.0,850.0,17.0,13.0,5.2,44.1,Desconhecido,Desconhecido,Desconhecido,Auger,NO,South,0,0,1,1,1,1
35348,20.0,840.0,17.0,13.0,5.2,44.1,Desconhecido,Desconhecido,Desconhecido,Auger,NO,South,0,0,1,1,1,1
35349,80.0,760.0,17.0,13.0,5.2,44.1,Desconhecido,Desconhecido,Desconhecido,Auger,NO,South,0,0,1,1,1,1
35350,500.0,410.0,17.0,13.0,5.2,44.1,Desconhecido,Desconhecido,Desconhecido,Auger,NO,South,0,0,1,1,1,1
35351,280.0,500.0,17.0,13.0,5.2,44.1,Desconhecido,Desconhecido,Desconhecido,Auger,NO,South,0,0,1,1,1,1
35352,160.0,690.0,17.0,13.0,5.2,44.1,Desconhecido,Desconhecido,Desconhecido,Auger,NO,South,0,0,1,1,1,1
35353,240.0,520.0,17.0,13.0,5.2,44.1,Desconhecido,Desconhecido,Desconhecido,Auger,NO,South,0,0,1,1,1,1
35354,40.0,760.0,17.0,13.0,5.2,44.1,Desconhecido,Desconhecido,Desconhecido,Auger,NO,South,0,0,1,1,1,1
35355,90.0,740.0,17.0,13.0,5.2,44.1,Desconhecido,Desconhecido,Desconhecido,Auger,NO,South,0,0,1,1,1,1
35356,200.0,550.0,17.0,13.0,5.2,44.1,Desconhecido,Desconhecido,Desconhecido,Auger,NO,South,0,0,1,1,1,1
35357,150.0,580.0,17.0,13.0,5.2,44.1,Desconhecido,Desconhecido,Desconhecido,Auger,NO,South,0,0,1,1,1,1
35358,50.0,780.0,17.0,13.0,5.2,44.1,Desconhecido,Desconhecido,Desconhecido,Auger,NO,South,0,0,1,1,1,1
35359,120.0,750.0,17.0,13.0,5.2,44.1,Desconhecido,Desconhecido,Desconhecido,Auger,NO,South,0,0,1,1,1,1
35360,140.0,750.0,17.0,13.0,5.2,44.1,Desconhecido,Desconhecido,Desconhecido,Auger,NO,South,0,0,1,1,1,1
35361,170.0,650.0,17.0,13.0,5.2,44.1,Desconhecido,Desconhecido,Desconhecido,Auger,NO,South,0,0,1,1,1,1
35362,110.0,760.0,17.0,13.0,5.2,44.1,Desconhecido,Desconhecido,Desconhecido,Auger,NO,South,0,0,1,1,1,1
35363,80.0,520.0,17.0,13.0,5.2,44.1,Desconhecido,Desconhecido,Desconhecido,Auger,NO,South,0,0,1,1,1,1
35364,210.0,600.0,17.0,13.0,5.2,44.1,Desconhecido,Desconhecido,Desconhecido,Auger,NO,South,0,0,1,1,1,1
35365,130.0,690.0,17.0,13.0,5.2,44.1,Desconhecido,Desconhecido,Desconhecido,Auger,NO,South,0,0,1,1,1,1
35366,80.0,760.0,17.0,13.0,5.2,44.1,Desconhecido,Desconhecido,Desconhecido,Auger,NO,South,0,0,1,1,1,1
35367,580.0,380.0,17.0,13.0,5.2,44.1,Desconhecido,Desconhecido,Desconhecido,Auger,NO,South,0,0,1,1,1,1
35368,280.0,380.0,17.0,13.0,5.2,44.1,Desconhecido,Desconhecido,Desconhecido,Auger,NO,South,0,0,1,1,1,1
35369,140.0,710.0,17.0,13.0,5.2,44.1,Desconhecido,Desconhecido,Desconhecido,Auger,NO,South,0,0,1,1,1,1
35370,50.0,780.0,17.0,13.0,5.2,44.1,Desconhecido,Desconhecido,Desconhecido,Auger,NO,South,0,0,1,1,1,1
35371,140.0,740.0,17.0,13.0,5.2,44.1,Desconhecido,Desconhecido,Desconhecido,Auger,NO,South,0,0,1,1,1,1
35372,280.0,540.0,17.0,13.0,5.2,44.1,Desconhecido,Desconhecido,Desconhecido,Auger,NO,South,0,0,1,1,1,1
35373,210.0,680.0,17.0,13.0,5.2,44.1,Desconhecido,Desconhecido,Desconhecido,Auger,NO,South,0,0,1,1,1,1
35374,370.0,440.0,17.0,13.0,5.2,44.1,Desconhecido,Desconhecido,Desconhecido,Auger,NO,South,0,0,1,1,1,1
35375,90.0,740.0,17.0,13.0,5.2,44.1,Desconhecido,Desconhecido,Desconhecido,Auger,NO,South,0,0,1,1,1,1
35376,380.0,560.0,17.0,13.0,5.2,44.1,Desconhecido,Desconhecido,Desconhecido,Auger,NO,South,0,0,1,1,1,1
35377,140.0,720.0,17.0,13.0,5.2,44.1,Desconhecido,Desconhecido,Desconhecido,Auger,NO,South,0,0,1,1,1,1
35378,500.0,330.0,17.0,13.0,5.2,44.1,Desconhecido,Desconhecido,Desconhecido,Auger,NO,South,0,0,1,1,1,1
35379,540.0,380.0,17.0,13.0,5.2,44.1,Desconhecido,Desconhecido,Desconhecido,Auger,NO,South,0,0,1,1,1,1
35380,170.0,720.0,17.0,13.0,5.2,44.1,Desconhecido,Desconhecido,Desconhecido,Auger,NO,South,0,0,1,1,1,1
35381,50.0,720.0,17.0,13.0,5.2,44.1,Desconhecido,Desconhecido,Desconhecido,Auger,NO,South,0,0,1,1,1,1
35382,270.0,480.0,17.0,13.0,5.2,44.1,Desconhecido,Desconhecido,Desconhecido,Auger,NO,South,0,0,1,1,1,1
35383,140.0,760.0,17.0,13.0,5.2,44.1,Desconhecido,Desconhecido,Desconhecido,Auger,NO,South,0,0,1,1,1,1
35384,180.0,420.0,17.0,13.0,5.2,44.1,Desconhecido,Desconhecido,Desconhecido,Auger,NO,South,0,0,1,1,1,1
35385,100.0,790.0,17.0,13.0,5.2,44.1,Desconhecido,Desconhecido,Desconhecido,Auger,NO,South,0,0,1,1,1,1
35386,430.0,500.0,17.0,13.0,5.2,44.1,Desconhecido,Desconhecido,Desconhecido,Auger,NO,South,0,0,1,1,1,1
35387,730.0,220.0,17.0,13.0,5.2,44.1,Desconhecido,Desconhecido,Desconhecido,Auger,NO,South,0,0,1,1,1,1
35388,800.0,180.0,17.0,13.0,5.2,44.1,Desconhecido,Desconhecido,Desconhecido,Auger,NO,South,0,0,1,1,1,1
35389,380.0,580.0,17.0,13.0,5.2,44.1,Desconhecido,Desconhecido,Desconhecido,Auger,NO,South,0,0,1,1,1,1
35390,140.0,440.0,17.0,13.0,5.2,44.1,Desconhecido,Desconhecido,Desconhecido,Auger,NO,South,0,0,1,1,1,1
35391,280.0,600.0,17.0,13.0,5.2,44.1,Desconhecido,Desconhecido,Desconhecido,Auger,NO,South,0,0,1,1,1,1
35392,140.0,730.0,17.0,13.0,5.2,44.1,Desconhecido,Desconhecido,Desconhecido,Auger,NO,South,0,0,1,1,1,1
35393,140.0,680.0,17.0,13.0,5.2,44.1,Desconhecido,Desconhecido,Desconhecido,Auger,NO,South,0,0,1,1,1,1
35394,420.0,410.0,17.0,13.0,5.2,44.1,Desconhecido,Desconhecido,Desconhecido,Auger,NO,South,0,0,1,1,1,1
35395,310.0,460.0,17.0,13.0,5.2,44.1,Desconhecido,Desconhecido,Desconhecido,Auger,NO,South,0,0,1,1,1,1
35396,220.0,430.0,17.0,13.0,5.2,44.1,Desconhecido,Desconhecido,Desconhecido,Auger,NO,South,0,0,1,1,1,1
35397,260.0,570.0,17.0,13.0,5.2,44.1,Desconhecido,Desconhecido,Desconhecido,Auger,NO,South,0,0,1,1,1,1
35398,150.0,480.0,17.0,13.0,5.2,44.1,Desconhecido,Desconhecido,Desconhecido,Auger,NO,South,0,0,1,1,1,1
35399,170.0,640.0,17.0,13.0,5.2,44.1,Desconhecido,Desconhecido,Desconhecido,Auger,NO,South,0,0,1,1,1,1
35400,470.0,440.0,17.0,13.0,5.2,44.1,Desconhecido,Desconhecido,Desconhecido,Auger,NO,South,0,0,1,1,1,1
35401,150.0,720.0,17.0,13.0,5.2,44.1,Desconhecido,Desconhecido,Desconhecido,Auger,NO,South,0,0,1,1,1,1
35402,380.0,550.0,17.0,13.0,5.2,44.1,Desconhecido,Desconhecido,Desconhecido,Auger,NO,South,0,0,1,1,1,1
35403,480.0,380.0,17.0,13.0,5.2,44.1,Desconhecido,Desconhecido,Desconhecido,Auger,NO,South,0,0,1,1,1,1
35404,550.0,260.0,17.0,13.0,5.2,44.1,Desconhecido,Desconhecido,Desconhecido,Auger,NO,South,0,0,1,1,1,1
35405,110.0,760.0,17.0,13.0,5.2,44.1,Desconhecido,Desconhecido,Desconhecido,Auger,NO,South,0,0,1,1,1,1
35406,480.0,420.0,17.0,13.0,5.2,44.1,Desconhecido,Desconhecido,Desconhecido,Auger,NO,South,0,0,1,1,1,1
35407,680.0,260.0,17.0,13.0,5.2,44.1,Desconhecido,Desconhecido,Desconhecido,Auger,NO,South,0,0,1,1,1,1
35408,520.0,400.0,17.0,13.0,5.2,44.1,Desconhecido,Desconhecido,Desconhecido,Auger,NO,South,0,0,1,1,1,1
35409,840.0,130.0,17.0,13.0,5.2,44.1,Desconhecido,Desconhecido,Desconhecido,Auger,NO,South,0,0,1,1,1,1
35410,250.0,380.0,17.0,13.0,5.2,44.1,Desconhecido,Desconhecido,Desconhecido,Auger,NO,South,0,0,1,1,1,1
35411,700.0,240.0,17.0,13.0,5.2,44.1,Desconhecido,Desconhecido,Desconhecido,Auger,NO,South,0,0,1,1,1,1
35412,580.0,360.0,17.0,13.0,5.2,44.1,Desconhecido,Desconhecido,Desconhecido,Auger,NO,South,0,0,1,1,1,1
35413,260.0,640.0,17.0,13.0,5.2,44.1,Desconhecido,Desconhecido,Desconhecido,Auger,NO,South,0,0,1,1,1,1
35414,100.0,640.0,17.0,13.0,5.2,44.1,Desconhecido,Desconhecido,Desconhecido,Auger,NO,South,0,0,1,1,1,1
35415,450.0,360.0,17.0,13.0,5.2,44.1,Desconhecido,Desconhecido,Desconhecido,Auger,NO,South,0,0,1,1,1,1
35416,180.0,670.0,17.0,13.0,5.2,44.1,Desconhecido,Desconhecido,Desconhecido,Auger,NO,South,0,0,1,1,1,1
35417,640.0,150.0,17.0,13.0,5.2,44.1,Desconhecido,Desconhecido,Desconhecido,Auger,NO,South,0,0,1,1,1,1
35418,240.0,440.0,17.0,13.0,5.2,44.1,Desconhecido,Desconhecido,Desconhecido,Auger,NO,South,0,0,1,1,1,1
35419,400.0,460.0,17.0,13.0,5.2,44.1,Desconhecido,Desconhecido,Desconhecido,Auger,NO,South,0,0,1,1,1,1
35420,350.0,420.0,17.0,13.0,5.2,44.1,Desconhecido,Desconhecido,Desconhecido,Auger,NO,South,0,0,1,1,1,1
35421,260.0,580.0,17.0,13.0,5.2,44.1,Desconhecido,Desconhecido,Desconhecido,Auger,NO,South,0,0,1,1,1,1
35422,160.0,540.0,17.0,13.0,5.2,44.1,Desconhecido,Desconhecido,Desconhecido,Auger,NO,South,0,0,1,1,1,1
35423,480.0,240.0,17.0,13.0,5.2,44.1,Desconhecido,Desconhecido,Desconhecido,Auger,NO,South,0,0,1,1,1,1
35424,140.0,740.0,17.0,13.0,5.2,44.1,Desconhecido,Desconhecido,Desconhecido,Auger,NO,South,0,0,1,1,1,1
35425,370.0,460.0,17.0,13.0,5.2,44.1,Desconhecido,Desconhecido,Desconhecido,Auger,NO,South,0,0,1,1,1,1
35426,200.0,620.0,17.0,13.0,5.2,44.1,Desconhecido,Desconhecido,Desconhecido,Auger,NO,South,0,0,1,1,1,1
35427,360.0,510.0,17.0,13.0,5.2,44.1,Desconhecido,Desconhecido,Desconhecido,Auger,NO,South,0,0,1,1,1,1
35428,100.0,700.0,17.0,13.0,5.2,44.1,Desconhecido,Desconhecido,Desconhecido,Auger,NO,South,0,0,1,1,1,1
35429,200.0,660.0,17.0,13.0,5.2,44.1,Desconhecido,Desconhecido,Desconhecido,Auger,NO,South,0,0,1,1,1,1
35430,170.0,660.0,17.0,13.0,5.2,44.1,Desconhecido,Desconhecido,Desconhecido,Auger,NO,South,0,0,1,1,1,1
35431,90.0,800.0,17.0,13.0,5.2,44.1,Desconhecido,Desconhecido,Desconhecido,Auger,NO,South,0,0,1,1,1,1
35432,80.0,800.0,17.0,13.0,5.2,44.1,Desconhecido,Desconhecido,Desconhecido,Auger,NO,South,0,0,1,1,1,1
35433,100.0,770.0,17.0,13.0,5.2,44.1,Desconhecido,Desconhecido,Desconhecido,Auger,NO,South,0,0,1,1,1,1
35434,170.0,640.0,17.0,13.0,5.2,44.1,Desconhecido,Desconhecido,Desconhecido,Auger,NO,South,0,0,1,1,1,1
35435,210.0,530.0,17.0,13.0,5.2,44.1,Desconhecido,Desconhecido,Desconhecido,Auger,NO,South,0,0,1,1,1,1
35436,260.0,320.0,17.0,13.0,5.2,44.1,Desconhecido,Desconhecido,Desconhecido,Auger,NO,South,0,0,1,1,1,1
35437,100.0,770.0,17.0,13.0,5.2,44.1,Desconhecido,Desconhecido,Desconhecido,Auger,NO,South,0,0,1,1,1,1
35438,140.0,760.0,17.0,13.0,5.2,44.1,Desconhecido,Desconhecido,Desconhecido,Auger,NO,South,0,0,1,1,1,1
35439,180.0,660.0,17.0,13.0,5.2,44.1,Desconhecido,Desconhecido,Desconhecido,Auger,NO,South,0,0,1,1,1,1
35440,90.0,690.0,17.0,13.0,5.2,44.1,Desconhecido,Desconhecido,Desconhecido,Auger,NO,South,0,0,1,1,1,1
35441,100.0,780.0,17.0,13.0,5.2,44.1,Desconhecido,Desconhecido,Desconhecido,Auger,NO,South,0,0,1,1,1,1
35442,90.0,770.0,17.0,13.0,5.2,44.1,Desconhecido,Desconhecido,Desconhecido,Auger,NO,South,0,0,1,1,1,1
35443,140.0,740.0,17.0,13.0,5.2,44.1,Desconhecido,Desconhecido,Desconhecido,Auger,NO,South,0,0,1,1,1,1
35444,150.0,740.0,17.0,13.0,5.2,44.1,Desconhecido,Desconhecido,Desconhecido,Auger,NO,South,0,0,1,1,1,1
35445,80.0,740.0,17.0,13.0,5.2,44.1,Desconhecido,Desconhecido,Desconhecido,Auger,NO,South,0,0,1,1,1,1
35446,120.0,700.0,17.0,13.0,5.2,44.1,Desconhecido,Desconhecido,Desconhecido,Auger,NO,South,0,0,1,1,1,1
35447,200.0,670.0,17.0,13.0,5.2,44.1,Desconhecido,Desconhecido,Desconhecido,Auger,NO,South,0,0,1,1,1,1
35448,130.0,650.0,17.0,13.0,5.2,44.1,Desconhecido,Desconhecido,Desconhecido,Auger,NO,South,0,0,1,1,1,1
35449,120.0,680.0,17.0,13.0,5.2,44.1,Desconhecido,Desconhecido,Desconhecido,Auger,NO,South,0,0,1,1,1,1
35450,120.0,760.0,17.0,13.0,5.2,44.1,Desconhecido,Desconhecido,Desconhecido,Auger,NO,South,0,0,1,1,1,1
35451,160.0,700.0,17.0,13.0,5.2,44.1,Desconhecido,Desconhecido,Desconhecido,Auger,NO,South,0,0,1,1,1,1
35452,180.0,580.0,17.0,13.0,5.2,44.1,Desconhecido,Desconhecido,Desconhecido,Auger,NO,South,0,0,1,1,1,1
35453,120.0,800.0,17.0,13.0,5.2,44.1,Desconhecido,Desconhecido,Desconhecido,Auger,NO,South,0,0,1,1,1,1
35454,140.0,740.0,17.0,13.0,5.2,44.1,Desconhecido,Desconhecido,Desconhecido,Auger,NO,South,0,0,1,1,1,1
35455,150.0,720.0,17.0,13.0,5.2,44.1,Desconhecido,Desconhecido,Desconhecido,Auger,NO,South,0,0,1,1,1,1
35456,200.0,540.0,17.0,13.0,5.2,44.1,Desconhecido,Desconhecido,Desconhecido,Auger,NO,South,0,0,1,1,1,1
35457,250.0,580.0,17.0,13.0,5.2,44.1,Desconhecido,Desconhecido,Desconhecido,Auger,NO,South,0,0,1,1,1,1
35458,160.0,680.0,17.0,13.0,5.2,44.1,Desconhecido,Desconhecido,Desconhecido,Auger,NO,South,0,0,1,1,1,1
35459,130.0,660.0,17.0,13.0,5.2,44.1,Desconhecido,Desconhecido,Desconhecido,Auger,NO,South,0,0,1,1,1,1
35460,120.0,600.0,17.0,13.0,5.2,44.1,Desconhecido,Desconhecido,Desconhecido,Auger,NO,South,0,0,1,1,1,1
35461,500.0,440.0,17.0,13.0,5.2,44.1,Desconhecido,Desconhecido,Desconhecido,Auger,NO,South,0,0,1,1,1,1
35462,200.0,660.0,17.0,13.0,5.2,44.1,Desconhecido,Desconhecido,Desconhecido,Auger,NO,South,0,0,1,1,1,1
35463,170.0,700.0,17.0,13.0,5.2,44.1,Desconhecido,Desconhecido,Desconhecido,Auger,NO,South,0,0,1,1,1,1
35464,140.0,640.0,17.0,13.0,5.2,44.1,Desconhecido,Desconhecido,Desconhecido,Auger,NO,South,0,0,1,1,1,1
35465,120.0,760.0,17.0,13.0,5.2,44.1,Desconhecido,Desconhecido,Desconhecido,Auger,NO,South,0,0,1,1,1,1
35466,510.0,420.0,17.0,13.0,5.2,44.1,Desconhecido,Desconhecido,Desconhecido,Auger,NO,South,0,0,1,1,1,1
35467,160.0,720.0,17.0,13.0,5.2,44.1,Desconhecido,Desconhecido,Desconhecido,Auger,NO,South,0,0,1,1,1,1
35468,160.0,720.0,17.0,13.0,5.2,44.1,Desconhecido,Desconhecido,Desconhecido,Auger,NO,South,0,0,1,1,1,1
35469,150.0,710.0,17.0,13.0,5.2,44.1,Desconhecido,Desconhecido,Desconhecido,Auger,NO,South,0,0,1,1,1,1
35470,180.0,640.0,17.0,13.0,5.2,44.1,Desconhecido,Desconhecido,Desconhecido,Auger,NO,South,0,0,1,1,1,1
35471,180.0,620.0,17.0,13.0,5.2,44.1,Desconhecido,Desconhecido,Desconhecido,Auger,NO,South,0,0,1,1,1,1
35472,180.0,640.0,17.0,13.0,5.2,44.1,Desconhecido,Desconhecido,Desconhecido,Auger,NO,South,0,0,1,1,1,1
35473,180.0,660.0,17.0,13.0,5.2,44.1,Desconhecido,Desconhecido,Desconhecido,Auger,NO,South,0,0,1,1,1,1
35474,180.0,460.0,17.0,13.0,5.2,44.1,Desconhecido,Desconhecido,Desconhecido,Auger,NO,South,0,0,1,1,1,1
35475,120.0,640.0,17.0,13.0,5.2,44.1,Desconhecido,Desconhecido,Desconhecido,Auger,NO,South,0,0,1,1,1,1
35476,380.0,380.0,17.0,13.0,5.2,44.1,Desconhecido,Desconhecido,Desconhecido,Auger,NO,South,0,0,1,1,1,1
35477,160.0,540.0,17.0,13.0,5.2,44.1,Desconhecido,Desconhecido,Desconhecido,Auger,NO,South,0,0,1,1,1,1
35478,540.0,360.0,17.0,13.0,5.2,44.1,Desconhecido,Desconhecido,Desconhecido,Auger,NO,South,0,0,1,1,1,1
35479,200.0,520.0,17.0,13.0,5.2,44.1,Desconhecido,Desconhecido,Desconhecido,Auger,NO,South,0,0,1,1,1,1
35480,380.0,480.0,17.0,13.0,5.2,44.1,Desconhecido,Desconhecido,Desconhecido,Auger,NO,South,0,0,1,1,1,1
35481,160.0,640.0,17.0,13.0,5.2,44.1,Desconhecido,Desconhecido,Desconhecido,Auger,NO,South,0,0,1,1,1,1
35482,340.0,560.0,17.0,13.0,5.2,44.1,Desconhecido,Desconhecido,Desconhecido,Auger,NO,South,0,0,1,1,1,1
35483,770.0,170.0,17.0,13.0,5.2,44.1,Desconhecido,Desconhecido,Desconhecido,Auger,NO,South,0,0,1,1,1,1
35484,150.0,540.0,17.0,13.0,5.2,44.1,Desconhecido,Desconhecido,Desconhecido,Auger,NO,South,0,0,1,1,1,1
35485,300.0,480.0,17.0,13.0,5.2,44.1,Desconhecido,Desconhecido,Desconhecido,Auger,NO,South,0,0,1,1,1,1
35486,380.0,400.0,17.0,13.0,5.2,44.1,Desconhecido,Desconhecido,Desconhecido,Auger,NO,South,0,0,1,1,1,1
35487,200.0,560.0,17.0,13.0,5.2,44.1,Desconhecido,Desconhecido,Desconhecido,Auger,NO,South,0,0,1,1,1,1
35488,470.0,280.0,17.0,13.0,5.2,44.1,Desconhecido,Desconhecido,Desconhecido,Auger,NO,South,0,0,1,1,1,1
35489,290.0,640.0,17.0,13.0,5.2,44.1,Desconhecido,Desconhecido,Desconhecido,Auger,NO,South,0,0,1,1,1,1
35490,360.0,550.0,17.0,13.0,5.2,44.1,Desconhecido,Desconhecido,Desconhecido,Auger,NO,South,0,0,1,1,1,1
35491,240.0,420.0,17.0,13.0,5.2,44.1,Desconhecido,Desconhecido,Desconhecido,Auger,NO,South,0,0,1,1,1,1
35492,300.0,480.0,17.0,13.0,5.2,44.1,Desconhecido,Desconhecido,Desconhecido,Auger,NO,South,0,0,1,1,1,1
35493,350.0,400.0,17.0,13.0,5.2,44.1,Desconhecido,Desconhecido,Desconhecido,Auger,NO,South,0,0,1,1,1,1
35494,430.0,380.0,17.0,13.0,5.2,44.1,Desconhecido,Desconhecido,Desconhecido,Auger,NO,South,0,0,1,1,1,1
35495,190.0,620.0,17.0,13.0,5.2,44.1,Desconhecido,Desconhecido,Desconhecido,Auger,NO,South,0,0,1,1,1,1
35496,440.0,480.0,17.0,13.0,5.2,44.1,Desconhecido,Desconhecido,Desconhecido,Auger,NO,South,0,0,1,1,1,1
35497,260.0,580.0,17.0,13.0,5.2,44.1,Desconhecido,Desconhecido,Desconhecido,Auger,NO,South,0,0,1,1,1,1
35498,936.0,20.0,17.0,13.0,5.2,44.1,Desconhecido,Desconhecido,Desconhecido,Auger,NO,South,0,0,1,1,1,1
35499,637.0,240.0,27.86,13.0,5.2,44.1,Desconhecido,Desconhecido,Desconhecido,Auger,NO,South,1,1,0,1,1,1
35500,637.0,240.0,5.44,13.0,5.2,44.1,Desconhecido,Desconhecido,Desconhecido,Auger,NO,South,1,1,0,1,1,1
35501,637.0,240.0,5.44,13.0,5.2,44.1,Desconhecido,Desconhecido,Desconhecido,Auger,NO,South,1,1,0,1,1,1
35502,637.0,240.0,15.866667,13.0,5.2,44.1,Desconhecido,Desconhecido,Desconhecido,Auger,NO,South,1,1,0,1,1,1
35503,637.0,240.0,29.89,13.0,5.2,44.1,Desconhecido,Desconhecido,Desconhecido,Auger,NO,South,1,1,0,1,1,1
35504,637.0,240.0,15.866667,13.0,5.2,44.1,Desconhecido,Desconhecido,Desconhecido,Auger,NO,South,1,1,0,1,1,1
35505,637.0,240.0,9.066667,13.0,5.2,44.1,Desconhecido,Desconhecido,Desconhecido,Auger,NO,South,1,1,0,1,1,1
35506,637.0,240.0,15.866667,13.0,5.2,44.1,Desconhecido,Desconhecido,Desconhecido,Auger,NO,South,1,1,0,1,1,1
35507,637.0,240.0,15.866667,13.0,5.2,44.1,Desconhecido,Desconhecido,Desconhecido,Auger,NO,South,1,1,0,1,1,1
35508,637.0,240.0,22.43,13.0,5.2,44.1,Desconhecido,Desconhecido,Desconhecido,Auger,NO,South,1,1,0,1,1,1
35509,637.0,240.0,15.866667,13.0,5.2,44.1,Desconhecido,Desconhecido,Desconhecido,Auger,NO,South,1,1,0,1,1,1
35510,637.0,240.0,19.71,13.0,5.2,44.1,Desconhecido,Desconhecido,Desconhecido,Auger,NO,South,1,1,0,1,1,1
35511,637.0,240.0,9.066667,13.0,5.2,44.1,Desconhecido,Desconhecido,Desconhecido,Auger,NO,South,1,1,0,1,1,1
35512,637.0,240.0,5.44,13.0,5.2,44.1,Desconhecido,Desconhecido,Desconhecido,Auger,NO,South,1,1,0,1,1,1
35513,637.0,240.0,26.51,13.0,5.2,44.1,Desconhecido,Desconhecido,Desconhecido,Auger,NO,South,1,1,0,1,1,1
35514,637.0,240.0,7.577778,13.0,5.2,44.1,Desconhecido,Desconhecido,Desconhecido,Auger,NO,South,1,1,0,1,1,1
35515,637.0,240.0,21.07,13.0,5.2,44.1,Desconhecido,Desconhecido,Desconhecido,Auger,NO,South,1,1,0,1,1,1
35516,637.0,240.0,9.066667,13.0,5.2,44.1,Desconhecido,Desconhecido,Desconhecido,Auger,NO,South,1,1,0,1,1,1
35517,637.0,240.0,7.48,13.0,5.2,44.1,Desconhecido,Desconhecido,Desconhecido,Auger,NO,South,1,1,0,1,1,1
35518,637.0,240.0,15.866667,13.0,5.2,44.1,Desconhecido,Desconhecido,Desconhecido,Auger,NO,South,1,1,0,1,1,1
35519,637.0,240.0,12.92,13.0,5.2,44.1,Desconhecido,Desconhecido,Desconhecido,Auger,NO,South,1,1,0,1,1,1
35520,637.0,240.0,8.15,13.0,5.2,44.1,Desconhecido,Desconhecido,Desconhecido,Auger,NO,South,1,1,0,1,1,1
35521,637.0,240.0,12.23,13.0,5.2,44.1,Desconhecido,Desconhecido,Desconhecido,Auger,NO,South,1,1,0,1,1,1
35522,637.0,240.0,7.48,13.0,5.2,44.1,Desconhecido,Desconhecido,Desconhecido,Auger,NO,South,1,1,0,1,1,1
35523,637.0,240.0,17.66,13.0,5.2,44.1,Desconhecido,Desconhecido,Desconhecido,Auger,NO,South,1,1,0,1,1,1
35524,637.0,240.0,8.84,13.0,5.2,44.1,Desconhecido,Desconhecido,Desconhecido,Auger,NO,South,1,1,0,1,1,1
35525,637.0,240.0,16.31,13.0,5.2,44.1,Desconhecido,Desconhecido,Desconhecido,Auger,NO,South,1,1,0,1,1,1
35526,637.0,240.0,6.12,13.0,5.2,44.1,Desconhecido,Desconhecido,Desconhecido,Auger,NO,South,1,1,0,1,1,1
35527,637.0,240.0,29.22,13.0,5.2,44.1,Desconhecido,Desconhecido,Desconhecido,Auger,NO,South,1,1,0,1,1,1
35528,637.0,240.0,11.56,13.0,5.2,44.1,Desconhecido,Desconhecido,Desconhecido,Auger,NO,South,1,1,0,1,1,1
35529,637.0,240.0,16.31,13.0,5.2,44.1,Desconhecido,Desconhecido,Desconhecido,Auger,NO,South,1,1,0,1,1,1
35530,637.0,240.0,12.92,13.0,5.2,44.1,Desconhecido,Desconhecido,Desconhecido,Auger,NO,South,1,1,0,1,1,1
35531,637.0,240.0,16.99,13.0,5.2,44.1,Desconhecido,Desconhecido,Desconhecido,Auger,NO,South,1,1,0,1,1,1
35532,637.0,240.0,7.48,13.0,5.2,44.1,Desconhecido,Desconhecido,Desconhecido,Auger,NO,South,1,1,0,1,1,1
35533,637.0,240.0,15.63,13.0,5.2,44.1,Desconhecido,Desconhecido,Desconhecido,Auger,NO,South,1,1,0,1,1,1
35534,637.0,240.0,6.12,13.0,5.2,44.1,Desconhecido,Desconhecido,Desconhecido,Auger,NO,South,1,1,0,1,1,1
35535,637.0,240.0,9.51,13.0,5.2,44.1,Desconhecido,Desconhecido,Desconhecido,Auger,NO,South,1,1,0,1,1,1
35536,637.0,240.0,7.577778,13.0,5.2,44.1,Desconhecido,Desconhecido,Desconhecido,Auger,NO,South,1,1,0,1,1,1
35537,637.0,240.0,16.99,13.0,5.2,44.1,Desconhecido,Desconhecido,Desconhecido,Auger,NO,South,1,1,0,1,1,1
35538,637.0,240.0,9.066667,13.0,5.2,44.1,Desconhecido,Desconhecido,Desconhecido,Auger,NO,South,1,1,0,1,1,1
35539,637.0,240.0,9.51,13.0,5.2,44.1,Desconhecido,Desconhecido,Desconhecido,Auger,NO,South,1,1,0,1,1,1
35540,637.0,240.0,7.48,13.0,5.2,44.1,Desconhecido,Desconhecido,Desconhecido,Auger,NO,South,1,1,0,1,1,1
35541,637.0,240.0,5.85,13.0,5.2,44.1,Desconhecido,Desconhecido,Desconhecido,Auger,NO,South,1,1,0,1,1,1
35542,637.0,240.0,3.4066668,13.0,5.2,44.1,Desconhecido,Desconhecido,Desconhecido,Auger,NO,South,1,1,0,1,1,1
35543,637.0,240.0,11.33,13.0,5.2,44.1,Desconhecido,Desconhecido,Desconhecido,Auger,NO,South,1,1,0,1,1,1
35544,637.0,240.0,6.66,13.0,5.2,44.1,Desconhecido,Desconhecido,Desconhecido,Auger,NO,South,1,1,0,1,1,1
35545,637.0,240.0,7.33,13.0,5.2,44.1,Desconhecido,Desconhecido,Desconhecido,Auger,NO,South,1,1,0,1,1,1
35546,637.0,240.0,5.33,13.0,5.2,44.1,Desconhecido,Desconhecido,Desconhecido,Auger,NO,South,1,1,0,1,1,1
35547,637.0,240.0,33.99,13.0,5.2,44.1,Desconhecido,Desconhecido,Desconhecido,Auger,NO,South,1,1,0,1,1,1
35548,637.0,240.0,8.0,13.0,5.2,44.1,Desconhecido,Desconhecido,Desconhecido,Auger,NO,South,1,1,0,1,1,1
35549,637.0,240.0,15.33,13.0,5.2,44.1,Desconhecido,Desconhecido,Desconhecido,Auger,NO,South,1,1,0,1,1,1
35550,637.0,240.0,6.0,13.0,5.2,44.1,Desconhecido,Desconhecido,Desconhecido,Auger,NO,South,1,1,0,1,1,1
35551,637.0,240.0,27.31,13.0,5.2,44.1,Desconhecido,Desconhecido,Desconhecido,Auger,NO,South,1,1,0,1,1,1
35552,637.0,240.0,6.0,13.0,5.2,44.1,Desconhecido,Desconhecido,Desconhecido,Auger,NO,South,1,1,0,1,1,1
35553,637.0,240.0,21.33,13.0,5.2,44.1,Desconhecido,Desconhecido,Desconhecido,Auger,NO,South,1,1,0,1,1,1
35554,637.0,240.0,6.0,13.0,5.2,44.1,Desconhecido,Desconhecido,Desconhecido,Auger,NO,South,1,1,0,1,1,1
35555,637.0,240.0,13.98,13.0,5.2,44.1,Desconhecido,Desconhecido,Desconhecido,Auger,NO,South,1,1,0,1,1,1
35556,637.0,240.0,9.32,13.0,5.2,44.1,Desconhecido,Desconhecido,Desconhecido,Auger,NO,South,1,1,0,1,1,1
35557,637.0,240.0,15.33,13.0,5.2,44.1,Desconhecido,Desconhecido,Desconhecido,Auger,NO,South,1,1,0,1,1,1
35558,637.0,240.0,15.533334,13.0,5.2,44.1,Desconhecido,Desconhecido,Desconhecido,Auger,NO,South,1,1,0,1,1,1
35559,637.0,240.0,9.32,13.0,5.2,44.1,Desconhecido,Desconhecido,Desconhecido,Auger,NO,South,1,1,0,1,1,1
35560,637.0,240.0,6.66,13.0,5.2,44.1,Desconhecido,Desconhecido,Desconhecido,Auger,NO,South,1,1,0,1,1,1
35561,637.0,240.0,11.99,13.0,5.2,44.1,Desconhecido,Desconhecido,Desconhecido,Auger,NO,South,1,1,0,1,1,1
35562,637.0,240.0,5.33,13.0,5.2,44.1,Desconhecido,Desconhecido,Desconhecido,Auger,NO,South,1,1,0,1,1,1
35563,637.0,240.0,8.0,13.0,5.2,44.1,Desconhecido,Desconhecido,Desconhecido,Auger,NO,South,1,1,0,1,1,1
35564,637.0,240.0,15.533334,13.0,5.2,44.1,Desconhecido,Desconhecido,Desconhecido,Auger,NO,South,1,1,0,1,1,1
35565,637.0,240.0,13.98,13.0,5.2,44.1,Desconhecido,Desconhecido,Desconhecido,Auger,NO,South,1,1,0,1,1,1
35566,637.0,240.0,15.533334,13.0,5.2,44.1,Desconhecido,Desconhecido,Desconhecido,Auger,NO,South,1,1,0,1,1,1
35567,637.0,240.0,11.99,13.0,5.2,44.1,Desconhecido,Desconhecido,Desconhecido,Auger,NO,South,1,1,0,1,1,1
35568,637.0,240.0,15.533334,13.0,5.2,44.1,Desconhecido,Desconhecido,Desconhecido,Auger,NO,South,1,1,0,1,1,1
35569,637.0,240.0,14.65,13.0,5.2,44.1,Desconhecido,Desconhecido,Desconhecido,Auger,NO,South,1,1,0,1,1,1
35570,637.0,240.0,15.533334,13.0,5.2,44.1,Desconhecido,Desconhecido,Desconhecido,Auger,NO,South,1,1,0,1,1,1
35571,637.0,240.0,16.65,13.0,5.2,44.1,Desconhecido,Desconhecido,Desconhecido,Auger,NO,South,1,1,0,1,1,1
35572,637.0,240.0,7.33,13.0,5.2,44.1,Desconhecido,Desconhecido,Desconhecido,Auger,NO,South,1,1,0,1,1,1
35573,637.0,240.0,11.99,13.0,5.2,44.1,Desconhecido,Desconhecido,Desconhecido,Auger,NO,South,1,1,0,1,1,1
35574,637.0,240.0,15.533334,13.0,5.2,44.1,Desconhecido,Desconhecido,Desconhecido,Auger,NO,South,1,1,0,1,1,1
35575,637.0,240.0,6.54,13.0,5.2,44.1,Desconhecido,Desconhecido,Desconhecido,Auger,NO,South,1,1,0,1,1,1
35576,637.0,240.0,7.12,13.0,5.2,44.1,Desconhecido,Desconhecido,Desconhecido,Auger,NO,South,1,1,0,1,1,1
35577,637.0,240.0,14.9,13.0,5.2,44.1,Desconhecido,Desconhecido,Desconhecido,Auger,NO,South,1,1,0,1,1,1
35578,637.0,240.0,7.12,13.0,5.2,44.1,Desconhecido,Desconhecido,Desconhecido,Auger,NO,South,1,1,0,1,1,1
35579,637.0,240.0,9.72,13.0,5.2,44.1,Desconhecido,Desconhecido,Desconhecido,Auger,NO,South,1,1,0,1,1,1
35580,637.0,240.0,7.12,13.0,5.2,44.1,Desconhecido,Desconhecido,Desconhecido,Auger,NO,South,1,1,0,1,1,1
35581,637.0,240.0,15.53,13.0,5.2,44.1,Desconhecido,Desconhecido,Desconhecido,Auger,NO,South,1,1,0,1,1,1
35582,637.0,240.0,7.77,13.0,5.2,44.1,Desconhecido,Desconhecido,Desconhecido,Auger,NO,South,1,1,0,1,1,1
35583,637.0,240.0,11.66,13.0,5.2,44.1,Desconhecido,Desconhecido,Desconhecido,Auger,NO,South,1,1,0,1,1,1
35584,637.0,240.0,8.41,13.0,5.2,44.1,Desconhecido,Desconhecido,Desconhecido,Auger,NO,South,1,1,0,1,1,1
35585,637.0,240.0,11.66,13.0,5.2,44.1,Desconhecido,Desconhecido,Desconhecido,Auger,NO,South,1,1,0,1,1,1
35586,637.0,240.0,7.12,13.0,5.2,44.1,Desconhecido,Desconhecido,Desconhecido,Auger,NO,South,1,1,0,1,1,1
35587,637.0,240.0,17.48,13.0,5.2,44.1,Desconhecido,Desconhecido,Desconhecido,Auger,NO,South,1,1,0,1,1,1
35588,637.0,240.0,6.47,13.0,5.2,44.1,Desconhecido,Desconhecido,Desconhecido,Auger,NO,South,1,1,0,1,1,1
35589,637.0,240.0,23.31,13.0,5.2,44.1,Desconhecido,Desconhecido,Desconhecido,Auger,NO,South,1,1,0,1,1,1
35590,637.0,240.0,6.47,13.0,5.2,44.1,Desconhecido,Desconhecido,Desconhecido,Auger,NO,South,1,1,0,1,1,1
35591,637.0,240.0,23.96,13.0,5.2,44.1,Desconhecido,Desconhecido,Desconhecido,Auger,NO,South,1,1,0,1,1,1
35592,637.0,240.0,7.12,13.0,5.2,44.1,Desconhecido,Desconhecido,Desconhecido,Auger,NO,South,1,1,0,1,1,1
35593,637.0,240.0,22.65,13.0,5.2,44.1,Desconhecido,Desconhecido,Desconhecido,Auger,NO,South,1,1,0,1,1,1
35594,637.0,240.0,9.06,13.0,5.2,44.1,Desconhecido,Desconhecido,Desconhecido,Auger,NO,South,1,1,0,1,1,1
35595,637.0,240.0,20.73,13.0,5.2,44.1,Desconhecido,Desconhecido,Desconhecido,Auger,NO,South,1,1,0,1,1,1
35596,637.0,240.0,6.47,13.0,5.2,44.1,Desconhecido,Desconhecido,Desconhecido,Auger,NO,South,1,1,0,1,1,1
35597,637.0,240.0,28.48,13.0,5.2,44.1,Desconhecido,Desconhecido,Desconhecido,Auger,NO,South,1,1,0,1,1,1
35598,637.0,240.0,8.41,13.0,5.2,44.1,Desconhecido,Desconhecido,Desconhecido,Auger,NO,South,1,1,0,1,1,1
35599,637.0,240.0,11.01,13.0,5.2,44.1,Desconhecido,Desconhecido,Desconhecido,Auger,NO,South,1,1,0,1,1,1
35600,637.0,240.0,6.47,13.0,5.2,44.1,Desconhecido,Desconhecido,Desconhecido,Auger,NO,South,1,1,0,1,1,1
35601,637.0,240.0,14.24,13.0,5.2,44.1,Desconhecido,Desconhecido,Desconhecido,Auger,NO,South,1,1,0,1,1,1
35602,637.0,240.0,7.77,13.0,5.2,44.1,Desconhecido,Desconhecido,Desconhecido,Auger,NO,South,1,1,0,1,1,1
35603,637.0,240.0,23.31,13.0,5.2,44.1,Desconhecido,Desconhecido,Desconhecido,Auger,NO,South,1,1,0,1,1,1
35604,637.0,240.0,6.47,13.0,5.2,44.1,Desconhecido,Desconhecido,Desconhecido,Auger,NO,South,1,1,0,1,1,1
35605,637.0,240.0,31.08,13.0,5.2,44.1,Desconhecido,Desconhecido,Desconhecido,Auger,NO,South,1,1,0,1,1,1
35606,637.0,240.0,6.12,13.0,5.2,44.1,Desconhecido,Desconhecido,Desconhecido,Auger,NO,South,1,1,0,1,1,1
35607,637.0,240.0,19.29,13.0,5.2,44.1,Desconhecido,Desconhecido,Desconhecido,Auger,NO,South,1,1,0,1,1,1
35608,637.0,240.0,48.81,13.0,5.2,44.1,Desconhecido,Desconhecido,Desconhecido,Auger,NO,South,1,1,0,1,1,1
35609,637.0,240.0,55.61,13.0,5.2,44.1,Desconhecido,Desconhecido,Desconhecido,Auger,NO,South,1,1,0,1,1,1
35610,637.0,240.0,15.89,13.0,5.2,44.1,Desconhecido,Desconhecido,Desconhecido,Auger,NO,South,1,1,0,1,1,1
35611,637.0,240.0,37.45,13.0,5.2,44.1,Desconhecido,Desconhecido,Desconhecido,Auger,NO,South,1,1,0,1,1,1
35612,637.0,240.0,13.61,13.0,5.2,44.1,Desconhecido,Desconhecido,Desconhecido,Auger,NO,South,1,1,0,1,1,1
35613,637.0,240.0,13.59,13.0,5.2,44.1,Desconhecido,Desconhecido,Desconhecido,Auger,NO,South,1,1,0,1,1,1
35614,637.0,240.0,7.26,13.0,5.2,44.1,Desconhecido,Desconhecido,Desconhecido,Auger,NO,South,1,1,0,1,1,1
35615,637.0,240.0,19.8,13.0,5.2,44.1,Desconhecido,Desconhecido,Desconhecido,Auger,NO,South,1,1,0,1,1,1
35616,637.0,240.0,7.26,13.0,5.2,44.1,Desconhecido,Desconhecido,Desconhecido,Auger,NO,South,1,1,0,1,1,1
35617,637.0,240.0,22.43,13.0,5.2,44.1,Desconhecido,Desconhecido,Desconhecido,Auger,NO,South,1,1,0,1,1,1
35618,637.0,240.0,9.24,13.0,5.2,44.1,Desconhecido,Desconhecido,Desconhecido,Auger,NO,South,1,1,0,1,1,1
35619,637.0,240.0,14.52,13.0,5.2,44.1,Desconhecido,Desconhecido,Desconhecido,Auger,NO,South,1,1,0,1,1,1
35620,637.0,240.0,7.91,13.0,5.2,44.1,Desconhecido,Desconhecido,Desconhecido,Auger,NO,South,1,1,0,1,1,1
35621,637.0,240.0,15.84,13.0,5.2,44.1,Desconhecido,Desconhecido,Desconhecido,Auger,NO,South,1,1,0,1,1,1
35622,637.0,240.0,6.6,13.0,5.2,44.1,Desconhecido,Desconhecido,Desconhecido,Auger,NO,South,1,1,0,1,1,1
35623,637.0,240.0,22.43,13.0,5.2,44.1,Desconhecido,Desconhecido,Desconhecido,Auger,NO,South,1,1,0,1,1,1
35624,637.0,240.0,9.24,13.0,5.2,44.1,Desconhecido,Desconhecido,Desconhecido,Auger,NO,South,1,1,0,1,1,1
35625,637.0,240.0,27.71,13.0,5.2,44.1,Desconhecido,Desconhecido,Desconhecido,Auger,NO,South,1,1,0,1,1,1
35626,637.0,240.0,9.24,13.0,5.2,44.1,Desconhecido,Desconhecido,Desconhecido,Auger,NO,South,1,1,0,1,1,1
35627,637.0,240.0,23.75,13.0,5.2,44.1,Desconhecido,Desconhecido,Desconhecido,Auger,NO,South,1,1,0,1,1,1
35628,637.0,240.0,13.86,13.0,5.2,44.1,Desconhecido,Desconhecido,Desconhecido,Auger,NO,South,1,1,0,1,1,1
35629,637.0,240.0,28.38,13.0,5.2,44.1,Desconhecido,Desconhecido,Desconhecido,Auger,NO,South,1,1,0,1,1,1
35630,637.0,240.0,7.26,13.0,5.2,44.1,Desconhecido,Desconhecido,Desconhecido,Auger,NO,South,1,1,0,1,1,1
35631,637.0,240.0,9.24,13.0,5.2,44.1,Desconhecido,Desconhecido,Desconhecido,Auger,NO,South,1,1,0,1,1,1
35632,637.0,240.0,5.93,13.0,5.2,44.1,Desconhecido,Desconhecido,Desconhecido,Auger,NO,South,1,1,0,1,1,1
35633,637.0,240.0,6.6,13.0,5.2,44.1,Desconhecido,Desconhecido,Desconhecido,Auger,NO,South,1,1,0,1,1,1
35634,637.0,240.0,5.93,13.0,5.2,44.1,Desconhecido,Desconhecido,Desconhecido,Auger,NO,South,1,1,0,1,1,1
35635,637.0,240.0,5.93,13.0,5.2,44.1,Desconhecido,Desconhecido,Desconhecido,Auger,NO,South,1,1,0,1,1,1
35636,637.0,240.0,6.6,13.0,5.2,44.1,Desconhecido,Desconhecido,Desconhecido,Auger,NO,South,1,1,0,1,1,1
35637,637.0,240.0,6.6,13.0,5.2,44.1,Desconhecido,Desconhecido,Desconhecido,Auger,NO,South,1,1,0,1,1,1
35638,637.0,240.0,5.93,13.0,5.2,44.1,Desconhecido,Desconhecido,Desconhecido,Auger,NO,South,1,1,0,1,1,1
35639,637.0,240.0,7.26,13.0,5.2,44.1,Desconhecido,Desconhecido,Desconhecido,Auger,NO,South,1,1,0,1,1,1
35640,637.0,240.0,5.93,13.0,5.2,44.1,Desconhecido,Desconhecido,Desconhecido,Auger,NO,South,1,1,0,1,1,1
35641,637.0,240.0,9.89,13.0,5.2,44.1,Desconhecido,Desconhecido,Desconhecido,Auger,NO,South,1,1,0,1,1,1
35642,637.0,240.0,7.91,13.0,5.2,44.1,Desconhecido,Desconhecido,Desconhecido,Auger,NO,South,1,1,0,1,1,1
35643,637.0,240.0,9.24,13.0,5.2,44.1,Desconhecido,Desconhecido,Desconhecido,Auger,NO,South,1,1,0,1,1,1
35644,637.0,240.0,5.93,13.0,5.2,44.1,Desconhecido,Desconhecido,Desconhecido,Auger,NO,South,1,1,0,1,1,1
35645,637.0,240.0,5.93,13.0,5.2,44.1,Desconhecido,Desconhecido,Desconhecido,Auger,NO,South,1,1,0,1,1,1
35646,637.0,240.0,5.93,13.0,5.2,44.1,Desconhecido,Desconhecido,Desconhecido,Auger,NO,South,1,1,0,1,1,1
35647,637.0,240.0,5.93,13.0,5.2,44.1,Desconhecido,Desconhecido,Desconhecido,Auger,NO,South,1,1,0,1,1,1
35648,637.0,240.0,5.93,13.0,5.2,44.1,Desconhecido,Desconhecido,Desconhecido,Auger,NO,South,1,1,0,1,1,1
35649,637.0,240.0,7.26,13.0,5.2,44.1,Desconhecido,Desconhecido,Desconhecido,Auger,NO,South,1,1,0,1,1,1
35650,637.0,240.0,5.93,13.0,5.2,44.1,Desconhecido,Desconhecido,Desconhecido,Auger,NO,South,1,1,0,1,1,1
35651,637.0,240.0,8.58,13.0,5.2,44.1,Desconhecido,Desconhecido,Desconhecido,Auger,NO,South,1,1,0,1,1,1
35652,637.0,240.0,5.93,13.0,5.2,44.1,Desconhecido,Desconhecido,Desconhecido,Auger,NO,South,1,1,0,1,1,1
35653,637.0,240.0,7.26,13.0,5.2,44.1,Desconhecido,Desconhecido,Desconhecido,Auger,NO,South,1,1,0,1,1,1
35654,637.0,240.0,5.93,13.0,5.2,44.1,Desconhecido,Desconhecido,Desconhecido,Auger,NO,South,1,1,0,1,1,1
35655,637.0,240.0,16.49,13.0,5.2,44.1,Desconhecido,Desconhecido,Desconhecido,Auger,NO,South,1,1,0,1,1,1
35656,637.0,240.0,5.93,13.0,5.2,44.1,Desconhecido,Desconhecido,Desconhecido,Auger,NO,South,1,1,0,1,1,1
35657,637.0,240.0,13.19,13.0,5.2,44.1,Desconhecido,Desconhecido,Desconhecido,Auger,NO,South,1,1,0,1,1,1
35658,637.0,240.0,6.6,13.0,5.2,44.1,Desconhecido,Desconhecido,Desconhecido,Auger,NO,South,1,1,0,1,1,1
35659,637.0,240.0,11.21,13.0,5.2,44.1,Desconhecido,Desconhecido,Desconhecido,Auger,NO,South,1,1,0,1,1,1
35660,637.0,240.0,5.93,13.0,5.2,44.1,Desconhecido,Desconhecido,Desconhecido,Auger,NO,South,1,1,0,1,1,1
35661,637.0,240.0,9.24,13.0,5.2,44.1,Desconhecido,Desconhecido,Desconhecido,Auger,NO,South,1,1,0,1,1,1
35662,637.0,240.0,3.52,13.0,5.2,44.1,Desconhecido,Desconhecido,Desconhecido,Auger,NO,South,1,1,0,1,1,1
35663,637.0,240.0,5.93,13.0,5.2,44.1,Desconhecido,Desconhecido,Desconhecido,Auger,NO,South,1,1,0,1,1,1
35664,637.0,240.0,3.52,13.0,5.2,44.1,Desconhecido,Desconhecido,Desconhecido,Auger,NO,South,1,1,0,1,1,1
35665,637.0,240.0,9.24,13.0,5.2,44.1,Desconhecido,Desconhecido,Desconhecido,Auger,NO,South,1,1,0,1,1,1
35666,637.0,240.0,9.24,13.0,5.2,44.1,Desconhecido,Desconhecido,Desconhecido,Auger,NO,South,1,1,0,1,1,1
35667,637.0,240.0,8.58,13.0,5.2,44.1,Desconhecido,Desconhecido,Desconhecido,Auger,NO,South,1,1,0,1,1,1
35668,637.0,240.0,3.52,13.0,5.2,44.1,Desconhecido,Desconhecido,Desconhecido,Auger,NO,South,1,1,0,1,1,1
35669,637.0,240.0,9.89,13.0,5.2,44.1,Desconhecido,Desconhecido,Desconhecido,Auger,NO,South,1,1,0,1,1,1
35670,637.0,240.0,3.52,13.0,5.2,44.1,Desconhecido,Desconhecido,Desconhecido,Auger,NO,South,1,1,0,1,1,1
35671,637.0,240.0,9.24,13.0,5.2,44.1,Desconhecido,Desconhecido,Desconhecido,Auger,NO,South,1,1,0,1,1,1
35672,637.0,240.0,5.93,13.0,5.2,44.1,Desconhecido,Desconhecido,Desconhecido,Auger,NO,South,1,1,0,1,1,1
35673,637.0,240.0,9.24,13.0,5.2,44.1,Desconhecido,Desconhecido,Desconhecido,Auger,NO,South,1,1,0,1,1,1
35674,637.0,240.0,5.93,13.0,5.2,44.1,Desconhecido,Desconhecido,Desconhecido,Auger,NO,South,1,1,0,1,1,1
35675,637.0,240.0,21.17,13.0,5.2,44.1,Desconhecido,Desconhecido,Desconhecido,Auger,NO,South,1,1,0,1,1,1
35676,637.0,240.0,20.52,13.0,5.2,44.1,Desconhecido,Desconhecido,Desconhecido,Auger,NO,South,1,1,0,1,1,1
35677,637.0,240.0,20.83,13.0,5.2,44.1,Desconhecido,Desconhecido,Desconhecido,Auger,NO,South,1,1,0,1,1,1
35678,637.0,240.0,20.83,13.0,5.2,44.1,Desconhecido,Desconhecido,Desconhecido,Auger,NO,South,1,1,0,1,1,1
35679,637.0,240.0,20.83,13.0,5.2,44.1,Desconhecido,Desconhecido,Desconhecido,Auger,NO,South,1,1,0,1,1,1
35680,637.0,240.0,26.97,13.0,5.2,44.1,Desconhecido,Desconhecido,Desconhecido,Auger,NO,South,1,1,0,1,1,1
35681,637.0,240.0,20.23,13.0,5.2,44.1,Desconhecido,Desconhecido,Desconhecido,Auger,NO,South,1,1,0,1,1,1
35682,637.0,240.0,19.61,13.0,5.2,44.1,Desconhecido,Desconhecido,Desconhecido,Auger,NO,South,1,1,0,1,1,1
35683,637.0,240.0,24.51,13.0,5.2,44.1,Desconhecido,Desconhecido,Desconhecido,Auger,NO,South,1,1,0,1,1,1
35684,637.0,240.0,22.67,13.0,5.2,44.1,Desconhecido,Desconhecido,Desconhecido,Auger,NO,South,1,1,0,1,1,1
35685,637.0,240.0,20.83,13.0,5.2,44.1,Desconhecido,Desconhecido,Desconhecido,Auger,NO,South,1,1,0,1,1,1
35686,637.0,240.0,23.53,13.0,5.2,44.1,Desconhecido,Desconhecido,Desconhecido,Auger,NO,South,1,1,0,1,1,1
35687,637.0,240.0,20.26,13.0,5.2,44.1,Desconhecido,Desconhecido,Desconhecido,Auger,NO,South,1,1,0,1,1,1
35688,637.0,240.0,26.8,13.0,5.2,44.1,Desconhecido,Desconhecido,Desconhecido,Auger,NO,South,1,1,0,1,1,1
35689,637.0,240.0,21.57,13.0,5.2,44.1,Desconhecido,Desconhecido,Desconhecido,Auger,NO,South,1,1,0,1,1,1
35690,637.0,240.0,5.88,13.0,5.2,44.1,Desconhecido,Desconhecido,Desconhecido,Auger,NO,South,1,1,0,1,1,1
35691,637.0,240.0,5.88,13.0,5.2,44.1,Desconhecido,Desconhecido,Desconhecido,Auger,NO,South,1,1,0,1,1,1
35692,637.0,240.0,25.49,13.0,5.2,44.1,Desconhecido,Desconhecido,Desconhecido,Auger,NO,South,1,1,0,1,1,1
35693,637.0,240.0,25.49,13.0,5.2,44.1,Desconhecido,Desconhecido,Desconhecido,Auger,NO,South,1,1,0,1,1,1
35694,637.0,240.0,15.433333,13.0,5.2,44.1,Desconhecido,Desconhecido,Desconhecido,Auger,NO,South,1,1,0,1,1,1
35695,637.0,240.0,19.8,13.0,5.2,44.1,Desconhecido,Desconhecido,Desconhecido,Auger,NO,South,1,1,0,1,1,1
35696,637.0,240.0,8.8,13.0,5.2,44.1,Desconhecido,Desconhecido,Desconhecido,Auger,NO,South,1,1,0,1,1,1
35697,637.0,240.0,3.52,13.0,5.2,44.1,Desconhecido,Desconhecido,Desconhecido,Auger,NO,South,1,1,0,1,1,1
35698,637.0,240.0,3.52,13.0,5.2,44.1,Desconhecido,Desconhecido,Desconhecido,Auger,NO,South,1,1,0,1,1,1
35699,637.0,240.0,22.43,13.0,5.2,44.1,Desconhecido,Desconhecido,Desconhecido,Auger,NO,South,1,1,0,1,1,1
35700,637.0,240.0,15.433333,13.0,5.2,44.1,Desconhecido,Desconhecido,Desconhecido,Auger,NO,South,1,1,0,1,1,1
35701,637.0,240.0,8.8,13.0,5.2,44.1,Desconhecido,Desconhecido,Desconhecido,Auger,NO,South,1,1,0,1,1,1
35702,637.0,240.0,15.433333,13.0,5.2,44.1,Desconhecido,Desconhecido,Desconhecido,Auger,NO,South,1,1,0,1,1,1
35703,637.0,240.0,8.8,13.0,5.2,44.1,Desconhecido,Desconhecido,Desconhecido,Auger,NO,South,1,1,0,1,1,1
35704,637.0,240.0,22.43,13.0,5.2,44.1,Desconhecido,Desconhecido,Desconhecido,Auger,NO,South,1,1,0,1,1,1
35705,637.0,240.0,3.52,13.0,5.2,44.1,Desconhecido,Desconhecido,Desconhecido,Auger,NO,South,1,1,0,1,1,1
35706,637.0,240.0,3.52,13.0,5.2,44.1,Desconhecido,Desconhecido,Desconhecido,Auger,NO,South,1,1,0,1,1,1
35707,637.0,240.0,15.433333,13.0,5.2,44.1,Desconhecido,Desconhecido,Desconhecido,Auger,NO,South,1,1,0,1,1,1
35708,637.0,240.0,23.75,13.0,5.2,44.1,Desconhecido,Desconhecido,Desconhecido,Auger,NO,South,1,1,0,1,1,1
35709,637.0,240.0,8.8,13.0,5.2,44.1,Desconhecido,Desconhecido,Desconhecido,Auger,NO,South,1,1,0,1,1,1
35710,637.0,240.0,8.8,13.0,5.2,44.1,Desconhecido,Desconhecido,Desconhecido,Auger,NO,South,1,1,0,1,1,1
35711,637.0,240.0,23.1,13.0,5.2,44.1,Desconhecido,Desconhecido,Desconhecido,Auger,NO,South,1,1,0,1,1,1
35712,637.0,240.0,28.38,13.0,5.2,44.1,Desconhecido,Desconhecido,Desconhecido,Auger,NO,South,1,1,0,1,1,1
35713,637.0,240.0,20.45,13.0,5.2,44.1,Desconhecido,Desconhecido,Desconhecido,Auger,NO,South,1,1,0,1,1,1
35714,637.0,240.0,20.45,13.0,5.2,44.1,Desconhecido,Desconhecido,Desconhecido,Auger,NO,South,1,1,0,1,1,1
35715,637.0,240.0,3.52,13.0,5.2,44.1,Desconhecido,Desconhecido,Desconhecido,Auger,NO,South,1,1,0,1,1,1
35716,637.0,240.0,8.8,13.0,5.2,44.1,Desconhecido,Desconhecido,Desconhecido,Auger,NO,South,1,1,0,1,1,1
35717,637.0,240.0,42.07,13.0,5.2,44.1,Desconhecido,Desconhecido,Desconhecido,Auger,NO,South,1,1,0,1,1,1
35718,637.0,240.0,26.57,13.0,5.2,44.1,Desconhecido,Desconhecido,Desconhecido,Auger,NO,South,1,1,0,1,1,1
35719,637.0,240.0,38.74,13.0,5.2,44.1,Desconhecido,Desconhecido,Desconhecido,Auger,NO,South,1,1,0,1,1,1
35720,637.0,240.0,18.71,13.0,5.2,44.1,Desconhecido,Desconhecido,Desconhecido,Auger,NO,South,1,1,0,1,1,1
35721,637.0,240.0,57.43,13.0,5.2,44.1,Desconhecido,Desconhecido,Desconhecido,Auger,NO,South,1,1,0,1,1,1
35722,637.0,240.0,24.7,13.0,5.2,44.1,Desconhecido,Desconhecido,Desconhecido,Auger,NO,South,1,1,0,1,1,1
35723,637.0,240.0,57.43,13.0,5.2,44.1,Desconhecido,Desconhecido,Desconhecido,Auger,NO,South,1,1,0,1,1,1
35724,637.0,240.0,50.08,13.0,5.2,44.1,Desconhecido,Desconhecido,Desconhecido,Auger,NO,South,1,1,0,1,1,1
35725,637.0,240.0,26.05,13.0,5.2,44.1,Desconhecido,Desconhecido,Desconhecido,Auger,NO,South,1,1,0,1,1,1
35726,637.0,240.0,15.36,13.0,5.2,44.1,Desconhecido,Desconhecido,Desconhecido,Auger,NO,South,1,1,0,1,1,1
35727,637.0,240.0,39.41,13.0,5.2,44.1,Desconhecido,Desconhecido,Desconhecido,Auger,NO,South,1,1,0,1,1,1
35728,637.0,240.0,52.1,13.0,5.2,44.1,Desconhecido,Desconhecido,Desconhecido,Auger,NO,South,1,1,0,1,1,1
35729,637.0,240.0,59.44,13.0,5.2,44.1,Desconhecido,Desconhecido,Desconhecido,Auger,NO,South,1,1,0,1,1,1
35730,637.0,240.0,36.74,13.0,5.2,44.1,Desconhecido,Desconhecido,Desconhecido,Auger,NO,South,1,1,0,1,1,1
35731,637.0,240.0,35.39,13.0,5.2,44.1,Desconhecido,Desconhecido,Desconhecido,Auger,NO,South,1,1,0,1,1,1
35732,637.0,240.0,6.02,13.0,5.2,44.1,Desconhecido,Desconhecido,Desconhecido,Auger,NO,South,1,1,0,1,1,1
35733,637.0,240.0,62.77,13.0,5.2,44.1,Desconhecido,Desconhecido,Desconhecido,Auger,NO,South,1,1,0,1,1,1
35734,637.0,240.0,46.08,13.0,5.2,44.1,Desconhecido,Desconhecido,Desconhecido,Auger,NO,South,1,1,0,1,1,1
35735,637.0,240.0,30.22,13.0,5.2,44.1,Desconhecido,Desconhecido,Desconhecido,Auger,NO,South,1,1,0,1,1,1
35736,637.0,240.0,47.41,13.0,5.2,44.1,Desconhecido,Desconhecido,Desconhecido,Auger,NO,South,1,1,0,1,1,1
35737,637.0,240.0,63.44,13.0,5.2,44.1,Desconhecido,Desconhecido,Desconhecido,Auger,NO,South,1,1,0,1,1,1
35738,637.0,240.0,30.72,13.0,5.2,44.1,Desconhecido,Desconhecido,Desconhecido,Auger,NO,South,1,1,0,1,1,1
35739,637.0,240.0,42.74,13.0,5.2,44.1,Desconhecido,Desconhecido,Desconhecido,Auger,NO,South,1,1,0,1,1,1
35740,637.0,240.0,32.57,13.0,5.2,44.1,Desconhecido,Desconhecido,Desconhecido,Auger,NO,South,1,1,0,1,1,1
35741,637.0,240.0,60.77,13.0,5.2,44.1,Desconhecido,Desconhecido,Desconhecido,Auger,NO,South,1,1,0,1,1,1
35742,637.0,240.0,43.41,13.0,5.2,44.1,Desconhecido,Desconhecido,Desconhecido,Auger,NO,South,1,1,0,1,1,1
35743,637.0,240.0,38.74,13.0,5.2,44.1,Desconhecido,Desconhecido,Desconhecido,Auger,NO,South,1,1,0,1,1,1
35744,637.0,240.0,51.43,13.0,5.2,44.1,Desconhecido,Desconhecido,Desconhecido,Auger,NO,South,1,1,0,1,1,1
35745,637.0,240.0,42.07,13.0,5.2,44.1,Desconhecido,Desconhecido,Desconhecido,Auger,NO,South,1,1,0,1,1,1
35746,637.0,240.0,43.41,13.0,5.2,44.1,Desconhecido,Desconhecido,Desconhecido,Auger,NO,South,1,1,0,1,1,1
35747,637.0,240.0,28.72,13.0,5.2,44.1,Desconhecido,Desconhecido,Desconhecido,Auger,NO,South,1,1,0,1,1,1
35748,637.0,240.0,16.03,13.0,5.2,44.1,Desconhecido,Desconhecido,Desconhecido,Auger,NO,South,1,1,0,1,1,1
35749,637.0,240.0,56.1,13.0,5.2,44.1,Desconhecido,Desconhecido,Desconhecido,Auger,NO,South,1,1,0,1,1,1
35750,637.0,240.0,32.72,13.0,5.2,44.1,Desconhecido,Desconhecido,Desconhecido,Auger,NO,South,1,1,0,1,1,1
35751,637.0,240.0,26.72,13.0,5.2,44.1,Desconhecido,Desconhecido,Desconhecido,Auger,NO,South,1,1,0,1,1,1
35752,637.0,240.0,26.72,13.0,5.2,44.1,Desconhecido,Desconhecido,Desconhecido,Auger,NO,South,1,1,0,1,1,1
35753,637.0,240.0,50.75,13.0,5.2,44.1,Desconhecido,Desconhecido,Desconhecido,Auger,NO,South,1,1,0,1,1,1
35754,637.0,240.0,45.41,13.0,5.2,44.1,Desconhecido,Desconhecido,Desconhecido,Auger,NO,South,1,1,0,1,1,1
35755,637.0,240.0,37.39,13.0,5.2,44.1,Desconhecido,Desconhecido,Desconhecido,Auger,NO,South,1,1,0,1,1,1
35756,637.0,240.0,41.41,13.0,5.2,44.1,Desconhecido,Desconhecido,Desconhecido,Auger,NO,South,1,1,0,1,1,1
35757,637.0,240.0,47.41,13.0,5.2,44.1,Desconhecido,Desconhecido,Desconhecido,Auger,NO,South,1,1,0,1,1,1
35758,637.0,240.0,30.72,13.0,5.2,44.1,Desconhecido,Desconhecido,Desconhecido,Auger,NO,South,1,1,0,1,1,1
35759,637.0,240.0,46.75,13.0,5.2,44.1,Desconhecido,Desconhecido,Desconhecido,Auger,NO,South,1,1,0,1,1,1
35760,637.0,240.0,18.03,13.0,5.2,44.1,Desconhecido,Desconhecido,Desconhecido,Auger,NO,South,1,1,0,1,1,1
35761,637.0,240.0,16.69,13.0,5.2,44.1,Desconhecido,Desconhecido,Desconhecido,Auger,NO,South,1,1,0,1,1,1
35762,637.0,240.0,20.71,13.0,5.2,44.1,Desconhecido,Desconhecido,Desconhecido,Auger,NO,South,1,1,0,1,1,1
35763,637.0,240.0,44.74,13.0,5.2,44.1,Desconhecido,Desconhecido,Desconhecido,Auger,NO,South,1,1,0,1,1,1
35764,637.0,240.0,20.71,13.0,5.2,44.1,Desconhecido,Desconhecido,Desconhecido,Auger,NO,South,1,1,0,1,1,1
35765,637.0,240.0,6.67,13.0,5.2,44.1,Desconhecido,Desconhecido,Desconhecido,Auger,NO,South,1,1,0,1,1,1
35766,637.0,240.0,34.07,13.0,5.2,44.1,Desconhecido,Desconhecido,Desconhecido,Auger,NO,South,1,1,0,1,1,1
35767,637.0,240.0,42.74,13.0,5.2,44.1,Desconhecido,Desconhecido,Desconhecido,Auger,NO,South,1,1,0,1,1,1
35768,637.0,240.0,29.38,13.0,5.2,44.1,Desconhecido,Desconhecido,Desconhecido,Auger,NO,South,1,1,0,1,1,1
35769,637.0,240.0,52.1,13.0,5.2,44.1,Desconhecido,Desconhecido,Desconhecido,Auger,NO,South,1,1,0,1,1,1
35770,637.0,240.0,34.07,13.0,5.2,44.1,Desconhecido,Desconhecido,Desconhecido,Auger,NO,South,1,1,0,1,1,1
35771,637.0,240.0,40.07,13.0,5.2,44.1,Desconhecido,Desconhecido,Desconhecido,Auger,NO,South,1,1,0,1,1,1
35772,637.0,240.0,50.08,13.0,5.2,44.1,Desconhecido,Desconhecido,Desconhecido,Auger,NO,South,1,1,0,1,1,1
35773,637.0,240.0,26.72,13.0,5.2,44.1,Desconhecido,Desconhecido,Desconhecido,Auger,NO,South,1,1,0,1,1,1
35774,637.0,240.0,56.29,13.0,5.2,44.1,Desconhecido,Desconhecido,Desconhecido,Auger,NO,South,1,1,0,1,1,1
35775,637.0,240.0,62.6,13.0,5.2,44.1,Desconhecido,Desconhecido,Desconhecido,Auger,NO,South,1,1,0,1,1,1
35776,637.0,240.0,39.5,13.0,5.2,44.1,Desconhecido,Desconhecido,Desconhecido,Auger,NO,South,1,1,0,1,1,1
35777,637.0,240.0,13.76,13.0,5.2,44.1,Desconhecido,Desconhecido,Desconhecido,Auger,NO,South,1,1,0,1,1,1
35778,637.0,240.0,19.26,13.0,5.2,44.1,Desconhecido,Desconhecido,Desconhecido,Auger,NO,South,1,1,0,1,1,1
35779,637.0,240.0,37.15,13.0,5.2,44.1,Desconhecido,Desconhecido,Desconhecido,Auger,NO,South,1,1,0,1,1,1
35780,637.0,240.0,8.17,13.0,5.2,44.1,Desconhecido,Desconhecido,Desconhecido,Auger,NO,South,1,1,0,1,1,1
35781,637.0,240.0,7.5,13.0,5.2,44.1,Desconhecido,Desconhecido,Desconhecido,Auger,NO,South,1,1,0,1,1,1
35782,637.0,240.0,7.5,13.0,5.2,44.1,Desconhecido,Desconhecido,Desconhecido,Auger,NO,South,1,1,0,1,1,1
35783,637.0,240.0,8.17,13.0,5.2,44.1,Desconhecido,Desconhecido,Desconhecido,Auger,NO,South,1,1,0,1,1,1
35784,637.0,240.0,6.55,13.0,5.2,44.1,Desconhecido,Desconhecido,Desconhecido,Auger,NO,South,1,1,0,1,1,1
35785,637.0,240.0,5.9,13.0,5.2,44.1,Desconhecido,Desconhecido,Desconhecido,Auger,NO,South,1,1,0,1,1,1
35786,637.0,240.0,50.22,13.0,5.2,44.1,Desconhecido,Desconhecido,Desconhecido,Auger,NO,South,1,1,0,1,1,1
35787,637.0,240.0,45.86,13.0,5.2,44.1,Desconhecido,Desconhecido,Desconhecido,Auger,NO,South,1,1,0,1,1,1
35788,637.0,240.0,30.79,13.0,5.2,44.1,Desconhecido,Desconhecido,Desconhecido,Auger,NO,South,1,1,0,1,1,1
35789,637.0,240.0,8.52,13.0,5.2,44.1,Desconhecido,Desconhecido,Desconhecido,Auger,NO,South,1,1,0,1,1,1
35790,637.0,240.0,7.86,13.0,5.2,44.1,Desconhecido,Desconhecido,Desconhecido,Auger,NO,South,1,1,0,1,1,1
35791,637.0,240.0,13.76,13.0,5.2,44.1,Desconhecido,Desconhecido,Desconhecido,Auger,NO,South,1,1,0,1,1,1
35792,637.0,240.0,7.86,13.0,5.2,44.1,Desconhecido,Desconhecido,Desconhecido,Auger,NO,South,1,1,0,1,1,1
35793,637.0,240.0,6.55,13.0,5.2,44.1,Desconhecido,Desconhecido,Desconhecido,Auger,NO,South,1,1,0,1,1,1
35794,637.0,240.0,41.55,13.0,5.2,44.1,Desconhecido,Desconhecido,Desconhecido,Auger,NO,South,1,1,0,1,1,1
35795,637.0,240.0,36.1,13.0,5.2,44.1,Desconhecido,Desconhecido,Desconhecido,Auger,NO,South,1,1,0,1,1,1
35796,637.0,240.0,10.22,13.0,5.2,44.1,Desconhecido,Desconhecido,Desconhecido,Auger,NO,South,1,1,0,1,1,1
35797,637.0,240.0,33.7,13.0,5.2,44.1,Desconhecido,Desconhecido,Desconhecido,Auger,NO,South,1,1,0,1,1,1
35798,637.0,240.0,39.5,13.0,5.2,44.1,Desconhecido,Desconhecido,Desconhecido,Auger,NO,South,1,1,0,1,1,1
35799,637.0,240.0,25.2,13.0,5.2,44.1,Desconhecido,Desconhecido,Desconhecido,Auger,NO,South,1,1,0,1,1,1
35800,637.0,240.0,12.26,13.0,5.2,44.1,Desconhecido,Desconhecido,Desconhecido,Auger,NO,South,1,1,0,1,1,1
35801,637.0,240.0,34.74,13.0,5.2,44.1,Desconhecido,Desconhecido,Desconhecido,Auger,NO,South,1,1,0,1,1,1
35802,637.0,240.0,12.26,13.0,5.2,44.1,Desconhecido,Desconhecido,Desconhecido,Auger,NO,South,1,1,0,1,1,1
35803,637.0,240.0,21.79,13.0,5.2,44.1,Desconhecido,Desconhecido,Desconhecido,Auger,NO,South,1,1,0,1,1,1
35804,637.0,240.0,11.59,13.0,5.2,44.1,Desconhecido,Desconhecido,Desconhecido,Auger,NO,South,1,1,0,1,1,1
35805,637.0,240.0,30.65,13.0,5.2,44.1,Desconhecido,Desconhecido,Desconhecido,Auger,NO,South,1,1,0,1,1,1
35806,637.0,240.0,17.03,13.0,5.2,44.1,Desconhecido,Desconhecido,Desconhecido,Auger,NO,South,1,1,0,1,1,1
35807,637.0,240.0,23.39,13.0,5.2,44.1,Desconhecido,Desconhecido,Desconhecido,Auger,NO,South,1,1,0,1,1,1
35808,637.0,240.0,8.86,13.0,5.2,44.1,Desconhecido,Desconhecido,Desconhecido,Auger,NO,South,1,1,0,1,1,1
35809,637.0,240.0,61.98,13.0,5.2,44.1,Desconhecido,Desconhecido,Desconhecido,Auger,NO,South,1,1,0,1,1,1
35810,637.0,240.0,17.88,13.0,5.2,44.1,Desconhecido,Desconhecido,Desconhecido,Auger,NO,South,1,1,0,1,1,1
35811,637.0,240.0,59.84,13.0,5.2,44.1,Desconhecido,Desconhecido,Desconhecido,Auger,NO,South,1,1,0,1,1,1
35812,637.0,240.0,27.52,13.0,5.2,44.1,Desconhecido,Desconhecido,Desconhecido,Auger,NO,South,1,1,0,1,1,1
35813,637.0,240.0,19.07,13.0,5.2,44.1,Desconhecido,Desconhecido,Desconhecido,Auger,NO,South,1,1,0,1,1,1
35814,637.0,240.0,44.27,13.0,5.2,44.1,Desconhecido,Desconhecido,Desconhecido,Auger,NO,South,1,1,0,1,1,1
35815,637.0,240.0,24.52,13.0,5.2,44.1,Desconhecido,Desconhecido,Desconhecido,Auger,NO,South,1,1,0,1,1,1
35816,637.0,240.0,11.0,13.0,5.2,44.1,Desconhecido,Desconhecido,Desconhecido,Auger,NO,South,1,1,0,1,1,1
35817,637.0,240.0,17.71,13.0,5.2,44.1,Desconhecido,Desconhecido,Desconhecido,Auger,NO,South,1,1,0,1,1,1
35818,637.0,240.0,7.5,13.0,5.2,44.1,Desconhecido,Desconhecido,Desconhecido,Auger,NO,South,1,1,0,1,1,1
35819,637.0,240.0,31.33,13.0,5.2,44.1,Desconhecido,Desconhecido,Desconhecido,Auger,NO,South,1,1,0,1,1,1
35820,637.0,240.0,5.5,13.0,5.2,44.1,Desconhecido,Desconhecido,Desconhecido,Auger,NO,South,1,1,0,1,1,1
35821,637.0,240.0,35.08,13.0,5.2,44.1,Desconhecido,Desconhecido,Desconhecido,Auger,NO,South,1,1,0,1,1,1
35822,637.0,240.0,11.59,13.0,5.2,44.1,Desconhecido,Desconhecido,Desconhecido,Auger,NO,South,1,1,0,1,1,1
35823,637.0,240.0,21.12,13.0,5.2,44.1,Desconhecido,Desconhecido,Desconhecido,Auger,NO,South,1,1,0,1,1,1
35824,637.0,240.0,53.81,13.0,5.2,44.1,Desconhecido,Desconhecido,Desconhecido,Auger,NO,South,1,1,0,1,1,1
35825,637.0,240.0,29.58,13.0,5.2,44.1,Desconhecido,Desconhecido,Desconhecido,Auger,NO,South,1,1,0,1,1,1
35826,637.0,240.0,14.31,13.0,5.2,44.1,Desconhecido,Desconhecido,Desconhecido,Auger,NO,South,1,1,0,1,1,1
35827,637.0,240.0,52.44,13.0,5.2,44.1,Desconhecido,Desconhecido,Desconhecido,Auger,NO,South,1,1,0,1,1,1
35828,637.0,240.0,6.19,13.0,5.2,44.1,Desconhecido,Desconhecido,Desconhecido,Auger,NO,South,1,1,0,1,1,1
35829,637.0,240.0,8.17,13.0,5.2,44.1,Desconhecido,Desconhecido,Desconhecido,Auger,NO,South,1,1,0,1,1,1
35830,637.0,240.0,24.52,13.0,5.2,44.1,Desconhecido,Desconhecido,Desconhecido,Auger,NO,South,1,1,0,1,1,1
35831,637.0,240.0,27.93,13.0,5.2,44.1,Desconhecido,Desconhecido,Desconhecido,Auger,NO,South,1,1,0,1,1,1
35832,637.0,240.0,48.36,13.0,5.2,44.1,Desconhecido,Desconhecido,Desconhecido,Auger,NO,South,1,1,0,1,1,1
35833,637.0,240.0,43.34,13.0,5.2,44.1,Desconhecido,Desconhecido,Desconhecido,Auger,NO,South,1,1,0,1,1,1
35834,637.0,240.0,29.96,13.0,5.2,44.1,Desconhecido,Desconhecido,Desconhecido,Auger,NO,South,1,1,0,1,1,1
35835,637.0,240.0,10.22,13.0,5.2,44.1,Desconhecido,Desconhecido,Desconhecido,Auger,NO,South,1,1,0,1,1,1
35836,637.0,240.0,28.6,13.0,5.2,44.1,Desconhecido,Desconhecido,Desconhecido,Auger,NO,South,1,1,0,1,1,1
35837,637.0,240.0,36.02,13.0,5.2,44.1,Desconhecido,Desconhecido,Desconhecido,Auger,NO,South,1,1,0,1,1,1
35838,637.0,240.0,36.46,13.0,5.2,44.1,Desconhecido,Desconhecido,Desconhecido,Auger,NO,South,1,1,0,1,1,1
35839,637.0,240.0,6.81,13.0,5.2,44.1,Desconhecido,Desconhecido,Desconhecido,Auger,NO,South,1,1,0,1,1,1
35840,637.0,240.0,6.88,13.0,5.2,44.1,Desconhecido,Desconhecido,Desconhecido,Auger,NO,South,1,1,0,1,1,1
35841,637.0,240.0,39.5,13.0,5.2,44.1,Desconhecido,Desconhecido,Desconhecido,Auger,NO,South,1,1,0,1,1,1
35842,637.0,240.0,28.2,13.0,5.2,44.1,Desconhecido,Desconhecido,Desconhecido,Auger,NO,South,1,1,0,1,1,1
35843,637.0,240.0,19.26,13.0,5.2,44.1,Desconhecido,Desconhecido,Desconhecido,Auger,NO,South,1,1,0,1,1,1
35844,637.0,240.0,12.26,13.0,5.2,44.1,Desconhecido,Desconhecido,Desconhecido,Auger,NO,South,1,1,0,1,1,1
35845,637.0,240.0,33.38,13.0,5.2,44.1,Desconhecido,Desconhecido,Desconhecido,Auger,NO,South,1,1,0,1,1,1
35846,637.0,240.0,14.31,13.0,5.2,44.1,Desconhecido,Desconhecido,Desconhecido,Auger,NO,South,1,1,0,1,1,1
35847,637.0,240.0,34.05,13.0,5.2,44.1,Desconhecido,Desconhecido,Desconhecido,Auger,NO,South,1,1,0,1,1,1
35848,637.0,240.0,12.26,13.0,5.2,44.1,Desconhecido,Desconhecido,Desconhecido,Auger,NO,South,1,1,0,1,1,1
35849,637.0,240.0,25.45,13.0,5.2,44.1,Desconhecido,Desconhecido,Desconhecido,Auger,NO,South,1,1,0,1,1,1
35850,637.0,240.0,7.57,13.0,5.2,44.1,Desconhecido,Desconhecido,Desconhecido,Auger,NO,South,1,1,0,1,1,1
35851,637.0,240.0,50.91,13.0,5.2,44.1,Desconhecido,Desconhecido,Desconhecido,Auger,NO,South,1,1,0,1,1,1
35852,637.0,240.0,19.07,13.0,5.2,44.1,Desconhecido,Desconhecido,Desconhecido,Auger,NO,South,1,1,0,1,1,1
35853,637.0,240.0,8.17,13.0,5.2,44.1,Desconhecido,Desconhecido,Desconhecido,Auger,NO,South,1,1,0,1,1,1
35854,637.0,240.0,6.14,13.0,5.2,44.1,Desconhecido,Desconhecido,Desconhecido,Auger,NO,South,1,1,0,1,1,1
35855,637.0,240.0,8.17,13.0,5.2,44.1,Desconhecido,Desconhecido,Desconhecido,Auger,NO,South,1,1,0,1,1,1
35856,637.0,240.0,34.05,13.0,5.2,44.1,Desconhecido,Desconhecido,Desconhecido,Auger,NO,South,1,1,0,1,1,1
35857,637.0,240.0,31.33,13.0,5.2,44.1,Desconhecido,Desconhecido,Desconhecido,Auger,NO,South,1,1,0,1,1,1
35858,637.0,240.0,14.31,13.0,5.2,44.1,Desconhecido,Desconhecido,Desconhecido,Auger,NO,South,1,1,0,1,1,1
35859,637.0,240.0,60.18,13.0,5.2,44.1,Desconhecido,Desconhecido,Desconhecido,Auger,NO,South,1,1,0,1,1,1
35860,637.0,240.0,20.88,13.0,5.2,44.1,Desconhecido,Desconhecido,Desconhecido,Auger,NO,South,1,1,0,1,1,1
35861,637.0,240.0,36.77,13.0,5.2,44.1,Desconhecido,Desconhecido,Desconhecido,Auger,NO,South,1,1,0,1,1,1
35862,637.0,240.0,19.07,13.0,5.2,44.1,Desconhecido,Desconhecido,Desconhecido,Auger,NO,South,1,1,0,1,1,1
35863,637.0,240.0,46.77,13.0,5.2,44.1,Desconhecido,Desconhecido,Desconhecido,Auger,NO,South,1,1,0,1,1,1
35864,637.0,240.0,19.76,13.0,5.2,44.1,Desconhecido,Desconhecido,Desconhecido,Auger,NO,South,1,1,0,1,1,1
35865,637.0,240.0,38.82,13.0,5.2,44.1,Desconhecido,Desconhecido,Desconhecido,Auger,NO,South,1,1,0,1,1,1
35866,637.0,240.0,14.31,13.0,5.2,44.1,Desconhecido,Desconhecido,Desconhecido,Auger,NO,South,1,1,0,1,1,1
35867,637.0,240.0,58.48,13.0,5.2,44.1,Desconhecido,Desconhecido,Desconhecido,Auger,NO,South,1,1,0,1,1,1
35868,637.0,240.0,7.86,13.0,5.2,44.1,Desconhecido,Desconhecido,Desconhecido,Auger,NO,South,1,1,0,1,1,1
35869,637.0,240.0,38.82,13.0,5.2,44.1,Desconhecido,Desconhecido,Desconhecido,Auger,NO,South,1,1,0,1,1,1
35870,637.0,240.0,40.58,13.0,5.2,44.1,Desconhecido,Desconhecido,Desconhecido,Auger,NO,South,1,1,0,1,1,1
35871,637.0,240.0,13.36,13.0,5.2,44.1,Desconhecido,Desconhecido,Desconhecido,Auger,NO,South,1,1,0,1,1,1
35872,637.0,240.0,46.08,13.0,5.2,44.1,Desconhecido,Desconhecido,Desconhecido,Auger,NO,South,1,1,0,1,1,1
35873,637.0,240.0,21.12,13.0,5.2,44.1,Desconhecido,Desconhecido,Desconhecido,Auger,NO,South,1,1,0,1,1,1
35874,637.0,240.0,46.08,13.0,5.2,44.1,Desconhecido,Desconhecido,Desconhecido,Auger,NO,South,1,1,0,1,1,1
35875,637.0,240.0,8.69,13.0,5.2,44.1,Desconhecido,Desconhecido,Desconhecido,Auger,NO,South,1,1,0,1,1,1
35876,637.0,240.0,18.4,13.0,5.2,44.1,Desconhecido,Desconhecido,Desconhecido,Auger,NO,South,1,1,0,1,1,1
35877,637.0,240.0,15.933333,13.0,5.2,44.1,Desconhecido,Desconhecido,Desconhecido,Auger,NO,South,1,1,0,1,1,1
35878,637.0,240.0,35.77,13.0,5.2,44.1,Desconhecido,Desconhecido,Desconhecido,Auger,NO,South,1,1,0,1,1,1
35879,637.0,240.0,19.95,13.0,5.2,44.1,Desconhecido,Desconhecido,Desconhecido,Auger,NO,South,1,1,0,1,1,1
35880,637.0,240.0,55.03,13.0,5.2,44.1,Desconhecido,Desconhecido,Desconhecido,Auger,NO,South,1,1,0,1,1,1
35881,637.0,240.0,41.27,13.0,5.2,44.1,Desconhecido,Desconhecido,Desconhecido,Auger,NO,South,1,1,0,1,1,1
35882,637.0,240.0,25.88,13.0,5.2,44.1,Desconhecido,Desconhecido,Desconhecido,Auger,NO,South,1,1,0,1,1,1
35883,637.0,240.0,15.83,13.0,5.2,44.1,Desconhecido,Desconhecido,Desconhecido,Auger,NO,South,1,1,0,1,1,1
35884,637.0,240.0,16.03,13.0,5.2,44.1,Desconhecido,Desconhecido,Desconhecido,Auger,NO,South,1,1,0,1,1,1
35885,637.0,240.0,39.5,13.0,5.2,44.1,Desconhecido,Desconhecido,Desconhecido,Auger,NO,South,1,1,0,1,1,1
35886,637.0,240.0,23.84,13.0,5.2,44.1,Desconhecido,Desconhecido,Desconhecido,Auger,NO,South,1,1,0,1,1,1
35887,637.0,240.0,24.08,13.0,5.2,44.1,Desconhecido,Desconhecido,Desconhecido,Auger,NO,South,1,1,0,1,1,1
35888,637.0,240.0,6.19,13.0,5.2,44.1,Desconhecido,Desconhecido,Desconhecido,Auger,NO,South,1,1,0,1,1,1
35889,637.0,240.0,19.07,13.0,5.2,44.1,Desconhecido,Desconhecido,Desconhecido,Auger,NO,South,1,1,0,1,1,1
35890,637.0,240.0,10.33,13.0,5.2,44.1,Desconhecido,Desconhecido,Desconhecido,Auger,NO,South,1,1,0,1,1,1
35891,637.0,240.0,40.62,13.0,5.2,44.1,Desconhecido,Desconhecido,Desconhecido,Auger,NO,South,1,1,0,1,1,1
35892,637.0,240.0,22.93,13.0,5.2,44.1,Desconhecido,Desconhecido,Desconhecido,Auger,NO,South,1,1,0,1,1,1
35893,637.0,240.0,31.33,13.0,5.2,44.1,Desconhecido,Desconhecido,Desconhecido,Auger,NO,South,1,1,0,1,1,1
35894,637.0,240.0,13.76,13.0,5.2,44.1,Desconhecido,Desconhecido,Desconhecido,Auger,NO,South,1,1,0,1,1,1
35895,637.0,240.0,39.2,13.0,5.2,44.1,Desconhecido,Desconhecido,Desconhecido,Auger,NO,South,1,1,0,1,1,1
35896,637.0,240.0,24.76,13.0,5.2,44.1,Desconhecido,Desconhecido,Desconhecido,Auger,NO,South,1,1,0,1,1,1
35897,637.0,240.0,17.03,13.0,5.2,44.1,Desconhecido,Desconhecido,Desconhecido,Auger,NO,South,1,1,0,1,1,1
35898,637.0,240.0,33.7,13.0,5.2,44.1,Desconhecido,Desconhecido,Desconhecido,Auger,NO,South,1,1,0,1,1,1
35899,637.0,240.0,52.96,13.0,5.2,44.1,Desconhecido,Desconhecido,Desconhecido,Auger,NO,South,1,1,0,1,1,1
35900,637.0,240.0,60.62,13.0,5.2,44.1,Desconhecido,Desconhecido,Desconhecido,Auger,NO,South,1,1,0,1,1,1
35901,637.0,240.0,18.4,13.0,5.2,44.1,Desconhecido,Desconhecido,Desconhecido,Auger,NO,South,1,1,0,1,1,1
35902,637.0,240.0,64.01,13.0,5.2,44.1,Desconhecido,Desconhecido,Desconhecido,Auger,NO,South,1,1,0,1,1,1
35903,637.0,240.0,63.34,13.0,5.2,44.1,Desconhecido,Desconhecido,Desconhecido,Auger,NO,South,1,1,0,1,1,1
35904,637.0,240.0,58.56,13.0,5.2,44.1,Desconhecido,Desconhecido,Desconhecido,Auger,NO,South,1,1,0,1,1,1
35905,637.0,240.0,28.6,13.0,5.2,44.1,Desconhecido,Desconhecido,Desconhecido,Auger,NO,South,1,1,0,1,1,1
35906,637.0,240.0,10.9,13.0,5.2,44.1,Desconhecido,Desconhecido,Desconhecido,Auger,NO,South,1,1,0,1,1,1
35907,637.0,240.0,27.93,13.0,5.2,44.1,Desconhecido,Desconhecido,Desconhecido,Auger,NO,South,1,1,0,1,1,1
35908,637.0,240.0,60.62,13.0,5.2,44.1,Desconhecido,Desconhecido,Desconhecido,Auger,NO,South,1,1,0,1,1,1
35909,637.0,240.0,11.59,13.0,5.2,44.1,Desconhecido,Desconhecido,Desconhecido,Auger,NO,South,1,1,0,1,1,1
35910,637.0,240.0,34.72,13.0,5.2,44.1,Desconhecido,Desconhecido,Desconhecido,Auger,NO,South,1,1,0,1,1,1
35911,637.0,240.0,57.65,13.0,5.2,44.1,Desconhecido,Desconhecido,Desconhecido,Auger,NO,South,1,1,0,1,1,1
35912,637.0,240.0,38.0,13.0,5.2,44.1,Desconhecido,Desconhecido,Desconhecido,Auger,NO,South,1,1,0,1,1,1
35913,637.0,240.0,27.93,13.0,5.2,44.1,Desconhecido,Desconhecido,Desconhecido,Auger,NO,South,1,1,0,1,1,1
35914,637.0,240.0,61.29,13.0,5.2,44.1,Desconhecido,Desconhecido,Desconhecido,Auger,NO,South,1,1,0,1,1,1
35915,637.0,240.0,22.48,13.0,5.2,44.1,Desconhecido,Desconhecido,Desconhecido,Auger,NO,South,1,1,0,1,1,1
35916,637.0,240.0,6.81,13.0,5.2,44.1,Desconhecido,Desconhecido,Desconhecido,Auger,NO,South,1,1,0,1,1,1
35917,637.0,240.0,21.79,13.0,5.2,44.1,Desconhecido,Desconhecido,Desconhecido,Auger,NO,South,1,1,0,1,1,1
35918,637.0,240.0,7.5,13.0,5.2,44.1,Desconhecido,Desconhecido,Desconhecido,Auger,NO,South,1,1,0,1,1,1
35919,637.0,240.0,29.29,13.0,5.2,44.1,Desconhecido,Desconhecido,Desconhecido,Auger,NO,South,1,1,0,1,1,1
35920,637.0,240.0,17.71,13.0,5.2,44.1,Desconhecido,Desconhecido,Desconhecido,Auger,NO,South,1,1,0,1,1,1
35921,637.0,240.0,39.5,13.0,5.2,44.1,Desconhecido,Desconhecido,Desconhecido,Auger,NO,South,1,1,0,1,1,1
35922,637.0,240.0,8.17,13.0,5.2,44.1,Desconhecido,Desconhecido,Desconhecido,Auger,NO,South,1,1,0,1,1,1
35923,637.0,240.0,29.29,13.0,5.2,44.1,Desconhecido,Desconhecido,Desconhecido,Auger,NO,South,1,1,0,1,1,1
35924,637.0,240.0,14.98,13.0,5.2,44.1,Desconhecido,Desconhecido,Desconhecido,Auger,NO,South,1,1,0,1,1,1
35925,637.0,240.0,47.0,13.0,5.2,44.1,Desconhecido,Desconhecido,Desconhecido,Auger,NO,South,1,1,0,1,1,1
35926,637.0,240.0,14.31,13.0,5.2,44.1,Desconhecido,Desconhecido,Desconhecido,Auger,NO,South,1,1,0,1,1,1
35927,637.0,240.0,20.43,13.0,5.2,44.1,Desconhecido,Desconhecido,Desconhecido,Auger,NO,South,1,1,0,1,1,1
35928,637.0,240.0,9.088889,13.0,5.2,44.1,Desconhecido,Desconhecido,Desconhecido,Auger,NO,South,1,1,0,1,1,1
35929,637.0,240.0,36.1,13.0,5.2,44.1,Desconhecido,Desconhecido,Desconhecido,Auger,NO,South,1,1,0,1,1,1
35930,637.0,240.0,47.67,13.0,5.2,44.1,Desconhecido,Desconhecido,Desconhecido,Auger,NO,South,1,1,0,1,1,1
35931,637.0,240.0,38.13,13.0,5.2,44.1,Desconhecido,Desconhecido,Desconhecido,Auger,NO,South,1,1,0,1,1,1
35932,637.0,240.0,23.15,13.0,5.2,44.1,Desconhecido,Desconhecido,Desconhecido,Auger,NO,South,1,1,0,1,1,1
35933,637.0,240.0,42.91,13.0,5.2,44.1,Desconhecido,Desconhecido,Desconhecido,Auger,NO,South,1,1,0,1,1,1
35934,637.0,240.0,9.088889,13.0,5.2,44.1,Desconhecido,Desconhecido,Desconhecido,Auger,NO,South,1,1,0,1,1,1
35935,637.0,240.0,27.24,13.0,5.2,44.1,Desconhecido,Desconhecido,Desconhecido,Auger,NO,South,1,1,0,1,1,1
35936,637.0,240.0,14.98,13.0,5.2,44.1,Desconhecido,Desconhecido,Desconhecido,Auger,NO,South,1,1,0,1,1,1
35937,637.0,240.0,32.69,13.0,5.2,44.1,Desconhecido,Desconhecido,Desconhecido,Auger,NO,South,1,1,0,1,1,1
35938,637.0,240.0,12.26,13.0,5.2,44.1,Desconhecido,Desconhecido,Desconhecido,Auger,NO,South,1,1,0,1,1,1
35939,637.0,240.0,45.63,13.0,5.2,44.1,Desconhecido,Desconhecido,Desconhecido,Auger,NO,South,1,1,0,1,1,1
35940,637.0,240.0,5.45,13.0,5.2,44.1,Desconhecido,Desconhecido,Desconhecido,Auger,NO,South,1,1,0,1,1,1
35941,637.0,240.0,36.77,13.0,5.2,44.1,Desconhecido,Desconhecido,Desconhecido,Auger,NO,South,1,1,0,1,1,1
35942,637.0,240.0,12.95,13.0,5.2,44.1,Desconhecido,Desconhecido,Desconhecido,Auger,NO,South,1,1,0,1,1,1
35943,637.0,240.0,38.82,13.0,5.2,44.1,Desconhecido,Desconhecido,Desconhecido,Auger,NO,South,1,1,0,1,1,1
35944,637.0,240.0,12.95,13.0,5.2,44.1,Desconhecido,Desconhecido,Desconhecido,Auger,NO,South,1,1,0,1,1,1
35945,637.0,240.0,13.62,13.0,5.2,44.1,Desconhecido,Desconhecido,Desconhecido,Auger,NO,South,1,1,0,1,1,1
35946,637.0,240.0,6.81,13.0,5.2,44.1,Desconhecido,Desconhecido,Desconhecido,Auger,NO,South,1,1,0,1,1,1
35947,637.0,240.0,51.08,13.0,5.2,44.1,Desconhecido,Desconhecido,Desconhecido,Auger,NO,South,1,1,0,1,1,1
35948,637.0,240.0,19.07,13.0,5.2,44.1,Desconhecido,Desconhecido,Desconhecido,Auger,NO,South,1,1,0,1,1,1
35949,637.0,240.0,34.74,13.0,5.2,44.1,Desconhecido,Desconhecido,Desconhecido,Auger,NO,South,1,1,0,1,1,1
35950,637.0,240.0,12.95,13.0,5.2,44.1,Desconhecido,Desconhecido,Desconhecido,Auger,NO,South,1,1,0,1,1,1
35951,637.0,240.0,19.76,13.0,5.2,44.1,Desconhecido,Desconhecido,Desconhecido,Auger,NO,South,1,1,0,1,1,1
35952,637.0,240.0,53.12,13.0,5.2,44.1,Desconhecido,Desconhecido,Desconhecido,Auger,NO,South,1,1,0,1,1,1
35953,637.0,240.0,5.9,13.0,5.2,44.1,Desconhecido,Desconhecido,Desconhecido,Auger,NO,South,1,1,0,1,1,1
35954,637.0,240.0,39.31,13.0,5.2,44.1,Desconhecido,Desconhecido,Desconhecido,Auger,NO,South,1,1,0,1,1,1
35955,637.0,240.0,42.91,13.0,5.2,44.1,Desconhecido,Desconhecido,Desconhecido,Auger,NO,South,1,1,0,1,1,1
35956,637.0,240.0,21.12,13.0,5.2,44.1,Desconhecido,Desconhecido,Desconhecido,Auger,NO,South,1,1,0,1,1,1
35957,637.0,240.0,53.12,13.0,5.2,44.1,Desconhecido,Desconhecido,Desconhecido,Auger,NO,South,1,1,0,1,1,1
35958,637.0,240.0,19.76,13.0,5.2,44.1,Desconhecido,Desconhecido,Desconhecido,Auger,NO,South,1,1,0,1,1,1
35959,637.0,240.0,13.76,13.0,5.2,44.1,Desconhecido,Desconhecido,Desconhecido,Auger,NO,South,1,1,0,1,1,1
35960,637.0,240.0,14.31,13.0,5.2,44.1,Desconhecido,Desconhecido,Desconhecido,Auger,NO,South,1,1,0,1,1,1
35961,637.0,240.0,44.72,13.0,5.2,44.1,Desconhecido,Desconhecido,Desconhecido,Auger,NO,South,1,1,0,1,1,1
35962,637.0,240.0,13.62,13.0,5.2,44.1,Desconhecido,Desconhecido,Desconhecido,Auger,NO,South,1,1,0,1,1,1
35963,637.0,240.0,36.1,13.0,5.2,44.1,Desconhecido,Desconhecido,Desconhecido,Auger,NO,South,1,1,0,1,1,1
35964,637.0,240.0,7.57,13.0,5.2,44.1,Desconhecido,Desconhecido,Desconhecido,Auger,NO,South,1,1,0,1,1,1
35965,637.0,240.0,34.05,13.0,5.2,44.1,Desconhecido,Desconhecido,Desconhecido,Auger,NO,South,1,1,0,1,1,1
35966,637.0,240.0,8.95,13.0,5.2,44.1,Desconhecido,Desconhecido,Desconhecido,Auger,NO,South,1,1,0,1,1,1
35967,637.0,240.0,16.52,13.0,5.2,44.1,Desconhecido,Desconhecido,Desconhecido,Auger,NO,South,1,1,0,1,1,1
35968,637.0,240.0,13.07,13.0,5.2,44.1,Desconhecido,Desconhecido,Desconhecido,Auger,NO,South,1,1,0,1,1,1
35969,637.0,240.0,31.33,13.0,5.2,44.1,Desconhecido,Desconhecido,Desconhecido,Auger,NO,South,1,1,0,1,1,1
35970,637.0,240.0,37.84,13.0,5.2,44.1,Desconhecido,Desconhecido,Desconhecido,Auger,NO,South,1,1,0,1,1,1
35971,637.0,240.0,14.31,13.0,5.2,44.1,Desconhecido,Desconhecido,Desconhecido,Auger,NO,South,1,1,0,1,1,1
35972,637.0,240.0,19.76,13.0,5.2,44.1,Desconhecido,Desconhecido,Desconhecido,Auger,NO,South,1,1,0,1,1,1
35973,637.0,240.0,63.98,13.0,5.2,44.1,Desconhecido,Desconhecido,Desconhecido,Auger,NO,South,1,1,0,1,1,1
35974,637.0,240.0,25.45,13.0,5.2,44.1,Desconhecido,Desconhecido,Desconhecido,Auger,NO,South,1,1,0,1,1,1
35975,637.0,240.0,34.07,13.0,5.2,44.1,Desconhecido,Desconhecido,Desconhecido,Auger,NO,South,1,1,0,1,1,1
35976,637.0,240.0,36.74,13.0,5.2,44.1,Desconhecido,Desconhecido,Desconhecido,Auger,NO,South,1,1,0,1,1,1
36389,299.0,233.0,14.0,78.0,22.0,149.2,Desconhecido,Desconhecido,Desconhecido,Auger,YES,Southeast,0,0,0,0,0,0
36392,342.0,256.0,17.0,64.0,16.0,116.7,Desconhecido,Desconhecido,Desconhecido,Auger,NO,Southeast,0,0,0,0,0,0
36395,220.0,256.0,19.0,86.0,26.0,130.4,Desconhecido,Desconhecido,Desconhecido,Auger,NO,Southeast,0,0,0,0,0,0
36397,387.0,204.0,11.0,72.0,19.0,115.1,Desconhecido,Desconhecido,Desconhecido,Auger,YES,Southeast,0,0,0,0,0,0
36400,462.0,430.0,23.0,47.0,19.0,90.3,Desconhecido,Desconhecido,Desconhecido,Auger,YES,Southeast,0,0,0,0,0,0
36403,462.0,328.0,22.0,15.0,11.0,59.5,Desconhecido,Desconhecido,Desconhecido,Auger,YES,Southeast,0,0,0,0,0,0
36406,384.0,357.0,27.0,29.0,12.0,78.7,Desconhecido,Desconhecido,Desconhecido,Auger,YES,Southeast,0,0,0,0,0,0
36409,424.0,126.0,34.0,71.0,19.0,124.8,Desconhecido,Desconhecido,Desconhecido,Auger,NO,Southeast,0,0,0,0,0,0
36411,362.0,259.0,14.0,71.0,36.0,132.5,Desconhecido,Desconhecido,Desconhecido,Auger,NO,Southeast,0,0,0,0,0,0
36416,420.0,179.0,15.0,29.0,27.0,74.3,Desconhecido,Desconhecido,Desconhecido,Auger,NO,Southeast,0,0,0,0,0,0
36418,508.0,180.0,24.0,61.0,26.0,123.3,Desconhecido,Desconhecido,Desconhecido,Auger,NO,Southeast,0,0,0,0,0,0
36421,359.0,485.0,24.0,19.0,6.0,52.8,Desconhecido,Desconhecido,Desconhecido,Auger,YES,Southeast,0,0,0,0,0,0
36423,591.0,126.0,7.0,6.0,2.0,33.3,Desconhecido,Desconhecido,Desconhecido,Auger,YES,Southeast,0,0,0,0,0,0
36426,149.0,179.0,14.0,33.0,13.0,93.9,Desconhecido,Desconhecido,Desconhecido,Auger,YES,Southeast,0,0,0,0,0,0
36429,291.0,233.0,21.0,68.0,23.0,169.5,Desconhecido,Desconhecido,Desconhecido,Auger,NO,Southeast,0,0,0,0,0,0
36431,450.0,178.0,14.0,45.0,21.0,140.0,Desconhecido,Desconhecido,Desconhecido,Auger,YES,Southeast,0,0,0,0,0,0
36434,387.0,203.0,12.0,49.0,18.0,73.1,Desconhecido,Desconhecido,Desconhecido,Auger,YES,Southeast,0,0,0,0,0,0
36437,426.0,179.0,22.0,70.0,17.0,105.6,Desconhecido,Desconhecido,Desconhecido,Auger,YES,Southeast,0,0,0,0,0,0
36440,320.0,289.0,21.0,34.0,17.0,96.9,Desconhecido,Desconhecido,Desconhecido,Auger,NO,Southeast,0,0,0,0,0,0
36443,489.0,175.0,17.0,36.0,14.0,99.9,Desconhecido,Desconhecido,Desconhecido,Auger,YES,Southeast,0,0,0,0,0,0
36446,418.0,279.0,10.0,15.0,6.0,71.3,Desconhecido,Desconhecido,Desconhecido,Auger,YES,Southeast,0,0,0,0,0,0
36449,131.0,533.0,7.0,24.0,16.0,136.6,Desconhecido,Desconhecido,Desconhecido,Auger,YES,Southeast,0,0,0,0,0,0
36452,382.0,252.0,6.0,50.0,27.0,114.5,Desconhecido,Desconhecido,Desconhecido,Auger,YES,Southeast,0,0,0,0,0,0
36455,218.0,342.0,10.0,56.0,24.0,170.9,Desconhecido,Desconhecido,Desconhecido,Auger,NO,Southeast,0,0,0,0,0,0
36457,541.0,257.0,10.0,11.0,3.0,49.5,Desconhecido,Desconhecido,Desconhecido,Auger,YES,Southeast,0,0,0,0,0,0
36460,562.0,125.0,8.888889,80.0,25.0,130.7,Desconhecido,Desconhecido,Desconhecido,Auger,NO,Southeast,0,0,0,0,0,0
36463,426.0,325.0,21.0,30.0,9.0,95.5,Desconhecido,Desconhecido,Desconhecido,Auger,YES,Southeast,0,0,0,0,0,0
36466,400.0,383.0,12.0,28.0,12.0,91.5,Desconhecido,Desconhecido,Desconhecido,Auger,NO,Southeast,0,0,0,0,0,0
36469,395.0,379.0,8.0,26.0,11.0,84.4,Desconhecido,Desconhecido,Desconhecido,Auger,YES,Southeast,0,0,0,0,0,0
36472,235.0,339.0,8.0,65.0,39.0,137.1,Desconhecido,Desconhecido,Desconhecido,Auger,NO,Southeast,0,0,0,0,0,0
36473,137.0,372.0,13.0,59.0,28.0,118.4,Desconhecido,Desconhecido,Desconhecido,Auger,YES,Southeast,0,0,0,0,0,0
36476,448.0,126.0,13.0,37.0,16.0,70.3,Desconhecido,Desconhecido,Desconhecido,Auger,NO,Southeast,0,0,0,0,0,0
36478,787.0,98.0,7.0,2.0,2.0,32.0,Desconhecido,Desconhecido,Desconhecido,Auger,YES,Southeast,0,0,0,0,0,0
36482,759.0,152.0,8.0,16.0,6.0,42.3,Desconhecido,Desconhecido,Desconhecido,Auger,YES,Southeast,0,0,0,0,0,0
36484,762.0,99.0,9.0,5.0,3.0,28.7,Desconhecido,Desconhecido,Desconhecido,Auger,YES,Southeast,0,0,0,0,0,0
36489,734.0,71.0,6.0,6.0,4.0,27.3,Desconhecido,Desconhecido,Desconhecido,Auger,YES,Southeast,0,0,0,0,0,0
36492,738.0,100.0,8.0,11.0,7.0,60.2,Desconhecido,Desconhecido,Desconhecido,Auger,NO,Southeast,0,0,0,0,0,0
36497,394.0,204.0,13.0,148.0,21.0,184.0,Desconhecido,Desconhecido,Desconhecido,Auger,YES,Southeast,0,0,0,0,0,0
36500,745.0,75.0,6.0,40.0,25.0,83.3,Desconhecido,Desconhecido,Desconhecido,Auger,YES,Southeast,0,0,0,0,0,0
36502,528.0,201.0,15.0,18.0,11.0,87.7,Desconhecido,Desconhecido,Desconhecido,Auger,YES,Southeast,0,0,0,0,0,0
36504,298.0,256.0,14.0,67.0,25.0,138.9,Desconhecido,Desconhecido,Desconhecido,Auger,NO,Southeast,0,0,0,0,0,0
36506,322.0,331.0,12.0,39.0,19.0,125.9,Desconhecido,Desconhecido,Desconhecido,Auger,NO,Southeast,0,0,0,0,0,0
36508,781.0,100.0,11.0,24.0,14.0,48.7,Desconhecido,Desconhecido,Desconhecido,Auger,YES,Southeast,0,0,0,0,0,0
36511,578.0,151.0,11.0,34.0,37.0,85.1,Desconhecido,Desconhecido,Desconhecido,Auger,NO,Southeast,0,0,0,0,0,0
36514,737.0,151.0,12.0,11.0,16.0,34.7,Desconhecido,Desconhecido,Desconhecido,Auger,NO,Southeast,0,0,0,0,0,0
36517,809.0,100.0,7.0,8.0,8.0,34.6,Desconhecido,Desconhecido,Desconhecido,Auger,NO,Southeast,0,0,0,0,0,0
36518,848.0,100.0,10.0,9.0,8.0,29.7,Desconhecido,Desconhecido,Desconhecido,Auger,NO,Southeast,0,0,0,0,0,0
36519,728.0,176.0,7.0,10.0,9.0,37.5,Desconhecido,Desconhecido,Desconhecido,Auger,YES,Southeast,0,0,0,0,0,0
36522,623.0,201.0,15.0,23.0,22.0,59.0,Desconhecido,Desconhecido,Desconhecido,Auger,YES,Southeast,0,0,0,0,0,0
36525,215.0,153.0,11.0,52.0,23.0,118.5,Desconhecido,Desconhecido,Desconhecido,Auger,YES,Southeast,0,0,0,0,0,0
36528,378.0,176.0,17.0,41.0,21.0,103.0,Desconhecido,Desconhecido,Desconhecido,Auger,YES,Southeast,0,0,0,0,0,0
36531,815.0,100.0,7.0,9.0,2.0,24.7,Desconhecido,Desconhecido,Desconhecido,Auger,YES,Southeast,0,0,0,0,0,0
36534,653.0,100.0,3.3333333,25.0,25.0,72.8,Desconhecido,Desconhecido,Desconhecido,Auger,YES,Southeast,0,0,0,0,0,0
36537,807.0,176.0,16.0,22.0,12.0,40.5,Desconhecido,Desconhecido,Desconhecido,Auger,YES,Southeast,0,0,0,0,0,0
36539,340.0,330.0,12.0,20.0,24.0,69.0,Desconhecido,Desconhecido,Desconhecido,Auger,YES,Southeast,0,0,0,0,0,0
36542,796.0,100.0,8.0,13.0,5.0,27.0,Desconhecido,Desconhecido,Desconhecido,Auger,YES,Southeast,0,0,0,0,0,0
36545,678.0,201.0,9.0,21.0,26.0,62.0,Desconhecido,Desconhecido,Desconhecido,Auger,YES,Southeast,0,0,0,0,0,0
36548,341.0,527.0,29.0,26.0,15.0,83.9,Desconhecido,Desconhecido,Desconhecido,Auger,NO,Southeast,0,0,0,0,0,0
36553,580.0,176.0,17.0,6.0,7.0,50.0,Desconhecido,Desconhecido,Desconhecido,Auger,YES,Southeast,0,0,0,0,0,0
36556,358.0,229.0,18.0,47.0,35.0,101.3,Desconhecido,Desconhecido,Desconhecido,Auger,NO,Southeast,0,0,0,0,0,0
36558,586.0,101.0,10.0,16.0,9.0,57.9,Desconhecido,Desconhecido,Desconhecido,Auger,YES,Southeast,0,0,0,0,0,0
36561,548.0,252.0,15.0,14.0,22.0,74.2,Desconhecido,Desconhecido,Desconhecido,Auger,NO,Southeast,0,0,0,0,0,0
36563,616.0,252.0,17.0,13.0,14.0,60.5,Desconhecido,Desconhecido,Desconhecido,Auger,NO,Southeast,0,0,0,0,0,0
36566,656.0,100.0,3.3333333,14.0,6.0,54.7,Desconhecido,Desconhecido,Desconhecido,Auger,YES,Southeast,0,0,0,0,0,0
36569,326.0,385.0,17.0,42.0,64.0,131.1,Desconhecido,Desconhecido,Desconhecido,Auger,NO,Southeast,0,0,0,0,0,0
36572,833.0,100.0,7.0,10.0,9.0,34.9,Desconhecido,Desconhecido,Desconhecido,Auger,NO,Southeast,0,0,0,0,0,0
36575,568.0,151.0,12.0,13.0,26.0,72.9,Desconhecido,Desconhecido,Desconhecido,Auger,NO,Southeast,0,0,0,0,0,0
36578,655.0,125.0,7.0,16.0,14.0,41.9,Desconhecido,Desconhecido,Desconhecido,Auger,YES,Southeast,0,0,0,0,0,0
36581,739.0,100.0,3.3333333,19.0,8.0,41.9,Desconhecido,Desconhecido,Desconhecido,Auger,YES,Southeast,0,0,0,0,0,0
36584,609.0,227.0,13.0,28.0,21.0,73.7,Desconhecido,Desconhecido,Desconhecido,Auger,NO,Southeast,0,0,0,0,0,0
36587,682.0,151.0,7.0,11.0,3.0,43.9,Desconhecido,Desconhecido,Desconhecido,Auger,YES,Southeast,0,0,0,0,0,0
36590,187.0,151.0,3.3333333,33.0,7.0,48.7,Desconhecido,Desconhecido,Desconhecido,Auger,YES,Southeast,0,0,0,0,0,0
36593,740.0,100.0,8.0,23.0,26.0,62.1,Desconhecido,Desconhecido,Desconhecido,Auger,YES,Southeast,0,0,0,0,0,0
36596,196.0,569.0,20.0,25.0,20.0,100.3,Desconhecido,Desconhecido,Desconhecido,Auger,YES,Southeast,0,0,0,0,0,0
36599,162.0,622.0,20.0,30.0,16.0,84.4,Desconhecido,Desconhecido,Desconhecido,Auger,YES,Southeast,0,0,0,0,0,0
36602,724.0,76.0,6.6666665,16.0,11.0,35.9,Desconhecido,Desconhecido,Desconhecido,Auger,YES,Southeast,0,0,0,0,0,0
36605,578.0,153.0,6.6666665,31.0,32.0,90.9,Desconhecido,Desconhecido,Desconhecido,Auger,YES,Southeast,0,0,0,0,0,0
36608,737.0,101.0,9.0,17.0,13.0,43.4,Desconhecido,Desconhecido,Desconhecido,Auger,YES,Southeast,0,0,0,0,0,0
36611,650.0,125.0,9.0,11.0,5.0,55.1,Desconhecido,Desconhecido,Desconhecido,Auger,YES,Southeast,0,0,0,0,0,0
36614,188.0,389.0,23.0,56.0,58.0,166.4,Desconhecido,Desconhecido,Desconhecido,Auger,NO,Southeast,0,0,0,0,0,0
36617,181.0,283.0,9.0,65.0,59.0,149.7,Desconhecido,Desconhecido,Desconhecido,Auger,YES,Southeast,0,0,0,0,0,0
36620,296.0,437.0,21.0,50.0,24.0,117.2,Desconhecido,Desconhecido,Desconhecido,Auger,YES,Southeast,0,0,0,0,0,0
36623,442.0,176.0,15.0,30.0,28.0,89.1,Desconhecido,Desconhecido,Desconhecido,Auger,YES,Southeast,0,0,0,0,0,0
36626,481.0,176.0,10.0,30.0,14.0,61.4,Desconhecido,Desconhecido,Desconhecido,Auger,YES,Southeast,0,0,0,0,0,0
36629,387.0,101.0,11.0,36.0,22.0,71.1,Desconhecido,Desconhecido,Desconhecido,Auger,YES,Southeast,0,0,0,0,0,0
36632,733.0,150.0,10.0,27.0,14.0,47.7,Desconhecido,Desconhecido,Desconhecido,Auger,YES,Southeast,0,0,0,0,0,0
36635,567.0,276.0,16.0,18.0,11.0,65.3,Desconhecido,Desconhecido,Desconhecido,Auger,YES,Southeast,0,0,0,0,0,0
36638,850.0,50.0,6.0,11.0,4.0,20.4,Desconhecido,Desconhecido,Desconhecido,Auger,YES,Southeast,0,0,0,0,0,0
36641,643.0,75.0,3.3333333,17.0,8.0,30.2,Desconhecido,Desconhecido,Desconhecido,Auger,NO,Southeast,0,0,0,0,0,0
36643,209.0,386.0,7.0,59.0,76.0,159.1,Desconhecido,Desconhecido,Desconhecido,Auger,NO,Southeast,0,0,0,0,0,0
36646,446.0,178.0,10.0,34.0,19.0,83.3,Desconhecido,Desconhecido,Desconhecido,Auger,YES,Southeast,0,0,0,0,0,0
36649,509.0,353.0,24.0,19.0,19.0,83.7,Desconhecido,Desconhecido,Desconhecido,Auger,YES,Southeast,0,0,0,0,0,0
36652,951.0,25.0,4.4444447,9.0,4.0,15.5,Desconhecido,Desconhecido,Desconhecido,Auger,NO,Southeast,0,0,0,0,0,0
36655,892.0,75.0,3.3333333,2.0,3.0,22.8,Desconhecido,Desconhecido,Desconhecido,Auger,YES,Southeast,0,0,0,0,0,0
36658,884.0,100.0,8.888889,15.0,4.0,22.8,Desconhecido,Desconhecido,Desconhecido,Auger,YES,Southeast,0,0,0,0,0,0
36661,875.0,100.0,8.0,24.0,5.0,49.9,Desconhecido,Desconhecido,Desconhecido,Auger,NO,Southeast,0,0,0,0,0,0
36664,858.0,125.0,3.3333333,5.0,4.0,19.2,Desconhecido,Desconhecido,Desconhecido,Auger,YES,Southeast,0,0,0,0,0,0
36667,890.0,100.0,6.0,17.0,3.0,32.5,Desconhecido,Desconhecido,Desconhecido,Auger,NO,Southeast,0,0,0,0,0,0
36670,878.0,100.0,6.0,16.0,5.0,27.9,Desconhecido,Desconhecido,Desconhecido,Auger,YES,Southeast,0,0,0,0,0,0
36673,903.0,75.0,6.6666665,13.0,3.0,21.1,Desconhecido,Desconhecido,Desconhecido,Auger,NO,Southeast,0,0,0,0,0,0
36676,925.0,50.0,3.3333333,4.0,3.0,20.5,Desconhecido,Desconhecido,Desconhecido,Auger,YES,Southeast,0,0,0,0,0,0
36679,641.3333,25.0,8.888889,3.0,3.0,16.5,Desconhecido,Desconhecido,Desconhecido,Auger,NO,Southeast,0,0,0,0,0,0
36682,929.0,50.0,6.0,5.0,3.0,14.5,Desconhecido,Desconhecido,Desconhecido,Auger,NO,Southeast,0,0,0,0,0,0
36685,908.0,75.0,3.3333333,7.0,4.0,25.0,Desconhecido,Desconhecido,Desconhecido,Auger,NO,Southeast,0,0,0,0,0,0
36688,867.0,100.0,9.0,18.0,6.0,41.3,Desconhecido,Desconhecido,Desconhecido,Auger,NO,Southeast,0,0,0,0,0,0
36691,895.0,75.0,6.0,7.0,4.0,22.2,Desconhecido,Desconhecido,Desconhecido,Auger,YES,Southeast,0,0,0,0,0,0
36694,648.0,326.0,16.0,9.0,6.0,44.5,Desconhecido,Desconhecido,Desconhecido,Auger,NO,Southeast,0,0,0,0,0,0
36696,833.0,150.0,12.0,11.0,6.0,30.8,Desconhecido,Desconhecido,Desconhecido,Auger,NO,Southeast,0,0,0,0,0,0
36699,806.0,175.0,8.0,6.0,5.0,33.6,Desconhecido,Desconhecido,Desconhecido,Auger,NO,Southeast,0,0,0,0,0,0
36702,871.0,100.0,15.0,8.0,4.0,33.5,Desconhecido,Desconhecido,Desconhecido,Auger,NO,Southeast,0,0,0,0,0,0
36705,937.0,50.0,3.3333333,7.0,3.0,18.6,Desconhecido,Desconhecido,Desconhecido,Auger,YES,Southeast,0,0,0,0,0,0
36708,857.0,101.0,7.0,31.0,7.0,58.7,Desconhecido,Desconhecido,Desconhecido,Auger,YES,Southeast,0,0,0,0,0,0
36711,915.0,51.0,8.888889,19.0,6.0,40.6,Desconhecido,Desconhecido,Desconhecido,Auger,NO,Southeast,0,0,0,0,0,0
36714,938.0,50.0,9.0,15.0,4.0,35.7,Desconhecido,Desconhecido,Desconhecido,Auger,YES,Southeast,0,0,0,0,0,0
36717,371.0,326.0,26.0,75.0,15.0,125.6,Desconhecido,Desconhecido,Desconhecido,Auger,NO,Southeast,0,0,0,0,0,0
36720,782.0,149.0,13.0,27.0,11.0,54.1,Desconhecido,Desconhecido,Desconhecido,Auger,YES,Southeast,0,0,0,0,0,0
36723,813.0,97.0,3.3333333,8.0,4.0,21.7,Desconhecido,Desconhecido,Desconhecido,Auger,NO,Southeast,0,0,0,0,0,0
36724,397.0,325.0,14.0,12.0,12.0,42.0,Desconhecido,Desconhecido,Desconhecido,Auger,NO,Southeast,0,0,0,0,0,0
36725,134.0,362.0,15.0,127.0,22.0,20.17,Desconhecido,Desconhecido,Desconhecido,Auger,NO,Southeast,0,0,0,0,0,0
36726,842.0,128.0,15.0,79.0,20.0,119.1,Desconhecido,Desconhecido,Desconhecido,Auger,YES,Southeast,0,0,0,0,0,0
36729,937.0,49.0,6.0,14.0,6.0,24.3,Desconhecido,Desconhecido,Desconhecido,Auger,YES,Southeast,0,0,0,0,0,0
36732,718.0,205.0,30.0,33.0,14.0,84.7,Desconhecido,Desconhecido,Desconhecido,Auger,YES,Southeast,0,0,0,0,0,0
36735,902.0,74.0,3.3333333,16.0,6.0,24.5,Desconhecido,Desconhecido,Desconhecido,Auger,YES,Southeast,0,0,0,0,0,0
36738,849.0,125.0,9.0,16.0,7.0,41.2,Desconhecido,Desconhecido,Desconhecido,Auger,NO,Southeast,0,0,0,0,0,0
36741,752.0,199.0,16.0,15.0,7.0,40.5,Desconhecido,Desconhecido,Desconhecido,Auger,NO,Southeast,0,0,0,0,0,0
36743,638.0,335.0,34.0,48.0,20.0,105.9,Desconhecido,Desconhecido,Desconhecido,Auger,NO,Southeast,0,0,0,0,0,0
36745,187.0,173.0,40.0,33.0,17.0,85.0,Desconhecido,Desconhecido,Desconhecido,Auger,YES,Southeast,0,0,0,0,0,0
36748,830.0,151.0,16.0,6.0,4.0,25.5,Desconhecido,Desconhecido,Desconhecido,Auger,YES,Southeast,0,0,0,0,0,0
36751,705.0,250.0,23.0,6.0,4.0,46.2,Desconhecido,Desconhecido,Desconhecido,Auger,YES,Southeast,0,0,0,0,0,0
36754,786.0,175.0,21.0,16.0,6.0,35.5,Desconhecido,Desconhecido,Desconhecido,Auger,YES,Southeast,0,0,0,0,0,0
36757,721.0,198.0,16.0,9.0,4.0,21.0,Desconhecido,Desconhecido,Desconhecido,Auger,NO,Southeast,0,0,0,0,0,0
36760,767.0,198.0,23.0,12.0,5.0,30.5,Desconhecido,Desconhecido,Desconhecido,Auger,YES,Southeast,0,0,0,0,0,0
36763,630.0,352.0,19.0,80.0,20.0,114.9,Desconhecido,Desconhecido,Desconhecido,Auger,NO,Southeast,0,0,0,0,0,0
36764,261.0,252.0,26.0,61.0,27.0,97.6,Desconhecido,Desconhecido,Desconhecido,Auger,YES,Southeast,0,0,0,0,0,0
36767,116.0,276.0,24.0,47.0,21.0,101.6,Desconhecido,Desconhecido,Desconhecido,Auger,NO,Southeast,0,0,0,0,0,0
36768,260.0,249.0,23.0,69.0,17.0,123.5,Desconhecido,Desconhecido,Desconhecido,Auger,NO,Southeast,0,0,0,0,0,0
36770,233.0,332.0,25.0,116.0,23.0,168.0,Desconhecido,Desconhecido,Desconhecido,Auger,NO,Southeast,0,0,0,0,0,0
36772,196.0,336.0,23.0,75.0,33.0,149.5,Desconhecido,Desconhecido,Desconhecido,Auger,NO,Southeast,0,0,0,0,0,0
36774,312.0,204.0,22.0,70.0,28.0,128.9,Desconhecido,Desconhecido,Desconhecido,Auger,NO,Southeast,0,0,0,0,0,0
36775,465.0,248.0,19.0,45.0,17.0,73.1,Desconhecido,Desconhecido,Desconhecido,Auger,NO,Southeast,0,0,0,0,0,0
36776,823.0,99.0,13.0,22.0,8.0,61.1,Desconhecido,Desconhecido,Desconhecido,Auger,NO,Southeast,0,0,0,0,0,0
36779,729.0,202.0,34.0,44.0,25.0,117.9,Desconhecido,Desconhecido,Desconhecido,Auger,NO,Southeast,0,0,0,0,0,0
36782,864.0,99.0,18.0,21.0,10.0,64.8,Desconhecido,Desconhecido,Desconhecido,Auger,NO,Southeast,0,0,0,0,0,0
36785,900.0,76.0,14.0,10.0,5.0,28.8,Desconhecido,Desconhecido,Desconhecido,Auger,NO,Southeast,0,0,0,0,0,0
36788,929.0,50.0,11.0,11.0,3.0,24.3,Desconhecido,Desconhecido,Desconhecido,Auger,NO,Southeast,0,0,0,0,0,0
36791,917.0,49.0,13.0,14.0,4.0,28.2,Desconhecido,Desconhecido,Desconhecido,Auger,YES,Southeast,0,0,0,0,0,0
36794,848.0,124.0,24.0,16.0,9.0,45.7,Desconhecido,Desconhecido,Desconhecido,Auger,NO,Southeast,0,0,0,0,0,0
36797,794.0,150.0,20.0,11.0,6.0,65.4,Desconhecido,Desconhecido,Desconhecido,Auger,NO,Southeast,0,0,0,0,0,0
36800,800.0,148.0,20.0,15.0,7.0,68.6,Desconhecido,Desconhecido,Desconhecido,Auger,NO,Southeast,0,0,0,0,0,0
36805,786.0,176.0,8.0,1.0,1.0,25.7,Desconhecido,Desconhecido,Desconhecido,Auger,YES,Southeast,0,0,0,0,0,0
36808,729.0,252.0,6.0,4.0,1.0,77.0,Desconhecido,Desconhecido,Desconhecido,Auger,NO,Southeast,0,0,0,0,0,0
36811,754.0,153.0,7.0,5.0,5.0,120.7,Desconhecido,Desconhecido,Desconhecido,Auger,YES,Southeast,0,0,0,0,0,0
36814,832.0,127.0,26.0,28.0,16.0,70.2,Desconhecido,Desconhecido,Desconhecido,Auger,NO,Southeast,0,0,0,0,0,0
36817,639.0,96.0,17.0,16.0,7.0,42.2,Desconhecido,Desconhecido,Desconhecido,Auger,YES,Southeast,0,0,0,0,0,0
36820,910.0,74.0,15.0,13.0,7.0,34.6,Desconhecido,Desconhecido,Desconhecido,Auger,NO,Southeast,0,0,0,0,0,0
36823,837.0,126.0,26.0,34.0,14.0,69.3,Desconhecido,Desconhecido,Desconhecido,Auger,NO,Southeast,0,0,0,0,0,0
36826,794.0,153.0,28.0,61.0,25.0,117.7,Desconhecido,Desconhecido,Desconhecido,Auger,NO,Southeast,0,0,0,0,0,0
36829,754.0,151.0,28.0,49.0,22.0,103.7,Desconhecido,Desconhecido,Desconhecido,Auger,YES,Southeast,0,0,0,0,0,0
36832,763.0,179.0,27.0,66.0,31.0,131.0,Desconhecido,Desconhecido,Desconhecido,Auger,YES,Southeast,0,0,0,0,0,0
36835,900.0,75.0,18.0,7.0,4.0,34.2,Desconhecido,Desconhecido,Desconhecido,Auger,NO,Southeast,0,0,0,0,0,0
36838,862.0,101.0,14.0,7.0,4.0,33.4,Desconhecido,Desconhecido,Desconhecido,Auger,YES,Southeast,0,0,0,0,0,0
36841,863.0,126.0,11.0,11.0,5.0,29.3,Desconhecido,Desconhecido,Desconhecido,Auger,YES,Southeast,0,0,0,0,0,0
36844,924.0,50.0,12.0,8.0,3.0,17.3,Desconhecido,Desconhecido,Desconhecido,Auger,YES,Southeast,0,0,0,0,0,0
36847,764.0,200.0,15.0,18.0,5.0,41.4,Desconhecido,Desconhecido,Desconhecido,Auger,YES,Southeast,0,0,0,0,0,0
36850,801.0,151.0,16.0,11.0,4.0,41.5,Desconhecido,Desconhecido,Desconhecido,Auger,YES,Southeast,0,0,0,0,0,0
36853,892.0,75.0,11.0,5.0,2.0,21.5,Desconhecido,Desconhecido,Desconhecido,Auger,YES,Southeast,0,0,0,0,0,0
36856,832.0,126.0,12.0,9.0,3.0,36.3,Desconhecido,Desconhecido,Desconhecido,Auger,YES,Southeast,0,0,0,0,0,0
36859,862.0,100.0,9.0,3.0,1.0,18.4,Desconhecido,Desconhecido,Desconhecido,Auger,YES,Southeast,0,0,0,0,0,0
36862,861.0,100.0,7.0,7.0,3.0,17.6,Desconhecido,Desconhecido,Desconhecido,Auger,YES,Southeast,0,0,0,0,0,0
36865,840.0,125.0,10.0,5.0,2.0,18.4,Desconhecido,Desconhecido,Desconhecido,Auger,YES,Southeast,0,0,0,0,0,0
36868,902.0,50.0,15.0,10.0,4.0,31.0,Desconhecido,Desconhecido,Desconhecido,Auger,YES,Southeast,0,0,0,0,0,0
36871,887.0,75.0,9.0,3.0,1.0,26.3,Desconhecido,Desconhecido,Desconhecido,Auger,NO,Southeast,0,0,0,0,0,0
36876,844.0,100.0,20.0,21.0,11.0,37.2,Desconhecido,Desconhecido,Desconhecido,Auger,NO,Southeast,0,0,0,0,0,0
36879,930.0,50.0,16.0,22.0,14.0,43.1,Desconhecido,Desconhecido,Desconhecido,Auger,NO,Southeast,0,0,0,0,0,0
36882,882.0,88.0,24.0,40.0,13.0,62.9,Desconhecido,Desconhecido,Desconhecido,Auger,NO,Southeast,0,0,0,0,0,0
36885,865.0,100.0,15.0,5.0,3.0,26.9,Desconhecido,Desconhecido,Desconhecido,Auger,YES,Southeast,0,0,0,0,0,0
36888,884.0,101.0,18.0,4.0,4.0,27.4,Desconhecido,Desconhecido,Desconhecido,Auger,YES,Southeast,0,0,0,0,0,0
36890,899.0,87.0,8.0,2.0,6.0,23.3,Desconhecido,Desconhecido,Desconhecido,Auger,NO,Southeast,0,0,0,0,0,0
36893,818.0,150.0,12.0,24.0,10.0,48.0,Desconhecido,Desconhecido,Desconhecido,Auger,YES,Southeast,0,0,0,0,0,0
36896,886.0,103.0,10.0,9.0,8.0,30.3,Desconhecido,Desconhecido,Desconhecido,Auger,NO,Southeast,0,0,0,0,0,0
36899,921.0,51.0,8.0,10.0,9.0,30.3,Desconhecido,Desconhecido,Desconhecido,Auger,NO,Southeast,0,0,0,0,0,0
36902,904.0,76.0,6.0,24.0,13.0,54.4,Desconhecido,Desconhecido,Desconhecido,Auger,NO,Southeast,0,0,0,0,0,0
36905,238.0,331.0,16.0,22.0,13.0,93.1,Desconhecido,Desconhecido,Desconhecido,Auger,NO,Southeast,0,0,0,0,0,0
36907,306.0,329.0,10.0,126.0,57.0,20.7,Desconhecido,Desconhecido,Desconhecido,Auger,NO,Southeast,0,0,0,0,0,0
36909,715.0,150.0,7.0,48.0,21.0,80.3,Desconhecido,Desconhecido,Desconhecido,Auger,NO,Southeast,0,0,0,0,0,0
36911,720.0,104.0,6.0,210.66667,36.0,39.95,Desconhecido,Desconhecido,Desconhecido,Auger,YES,Southeast,0,0,0,0,0,0
36914,82.0,732.0,11.0,61.0,24.0,152.4,Desconhecido,Desconhecido,Desconhecido,Auger,NO,Southeast,0,0,0,0,0,0
36916,140.0,499.0,11.0,60.0,35.0,158.8,Desconhecido,Desconhecido,Desconhecido,Auger,YES,Southeast,0,0,0,0,0,0
36919,896.0,75.0,3.3333333,15.0,9.0,24.5,Desconhecido,Desconhecido,Desconhecido,Auger,NO,Southeast,0,0,0,0,0,0
36922,862.0,99.0,8.0,27.0,18.0,62.4,Desconhecido,Desconhecido,Desconhecido,Auger,YES,Southeast,0,0,0,0,0,0
36925,796.0,176.0,3.3333333,33.0,21.0,72.8,Desconhecido,Desconhecido,Desconhecido,Auger,YES,Southeast,0,0,0,0,0,0
36928,474.0,201.0,9.0,136.0,26.0,186.4,Desconhecido,Desconhecido,Desconhecido,Auger,NO,Southeast,0,0,0,0,0,0
36929,794.0,173.0,8.0,7.0,8.0,31.3,Desconhecido,Desconhecido,Desconhecido,Auger,YES,Southeast,0,0,0,0,0,0
36932,843.0,96.0,8.0,8.0,8.0,33.4,Desconhecido,Desconhecido,Desconhecido,Auger,NO,Southeast,0,0,0,0,0,0
36935,861.0,100.0,16.0,14.0,8.0,43.7,Desconhecido,Desconhecido,Desconhecido,Auger,NO,Southeast,0,0,0,0,0,0
36938,820.0,155.0,10.0,42.0,12.0,55.2,Desconhecido,Desconhecido,Desconhecido,Auger,NO,Southeast,0,0,0,0,0,0
36939,722.0,148.0,7.0,48.0,28.0,134.0,Desconhecido,Desconhecido,Desconhecido,Auger,YES,Southeast,0,0,0,0,0,0
36942,252.0,362.0,9.0,121.0,53.0,22.6,Desconhecido,Desconhecido,Desconhecido,Auger,YES,Southeast,0,0,0,0,0,0
36945,184.0,227.0,13.0,122.0,29.0,176.5,Desconhecido,Desconhecido,Desconhecido,Auger,NO,Southeast,0,0,0,0,0,0
36947,196.0,274.0,12.0,124.0,26.0,187.0,Desconhecido,Desconhecido,Desconhecido,Auger,NO,Southeast,0,0,0,0,0,0
36949,259.0,308.0,9.0,139.0,28.0,19.68,Desconhecido,Desconhecido,Desconhecido,Auger,NO,Southeast,0,0,0,0,0,0
36951,228.0,252.0,18.0,132.0,27.0,20.96,Desconhecido,Desconhecido,Desconhecido,Auger,NO,Southeast,0,0,0,0,0,0
36954,277.0,362.0,15.0,88.0,35.0,171.0,Desconhecido,Desconhecido,Desconhecido,Auger,YES,Southeast,0,0,0,0,0,0
36957,361.0,305.0,17.0,19.0,15.0,84.5,Desconhecido,Desconhecido,Desconhecido,Auger,NO,Southeast,0,0,0,0,0,0
36960,313.0,305.0,19.0,20.0,13.0,89.3,Desconhecido,Desconhecido,Desconhecido,Auger,NO,Southeast,0,0,0,0,0,0
36962,659.0,103.0,7.0,108.0,40.0,188.7,Desconhecido,Desconhecido,Desconhecido,Auger,NO,Southeast,0,0,0,0,0,0
36965,605.0,153.0,17.0,117.0,30.0,183.8,Desconhecido,Desconhecido,Desconhecido,Auger,NO,Southeast,0,0,0,0,0,0
36967,329.0,236.0,9.0,90.0,26.0,150.7,Desconhecido,Desconhecido,Desconhecido,Auger,YES,Southeast,0,0,0,0,0,0
36970,313.0,337.0,12.0,98.0,25.0,150.7,Desconhecido,Desconhecido,Desconhecido,Auger,YES,Southeast,0,0,0,0,0,0
36973,232.0,360.0,15.0,82.0,34.0,176.5,Desconhecido,Desconhecido,Desconhecido,Auger,NO,Southeast,0,0,0,0,0,0
36978,361.0,280.0,11.0,82.0,28.0,135.0,Desconhecido,Desconhecido,Desconhecido,Auger,NO,Southeast,0,0,0,0,0,0
36980,528.0,311.0,8.0,138.0,67.0,21.15,Desconhecido,Desconhecido,Desconhecido,Auger,NO,Southeast,0,0,0,0,0,0
36983,323.0,377.0,11.0,106.0,20.0,165.1,Desconhecido,Desconhecido,Desconhecido,Auger,NO,Southeast,0,0,0,0,0,0
36985,300.0,260.0,14.0,185.0,26.0,23.74,Desconhecido,Desconhecido,Desconhecido,Auger,NO,Southeast,0,0,0,0,0,0
36987,596.0,222.0,10.0,38.0,9.0,81.8,Desconhecido,Desconhecido,Desconhecido,Auger,NO,Southeast,0,0,0,0,0,0
36988,610.0,179.0,9.0,58.0,21.0,85.2,Desconhecido,Desconhecido,Desconhecido,Auger,NO,Southeast,0,0,0,0,0,0
36990,207.0,254.0,12.0,66.0,20.0,144.4,Desconhecido,Desconhecido,Desconhecido,Auger,NO,Southeast,0,0,0,0,0,0
36991,895.0,74.0,7.0,1.0,5.2,21.1,Desconhecido,Desconhecido,Desconhecido,Auger,YES,Southeast,0,0,0,0,1,0
36994,925.0,49.0,7.0,13.0,4.0,17.3,Desconhecido,Desconhecido,Desconhecido,Auger,YES,Southeast,0,0,0,0,0,0
36997,819.0,100.0,9.0,15.0,6.0,36.1,Desconhecido,Desconhecido,Desconhecido,Auger,YES,Southeast,0,0,0,0,0,0
36999,275.0,226.0,9.0,119.0,10.0,165.3,Desconhecido,Desconhecido,Desconhecido,Auger,NO,Southeast,0,0,0,0,0,0
37001,286.0,225.0,33.0,125.0,31.0,175.8,Desconhecido,Desconhecido,Desconhecido,Auger,YES,Southeast,0,0,0,0,0,0
37004,295.0,301.0,7.0,128.0,19.0,173.3,Desconhecido,Desconhecido,Desconhecido,Auger,NO,Southeast,0,0,0,0,0,0
37005,337.0,253.0,9.0,147.0,25.0,19.92,Desconhecido,Desconhecido,Desconhecido,Auger,NO,Southeast,0,0,0,0,0,0
37006,195.0,208.0,19.0,138.0,28.0,181.9,Desconhecido,Desconhecido,Desconhecido,Auger,NO,Southeast,0,0,0,0,0,0
37008,216.0,305.0,13.0,178.0,32.0,30.24,Desconhecido,Desconhecido,Desconhecido,Auger,NO,Southeast,0,0,0,0,0,0
37009,202.0,357.0,16.0,151.0,36.0,22.91,Desconhecido,Desconhecido,Desconhecido,Auger,NO,Southeast,0,0,0,0,0,0
37010,420.0,222.0,13.0,81.0,14.0,120.6,Desconhecido,Desconhecido,Desconhecido,Auger,NO,Southeast,0,0,0,0,0,0
37012,370.0,301.0,10.0,55.0,13.0,119.0,Desconhecido,Desconhecido,Desconhecido,Auger,NO,Southeast,0,0,0,0,0,0
37014,292.0,298.0,16.0,117.0,34.0,182.6,Desconhecido,Desconhecido,Desconhecido,Auger,NO,Southeast,0,0,0,0,0,0
37017,233.0,247.0,21.0,73.0,19.0,127.6,Desconhecido,Desconhecido,Desconhecido,Auger,NO,Southeast,0,0,0,0,0,0
37018,236.0,298.0,12.0,125.0,24.0,175.9,Desconhecido,Desconhecido,Desconhecido,Auger,NO,Southeast,0,0,0,0,0,0
37019,316.0,271.0,11.0,146.0,21.0,180.9,Desconhecido,Desconhecido,Desconhecido,Auger,NO,Southeast,0,0,0,0,0,0
37020,583.0,172.0,9.0,31.0,16.0,71.1,Desconhecido,Desconhecido,Desconhecido,Auger,YES,Southeast,0,0,0,0,0,0
37023,725.0,101.0,11.0,75.0,24.0,114.1,Desconhecido,Desconhecido,Desconhecido,Auger,YES,Southeast,0,0,0,0,0,0
37026,754.0,126.0,9.0,20.0,12.0,63.9,Desconhecido,Desconhecido,Desconhecido,Auger,NO,Southeast,0,0,0,0,0,0
37029,647.0,101.0,10.0,50.0,20.0,114.2,Desconhecido,Desconhecido,Desconhecido,Auger,NO,Southeast,0,0,0,0,0,0
37032,802.0,148.0,10.0,32.0,24.0,75.9,Desconhecido,Desconhecido,Desconhecido,Auger,NO,Southeast,0,0,0,0,0,0
37035,437.0,65.0,8.888889,57.0,22.0,141.5,Desconhecido,Desconhecido,Desconhecido,Auger,NO,Southeast,0,0,0,0,0,0
37038,676.0,100.0,8.0,49.0,18.0,118.1,Desconhecido,Desconhecido,Desconhecido,Auger,YES,Southeast,0,0,0,0,0,0
37041,837.0,150.0,9.0,36.0,14.0,72.7,Desconhecido,Desconhecido,Desconhecido,Auger,NO,Southeast,0,0,0,0,0,0
37044,644.0,90.0,8.0,130.0,23.0,168.5,Desconhecido,Desconhecido,Desconhecido,Auger,YES,Southeast,0,0,0,0,0,0
37047,741.0,199.0,10.0,41.0,5.0,73.0,Desconhecido,Desconhecido,Desconhecido,Auger,NO,Southeast,0,0,0,0,0,0
37050,824.0,75.0,8.0,9.0,3.0,26.9,Desconhecido,Desconhecido,Desconhecido,Auger,NO,Southeast,0,0,0,0,0,0
37053,493.0,354.0,7.0,25.0,17.0,93.9,Desconhecido,Desconhecido,Desconhecido,Auger,NO,Southeast,0,0,0,0,0,0
37056,264.0,228.0,11.0,80.0,26.0,149.5,Desconhecido,Desconhecido,Desconhecido,Auger,NO,Southeast,0,0,0,0,0,0
37057,241.0,45.0,11.0,57.0,29.0,166.2,Desconhecido,Desconhecido,Desconhecido,Auger,NO,Southeast,0,0,0,0,0,0
37059,683.0,151.0,12.0,17.0,7.0,65.4,Desconhecido,Desconhecido,Desconhecido,Auger,YES,Southeast,0,0,0,0,0,0
37062,733.0,203.0,8.0,14.0,5.0,48.9,Desconhecido,Desconhecido,Desconhecido,Auger,YES,Southeast,0,0,0,0,0,0
37065,810.0,178.0,8.0,23.0,5.0,50.9,Desconhecido,Desconhecido,Desconhecido,Auger,YES,Southeast,0,0,0,0,0,0
37070,322.0,177.0,16.0,62.0,15.0,94.9,Desconhecido,Desconhecido,Desconhecido,Auger,NO,Southeast,0,0,0,0,0,0
37072,337.0,328.0,14.0,73.0,20.0,159.5,Desconhecido,Desconhecido,Desconhecido,Auger,NO,Southeast,0,0,0,0,0,0
37074,464.0,278.0,13.0,69.0,20.0,127.2,Desconhecido,Desconhecido,Desconhecido,Auger,YES,Southeast,0,0,0,0,0,0
37077,281.0,354.0,10.0,38.0,35.0,21.04,Desconhecido,Desconhecido,Desconhecido,Auger,NO,Southeast,0,0,0,0,0,0
37080,649.0,152.0,14.0,54.0,20.0,122.1,Desconhecido,Desconhecido,Desconhecido,Auger,YES,Southeast,0,0,0,0,0,0
37083,688.0,100.0,9.0,77.0,18.0,112.1,Desconhecido,Desconhecido,Desconhecido,Auger,YES,Southeast,0,0,0,0,0,0
37085,728.0,101.0,11.0,84.0,9.0,118.1,Desconhecido,Desconhecido,Desconhecido,Auger,NO,Southeast,0,0,0,0,0,0
37088,854.0,75.0,9.0,8.0,5.2,22.2,Desconhecido,Desconhecido,Desconhecido,Auger,YES,Southeast,0,0,0,0,1,0
37091,291.0,226.0,15.0,208.0,11.0,22.25,Desconhecido,Desconhecido,Desconhecido,Auger,NO,Southeast,0,0,0,0,0,0
37092,369.0,535.0,40.0,38.0,14.0,94.7,Desconhecido,Desconhecido,Desconhecido,Auger,YES,Southeast,0,0,0,0,0,0
37095,764.0,201.0,20.0,6.0,3.0,41.6,Desconhecido,Desconhecido,Desconhecido,Auger,YES,Southeast,0,0,0,0,0,0
37098,564.0,305.0,28.0,14.0,3.0,72.5,Desconhecido,Desconhecido,Desconhecido,Auger,YES,Southeast,0,0,0,0,0,0
37101,191.0,362.0,13.0,32.0,24.0,155.6,Desconhecido,Desconhecido,Desconhecido,Auger,YES,Southeast,0,0,0,0,0,0
37104,81.0,497.0,21.0,127.0,100.0,28.21,Desconhecido,Desconhecido,Desconhecido,Auger,NO,Southeast,0,0,0,0,0,0
37106,101.0,392.0,43.0,130.0,24.0,19.9,Desconhecido,Desconhecido,Desconhecido,Auger,NO,Southeast,0,0,0,0,0,0
37107,112.0,424.0,14.0,153.0,47.0,24.29,Desconhecido,Desconhecido,Desconhecido,Auger,NO,Southeast,0,0,0,0,0,0
37111,832.0,152.0,11.0,39.0,14.0,76.8,Desconhecido,Desconhecido,Desconhecido,Auger,YES,Southeast,0,0,0,0,0,0
37114,893.0,76.0,12.0,18.0,7.0,58.0,Desconhecido,Desconhecido,Desconhecido,Auger,YES,Southeast,0,0,0,0,0,0
37117,868.0,100.0,10.0,7.0,1.0,33.5,Desconhecido,Desconhecido,Desconhecido,Auger,YES,Southeast,0,0,0,0,0,0
37120,714.0,228.0,11.0,10.0,7.0,39.2,Desconhecido,Desconhecido,Desconhecido,Auger,YES,Southeast,0,0,0,0,0,0
37122,559.0,330.0,18.0,17.0,10.0,62.5,Desconhecido,Desconhecido,Desconhecido,Auger,YES,Southeast,0,0,0,0,0,0
37125,856.0,50.0,24.0,12.0,6.0,52.1,Desconhecido,Desconhecido,Desconhecido,Auger,NO,Southeast,0,0,0,0,0,0
37128,591.0,254.0,38.0,57.0,25.0,96.7,Desconhecido,Desconhecido,Desconhecido,Auger,YES,Southeast,0,0,0,0,0,0
37131,125.0,283.0,49.0,84.0,34.0,163.8,Desconhecido,Desconhecido,Desconhecido,Auger,NO,Southeast,0,0,0,0,0,0
37134,99.0,310.0,21.0,107.0,53.0,179.2,Desconhecido,Desconhecido,Desconhecido,Auger,NO,Southeast,0,0,0,0,0,0
37135,759.0,201.0,17.0,17.0,6.0,45.5,Desconhecido,Desconhecido,Desconhecido,Auger,YES,Southeast,0,0,0,0,0,0
37138,257.0,585.0,22.0,36.0,16.0,86.3,Desconhecido,Desconhecido,Desconhecido,Auger,YES,Southeast,0,0,0,0,0,0
37141,312.0,360.0,9.0,51.0,30.0,125.4,Desconhecido,Desconhecido,Desconhecido,Auger,NO,Southeast,0,0,0,0,0,0
37144,370.0,582.0,15.0,32.0,20.0,64.2,Desconhecido,Desconhecido,Desconhecido,Auger,YES,Southeast,0,0,0,0,0,0
37147,569.0,305.0,17.0,4.0,1.0,57.2,Desconhecido,Desconhecido,Desconhecido,Auger,YES,Southeast,0,0,0,0,0,0
37150,389.0,482.0,25.0,28.0,14.0,79.2,Desconhecido,Desconhecido,Desconhecido,Auger,YES,Southeast,0,0,0,0,0,0
37153,331.0,534.0,24.0,24.0,10.0,80.0,Desconhecido,Desconhecido,Desconhecido,Auger,YES,Southeast,0,0,0,0,0,0
37156,346.0,456.0,25.0,27.0,12.0,98.0,Desconhecido,Desconhecido,Desconhecido,Auger,YES,Southeast,0,0,0,0,0,0
37159,683.0,252.0,15.0,16.0,9.0,58.6,Desconhecido,Desconhecido,Desconhecido,Auger,YES,Southeast,0,0,0,0,0,0
37162,531.0,271.0,18.0,11.0,6.0,64.5,Desconhecido,Desconhecido,Desconhecido,Auger,YES,Southeast,0,0,0,0,0,0
37165,389.0,458.0,23.0,11.0,7.0,93.9,Desconhecido,Desconhecido,Desconhecido,Auger,YES,Southeast,0,0,0,0,0,0
37168,468.0,228.0,19.0,21.0,16.0,85.7,Desconhecido,Desconhecido,Desconhecido,Auger,NO,Southeast,0,0,0,0,0,0
37170,578.0,278.0,24.0,29.0,13.0,81.9,Desconhecido,Desconhecido,Desconhecido,Auger,NO,Southeast,0,0,0,0,0,0
37173,337.0,511.0,27.0,37.0,18.0,117.3,Desconhecido,Desconhecido,Desconhecido,Auger,YES,Southeast,0,0,0,0,0,0
37178,291.0,535.0,24.0,9.0,4.0,85.2,Desconhecido,Desconhecido,Desconhecido,Auger,YES,Southeast,0,0,0,0,0,0
37181,692.0,202.0,21.0,37.0,16.0,73.8,Desconhecido,Desconhecido,Desconhecido,Auger,YES,Southeast,0,0,0,0,0,0
37184,853.0,75.0,9.0,19.0,2.0,38.5,Desconhecido,Desconhecido,Desconhecido,Auger,YES,Southeast,0,0,0,0,0,0
37188,140.0,665.0,19.0,41.0,23.0,117.3,Desconhecido,Desconhecido,Desconhecido,Auger,YES,Southeast,0,0,0,0,0,0
37191,691.0,101.0,11.0,2.0,5.2,39.7,Desconhecido,Desconhecido,Desconhecido,Auger,NO,Southeast,0,0,0,0,1,0
37192,664.0,177.0,15.0,19.0,6.0,73.2,Desconhecido,Desconhecido,Desconhecido,Auger,NO,Southeast,0,0,0,0,0,0
37193,723.0,126.0,7.0,42.0,20.0,101.5,Desconhecido,Desconhecido,Desconhecido,Auger,YES,Southeast,0,0,0,0,0,0
37196,782.0,153.0,11.0,37.0,20.0,80.8,Desconhecido,Desconhecido,Desconhecido,Auger,YES,Southeast,0,0,0,0,0,0
37199,786.0,150.0,13.0,56.0,12.0,79.4,Desconhecido,Desconhecido,Desconhecido,Auger,YES,Southeast,0,0,0,0,0,0
37202,807.0,149.0,10.0,24.0,11.0,45.7,Desconhecido,Desconhecido,Desconhecido,Auger,YES,Southeast,0,0,0,0,0,0
37204,894.0,75.0,15.0,12.0,5.0,50.2,Desconhecido,Desconhecido,Desconhecido,Auger,YES,Southeast,0,0,0,0,0,0
37207,903.0,75.0,10.0,3.0,1.0,28.2,Desconhecido,Desconhecido,Desconhecido,Auger,YES,Southeast,0,0,0,0,0,0
37210,896.0,75.0,12.0,1.0,3.0,31.9,Desconhecido,Desconhecido,Desconhecido,Auger,NO,Southeast,0,0,0,0,0,0
37213,847.0,126.0,16.0,26.0,10.0,70.5,Desconhecido,Desconhecido,Desconhecido,Auger,NO,Southeast,0,0,0,0,0,0
37216,818.0,153.0,19.0,14.0,17.0,73.5,Desconhecido,Desconhecido,Desconhecido,Auger,NO,Southeast,0,0,0,0,0,0
37219,868.0,101.0,16.0,14.0,9.0,64.6,Desconhecido,Desconhecido,Desconhecido,Auger,NO,Southeast,0,0,0,0,0,0
37222,883.0,76.0,15.0,9.0,6.0,46.6,Desconhecido,Desconhecido,Desconhecido,Auger,NO,Southeast,0,0,0,0,0,0
37224,852.0,101.0,14.0,68.0,7.0,113.9,Desconhecido,Desconhecido,Desconhecido,Auger,NO,Southeast,0,0,0,0,0,0
37227,843.0,126.0,20.0,51.0,17.0,121.6,Desconhecido,Desconhecido,Desconhecido,Auger,NO,Southeast,0,0,0,0,0,0
37230,832.0,150.0,13.0,21.0,1.0,54.6,Desconhecido,Desconhecido,Desconhecido,Auger,YES,Southeast,0,0,0,0,0,0
37233,880.0,102.0,21.0,3.0,2.0,22.8,Desconhecido,Desconhecido,Desconhecido,Auger,NO,Southeast,0,0,0,0,0,0
37236,905.0,75.0,12.0,2.0,1.0,31.0,Desconhecido,Desconhecido,Desconhecido,Auger,YES,Southeast,0,0,0,0,0,0
37239,798.0,174.0,14.0,1.0,1.0,39.1,Desconhecido,Desconhecido,Desconhecido,Auger,YES,Southeast,0,0,0,0,0,0
37242,815.0,152.0,19.0,1.0,1.0,42.6,Desconhecido,Desconhecido,Desconhecido,Auger,YES,Southeast,0,0,0,0,0,0
37245,743.0,153.0,24.0,8.0,11.0,58.3,Desconhecido,Desconhecido,Desconhecido,Auger,NO,Southeast,0,0,0,0,0,0
37248,850.0,126.0,15.0,28.0,9.0,57.1,Desconhecido,Desconhecido,Desconhecido,Auger,NO,Southeast,0,0,0,0,0,0
37251,893.0,76.0,19.0,18.0,6.0,38.9,Desconhecido,Desconhecido,Desconhecido,Auger,YES,Southeast,0,0,0,0,0,0
37254,692.0,150.0,10.0,11.0,7.0,28.7,Desconhecido,Desconhecido,Desconhecido,Auger,YES,Southeast,0,0,0,0,0,0
37257,266.0,153.0,17.0,73.0,26.0,107.2,Desconhecido,Desconhecido,Desconhecido,Auger,YES,Southeast,0,0,0,0,0,0
37260,782.0,101.0,3.3333333,14.0,4.0,23.3,Desconhecido,Desconhecido,Desconhecido,Auger,YES,Southeast,0,0,0,0,0,0
37263,494.0,430.0,25.0,19.0,13.0,71.6,Desconhecido,Desconhecido,Desconhecido,Auger,YES,Southeast,0,0,0,0,0,0
37266,180.0,561.0,24.0,16.0,10.0,76.7,Desconhecido,Desconhecido,Desconhecido,Auger,YES,Southeast,0,0,0,0,0,0
37269,497.0,303.0,15.0,24.0,10.0,61.8,Desconhecido,Desconhecido,Desconhecido,Auger,YES,Southeast,0,0,0,0,0,0
37272,898.0,87.0,6.0,2.0,5.2,23.4,Desconhecido,Desconhecido,Desconhecido,Auger,YES,Southeast,0,0,0,0,1,0
37275,778.0,202.0,6.0,7.0,8.0,53.9,Desconhecido,Desconhecido,Desconhecido,Auger,YES,Southeast,0,0,0,0,0,0
37278,272.0,487.0,28.0,58.0,28.0,121.5,Desconhecido,Desconhecido,Desconhecido,Auger,YES,Southeast,0,0,0,0,0,0
37281,334.0,536.0,40.0,48.0,28.0,97.2,Desconhecido,Desconhecido,Desconhecido,Auger,YES,Southeast,0,0,0,0,0,0
37284,322.0,533.0,25.0,44.0,21.0,98.8,Desconhecido,Desconhecido,Desconhecido,Auger,YES,Southeast,0,0,0,0,0,0
37287,397.0,484.0,30.0,44.0,23.0,104.0,Desconhecido,Desconhecido,Desconhecido,Auger,YES,Southeast,0,0,0,0,0,0
37289,249.0,457.0,30.0,37.0,13.0,99.2,Desconhecido,Desconhecido,Desconhecido,Auger,NO,Southeast,0,0,0,0,0,0
37291,599.0,202.0,14.0,41.0,39.0,82.5,Desconhecido,Desconhecido,Desconhecido,Auger,YES,Southeast,0,0,0,0,0,0
37294,770.0,201.0,14.0,10.0,9.0,24.7,Desconhecido,Desconhecido,Desconhecido,Auger,YES,Southeast,0,0,0,0,0,0
37297,603.0,226.0,18.0,20.0,15.0,50.0,Desconhecido,Desconhecido,Desconhecido,Auger,NO,Southeast,0,0,0,0,0,0
37299,536.0,252.0,9.0,4.0,4.0,30.8,Desconhecido,Desconhecido,Desconhecido,Auger,NO,Southeast,0,0,0,0,0,0
37302,358.0,355.0,15.0,1.0,3.0,55.9,Desconhecido,Desconhecido,Desconhecido,Auger,NO,Southeast,0,0,0,0,0,0
37305,257.0,332.0,16.0,56.0,106.0,183.0,Desconhecido,Desconhecido,Desconhecido,Auger,NO,Southeast,0,0,0,0,0,0
37308,565.0,199.0,6.6666665,22.0,47.0,156.5,Desconhecido,Desconhecido,Desconhecido,Auger,YES,Southeast,0,0,0,0,0,0
37311,891.0,75.0,8.888889,7.0,2.0,54.6,Desconhecido,Desconhecido,Desconhecido,Auger,YES,Southeast,0,0,0,0,0,0
37314,916.0,62.0,6.0,13.0,2.0,44.1,Desconhecido,Desconhecido,Desconhecido,Auger,YES,Southeast,0,0,0,1,0,1
37317,819.0,150.0,8.0,8.0,4.0,18.5,Desconhecido,Desconhecido,Desconhecido,Auger,YES,Southeast,0,0,0,0,0,0
37319,796.0,175.0,6.0,13.0,2.0,44.1,Desconhecido,Desconhecido,Desconhecido,Auger,NO,Southeast,0,0,0,1,0,1
37322,822.0,152.0,6.0,13.0,2.0,44.1,Desconhecido,Desconhecido,Desconhecido,Auger,NO,Southeast,0,0,0,1,0,1
37324,843.0,126.0,15.0,2.0,2.0,45.1,Desconhecido,Desconhecido,Desconhecido,Auger,YES,Southeast,0,0,0,0,0,0
37327,848.0,125.0,6.0,13.0,2.0,44.1,Desconhecido,Desconhecido,Desconhecido,Auger,YES,Southeast,0,0,0,1,0,1
37330,881.0,99.0,8.888889,1.0,2.0,10.3,Desconhecido,Desconhecido,Desconhecido,Auger,YES,Southeast,0,0,0,0,0,0
37333,837.0,150.0,6.6666665,1.0,2.0,30.7,Desconhecido,Desconhecido,Desconhecido,Auger,NO,Southeast,0,0,0,0,0,0
37336,869.0,101.0,7.0,22.0,7.0,55.4,Desconhecido,Desconhecido,Desconhecido,Auger,YES,Southeast,0,0,0,0,0,0
37339,827.0,150.0,8.0,3.0,4.0,39.8,Desconhecido,Desconhecido,Desconhecido,Auger,NO,Southeast,0,0,0,0,0,0
37347,796.0,174.0,6.6666665,6.0,5.0,122.1,Desconhecido,Desconhecido,Desconhecido,Auger,YES,Southeast,0,0,0,0,0,0
37350,889.0,100.0,7.0,12.0,6.0,31.4,Desconhecido,Desconhecido,Desconhecido,Auger,YES,Southeast,0,0,0,0,0,0
37353,819.0,151.0,6.6666665,2.0,4.0,79.6,Desconhecido,Desconhecido,Desconhecido,Auger,NO,Southeast,0,0,0,0,0,0
37355,820.0,152.0,4.4444447,8.0,8.0,57.0,Desconhecido,Desconhecido,Desconhecido,Auger,YES,Southeast,0,0,0,0,0,0
37358,817.0,162.0,11.0,3.0,4.0,75.0,Desconhecido,Desconhecido,Desconhecido,Auger,NO,Southeast,0,0,0,0,0,0
37361,874.0,102.0,9.0,10.0,5.0,108.8,Desconhecido,Desconhecido,Desconhecido,Auger,NO,Southeast,0,0,0,0,0,0
37364,887.0,100.0,14.0,64.0,9.0,113.9,Desconhecido,Desconhecido,Desconhecido,Auger,NO,Southeast,0,0,0,0,0,0
37367,857.0,126.0,18.0,16.0,7.0,72.3,Desconhecido,Desconhecido,Desconhecido,Auger,YES,Southeast,0,0,0,0,0,0
37371,820.0,152.0,6.0,39.0,18.0,99.9,Desconhecido,Desconhecido,Desconhecido,Auger,NO,Southeast,0,0,0,0,0,0
37373,823.0,148.0,10.0,9.0,6.0,62.0,Desconhecido,Desconhecido,Desconhecido,Auger,NO,Southeast,0,0,0,0,0,0
37377,846.0,126.0,3.3333333,4.0,6.0,102.8,Desconhecido,Desconhecido,Desconhecido,Auger,YES,Southeast,0,0,0,0,0,0
37380,829.0,151.0,8.0,7.0,5.0,63.2,Desconhecido,Desconhecido,Desconhecido,Auger,YES,Southeast,0,0,0,0,0,0
37383,832.0,126.0,8.0,3.0,4.0,47.9,Desconhecido,Desconhecido,Desconhecido,Auger,NO,Southeast,0,0,0,0,0,0
37385,842.0,101.0,8.0,10.0,6.0,128.9,Desconhecido,Desconhecido,Desconhecido,Auger,YES,Southeast,0,0,0,0,0,0
37388,776.0,200.0,10.0,2.0,3.0,48.7,Desconhecido,Desconhecido,Desconhecido,Auger,YES,Southeast,0,0,0,0,0,0
37391,411.03,518.49,50.16,0.44,0.36,40.81,Desconhecido,Desconhecido,Desconhecido,Auger,YES,Midwest,0,0,0,0,0,0
37394,540.27,326.42,70.67,0.49,1.09,39.95,Desconhecido,Desconhecido,Desconhecido,Auger,YES,Midwest,0,0,0,0,0,0
37397,390.16,559.79,63.84,19.49,7.87,47.18,Desconhecido,Desconhecido,Desconhecido,Auger,YES,Midwest,0,0,0,0,0,0
37401,439.48,478.53,68.39,12.41,3.35,52.53,Desconhecido,Desconhecido,Desconhecido,Auger,YES,Midwest,0,0,0,0,0,0
37404,467.72,386.38,82.07,36.06,10.59,79.1,Desconhecido,Desconhecido,Desconhecido,Auger,YES,Midwest,0,0,0,0,0,0
37407,232.75,624.83,82.07,31.34,7.24,68.55,Desconhecido,Desconhecido,Desconhecido,Auger,YES,Midwest,0,0,0,0,0,0
37408,314.0,558.83,50.16,5.21,3.98,46.39,Desconhecido,Desconhecido,Desconhecido,Auger,YES,Midwest,0,0,0,0,0,0
37411,151.03,741.21,54.72,15.26,2.9,45.34,Desconhecido,Desconhecido,Desconhecido,Auger,YES,Midwest,0,0,0,0,0,0
37413,268.0,619.44,61.56,35.95,5.79,88.21,Desconhecido,Desconhecido,Desconhecido,Auger,YES,Midwest,0,0,0,0,0,0
37416,613.91,364.98,54.72,0.49,0.91,55.36,Desconhecido,Desconhecido,Desconhecido,Auger,YES,Midwest,0,0,0,0,0,0
37419,563.05,358.05,59.28,4.78,0.81,49.71,Desconhecido,Desconhecido,Desconhecido,Auger,YES,Midwest,0,0,0,0,0,0
37422,413.7,487.88,72.95,22.78,9.32,83.59,Desconhecido,Desconhecido,Desconhecido,Auger,YES,Midwest,0,0,0,0,0,0
37425,498.37,423.15,109.43,31.78,12.04,97.16,Desconhecido,Desconhecido,Desconhecido,Auger,YES,Midwest,0,0,0,0,0,0
37426,704.68,225.52,18.24,14.99,5.07,33.92,Desconhecido,Desconhecido,Desconhecido,Auger,YES,Midwest,0,0,0,0,0,0
37427,599.0,343.27,59.28,12.52,5.61,57.1,Desconhecido,Desconhecido,Desconhecido,Auger,YES,Midwest,0,0,0,0,0,0
37430,534.85,444.78,61.56,14.6,10.05,53.8,Desconhecido,Desconhecido,Desconhecido,Auger,YES,Midwest,0,0,0,0,0,0
37433,531.09,300.71,16.415,107.48,30.87,174.79,Desconhecido,Desconhecido,Desconhecido,Auger,YES,Midwest,0,0,0,0,0,0
37435,657.79,253.96,57.0,11.03,6.7,46.2,Desconhecido,Desconhecido,Desconhecido,Auger,YES,Midwest,0,0,0,0,0,0
37438,590.01,313.46,109.43,96.61,13.94,138.18,Desconhecido,Desconhecido,Desconhecido,Auger,YES,Midwest,0,0,0,0,0,0
37441,455.16,528.15,41.04,9.99,4.8,27.12,Desconhecido,Desconhecido,Desconhecido,Auger,YES,Midwest,0,0,0,0,0,0
37444,412.82,566.72,63.84,9.11,3.98,55.67,Desconhecido,Desconhecido,Desconhecido,Auger,YES,Midwest,0,0,0,0,0,0
37447,307.31,639.24,31.92,1.15,0.36,19.52,Desconhecido,Desconhecido,Desconhecido,Auger,YES,Midwest,0,0,0,0,0,0
37450,164.49,722.1,27.36,2.63,1.45,11.23,Desconhecido,Desconhecido,Desconhecido,Auger,YES,Midwest,0,0,0,0,0,0
37451,205.12,613.53,38.76,3.68,1.54,16.44,Desconhecido,Desconhecido,Desconhecido,Auger,YES,Midwest,0,0,0,0,0,0
37454,287.49,631.42,50.16,13.45,2.99,41.12,Desconhecido,Desconhecido,Desconhecido,Auger,YES,Midwest,0,0,0,0,0,0
37457,516.4,442.58,54.72,10.16,5.88,38.33,Desconhecido,Desconhecido,Desconhecido,Auger,YES,Midwest,0,0,0,0,0,0
37460,185.1,794.74,27.36,0.82,0.72,15.86,Desconhecido,Desconhecido,Desconhecido,Auger,YES,Midwest,0,0,0,0,0,0
37463,176.8,767.79,50.16,17.02,9.78,37.35,Desconhecido,Desconhecido,Desconhecido,Auger,YES,Midwest,0,0,0,0,0,0
37466,192.08,736.34,31.92,2.31,1.09,22.29,Desconhecido,Desconhecido,Desconhecido,Auger,YES,Midwest,0,0,0,0,0,0
37469,419.04,512.28,31.92,10.21,3.44,24.58,Desconhecido,Desconhecido,Desconhecido,Auger,YES,Midwest,0,0,0,0,0,0
37472,431.48,501.59,54.72,6.42,3.35,55.08,Desconhecido,Desconhecido,Desconhecido,Auger,YES,Midwest,0,0,0,0,0,0
37475,253.91,661.18,36.48,12.46,7.69,32.32,Desconhecido,Desconhecido,Desconhecido,Auger,YES,Midwest,0,0,0,0,0,0
37478,470.07,463.5,50.16,6.26,5.07,36.62,Desconhecido,Desconhecido,Desconhecido,Auger,YES,Midwest,0,0,0,0,0,0
37481,334.71,580.5,36.48,5.0,3.71,27.22,Desconhecido,Desconhecido,Desconhecido,Auger,YES,Midwest,0,0,0,0,0,0
37484,316.63,638.83,31.92,4.39,3.71,20.82,Desconhecido,Desconhecido,Desconhecido,Auger,YES,Midwest,0,0,0,0,0,0
37487,252.95,713.05,27.36,9.99,5.88,18.88,Desconhecido,Desconhecido,Desconhecido,Auger,YES,Midwest,0,0,0,0,0,0
37490,263.87,680.64,22.8,2.8,2.17,11.68,Desconhecido,Desconhecido,Desconhecido,Auger,YES,Midwest,0,0,0,0,0,0
37493,360.57,625.42,91.19,4.06,3.62,17.14,Desconhecido,Desconhecido,Desconhecido,Auger,YES,Midwest,0,0,0,0,0,0
37496,297.33,565.69,72.95,36.01,13.94,67.45,Desconhecido,Desconhecido,Desconhecido,Auger,YES,Midwest,0,0,0,0,0,0
37499,273.86,671.78,47.88,11.97,4.34,24.63,Desconhecido,Desconhecido,Desconhecido,Auger,YES,Midwest,0,0,0,0,0,0
37502,551.0,372.49,97.27333,25.47,19.19,121.88,Desconhecido,Desconhecido,Desconhecido,Auger,YES,Midwest,0,0,0,0,0,0
37505,375.81,427.55,36.48,1.26,1.18,16.45,Desconhecido,Desconhecido,Desconhecido,Auger,YES,Midwest,0,0,0,0,0,0
37508,535.27,408.47,63.84,11.42,6.25,50.5,Desconhecido,Desconhecido,Desconhecido,Auger,YES,Midwest,0,0,0,0,0,0
37511,143.73,822.45,38.76,12.08,2.62,25.88,Desconhecido,Desconhecido,Desconhecido,Auger,YES,Midwest,0,0,0,0,0,0
37514,355.72,477.42,109.43,43.8,18.83,124.59,Desconhecido,Desconhecido,Desconhecido,Auger,YES,Midwest,0,0,0,0,0,0
37517,410.4,494.23,50.16,12.57,3.35,32.73,Desconhecido,Desconhecido,Desconhecido,Auger,YES,Midwest,0,0,0,0,0,0
37520,475.26,346.47,63.84,22.01,7.42,64.23,Desconhecido,Desconhecido,Desconhecido,Auger,YES,Midwest,0,0,0,0,0,0
37523,623.2,259.36,42.86,30.36,8.42,62.66,Desconhecido,Desconhecido,Desconhecido,Auger,YES,Midwest,0,0,0,0,0,0
37526,347.44,618.5,36.48,16.25,5.61,39.96,Desconhecido,Desconhecido,Desconhecido,Auger,YES,Midwest,0,0,0,0,0,0
37528,637.0,240.0,31.92,18.94,1.27,28.74,Desconhecido,Desconhecido,Desconhecido,Auger,YES,Midwest,1,1,0,0,0,0
37531,265.86,720.38,41.04,12.08,5.97,35.88,Desconhecido,Desconhecido,Desconhecido,Auger,YES,Midwest,0,0,0,0,0,0
37534,493.84,386.28,72.95,8.45,6.79,66.29,Desconhecido,Desconhecido,Desconhecido,Auger,YES,Midwest,0,0,0,0,0,0
37537,410.3,466.65,82.07,5.05,3.98,51.94,Desconhecido,Desconhecido,Desconhecido,Auger,YES,Midwest,0,0,0,0,0,0
37539,372.89,592.58,54.72,1.98,2.81,29.24,Desconhecido,Desconhecido,Desconhecido,Auger,YES,Midwest,0,0,0,0,0,0
37542,562.11,299.54,77.51,34.25,11.95,80.44,Desconhecido,Desconhecido,Desconhecido,Auger,YES,Midwest,0,0,0,0,0,0
37545,632.7,285.79,54.72,13.56,10.14,50.48,Desconhecido,Desconhecido,Desconhecido,Auger,YES,Midwest,0,0,0,0,0,0
37548,511.09,368.92,72.95,25.85,9.41,67.0,Desconhecido,Desconhecido,Desconhecido,Auger,YES,Midwest,0,0,0,0,0,0
37551,424.37,497.48,50.16,10.76,7.6,36.33,Desconhecido,Desconhecido,Desconhecido,Auger,YES,Midwest,0,0,0,0,0,0
37554,344.96,572.86,54.72,2.14,1.9,20.23,Desconhecido,Desconhecido,Desconhecido,Auger,YES,Midwest,0,0,0,0,0,0
37556,468.72,393.35,82.07,12.02,9.32,55.18,Desconhecido,Desconhecido,Desconhecido,Auger,YES,Midwest,0,0,0,0,0,0
37559,400.39,524.71,43.32,10.21,7.69,47.45,Desconhecido,Desconhecido,Desconhecido,Auger,YES,Midwest,0,0,0,0,0,0
37562,343.91,591.76,50.16,7.3,7.33,26.81,Desconhecido,Desconhecido,Desconhecido,Auger,YES,Midwest,0,0,0,0,0,0
37565,406.09,509.04,88.91,17.24,5.7,59.7,Desconhecido,Desconhecido,Desconhecido,Auger,YES,Midwest,0,0,0,0,0,0
37568,466.28,469.25,72.95,4.12,4.16,59.91,Desconhecido,Desconhecido,Desconhecido,Auger,YES,Midwest,0,0,0,0,0,0
37571,443.34,472.42,68.39,19.38,7.78,63.72,Desconhecido,Desconhecido,Desconhecido,Auger,YES,Midwest,0,0,0,0,0,0
37574,323.5,612.2,66.12,6.53,5.61,40.17,Desconhecido,Desconhecido,Desconhecido,Auger,YES,Midwest,0,0,0,0,0,0
37575,364.05,571.63,54.72,4.83,5.25,38.04,Desconhecido,Desconhecido,Desconhecido,Auger,YES,Midwest,0,0,0,0,0,0
37578,365.08,570.43,72.95,9.94,6.52,53.11,Desconhecido,Desconhecido,Desconhecido,Auger,YES,Midwest,0,0,0,0,0,0
37581,160.86,758.71,50.16,7.47,2.35,21.65,Desconhecido,Desconhecido,Desconhecido,Auger,YES,Midwest,0,0,0,0,0,0
37584,280.63,639.2,59.28,0.66,0.54,35.39,Desconhecido,Desconhecido,Desconhecido,Auger,YES,Midwest,0,0,0,0,0,0
37587,202.29,676.33,68.39,11.97,7.15,53.56,Desconhecido,Desconhecido,Desconhecido,Auger,YES,Midwest,0,0,0,0,0,0
37590,587.76,307.28,63.84,35.85,9.5,100.99,Desconhecido,Desconhecido,Desconhecido,Auger,YES,Midwest,0,0,0,0,0,0
37593,720.16,164.61,22.8,0.77,1.54,21.37,Desconhecido,Desconhecido,Desconhecido,Auger,YES,Midwest,0,0,0,0,0,0
37596,161.68,777.69,36.48,12.95,4.07,38.52,Desconhecido,Desconhecido,Desconhecido,Auger,YES,Midwest,0,0,0,0,0,0
37599,242.85,615.49,31.92,1.15,1.0,23.26,Desconhecido,Desconhecido,Desconhecido,Auger,YES,Midwest,0,0,0,0,0,0
37601,371.79,566.24,54.72,1.65,3.8,61.21,Desconhecido,Desconhecido,Desconhecido,Auger,YES,Midwest,0,0,0,0,0,0
37603,429.52,529.57,59.28,4.61,4.71,48.56,Desconhecido,Desconhecido,Desconhecido,Auger,YES,Midwest,0,0,0,0,0,0
37606,627.94,288.34,63.84,5.32,4.53,56.81,Desconhecido,Desconhecido,Desconhecido,Auger,YES,Midwest,0,0,0,0,0,0
37609,303.03,676.77,36.48,0.44,1.45,34.13,Desconhecido,Desconhecido,Desconhecido,Auger,YES,Midwest,0,0,0,0,0,0
37612,637.0,240.0,68.39,32.11,22.18,65.44,Desconhecido,Desconhecido,Desconhecido,Auger,YES,Midwest,1,1,0,0,0,0
37615,361.29,574.24,59.28,3.57,3.17,48.7,Desconhecido,Desconhecido,Desconhecido,Auger,YES,Midwest,0,0,0,0,0,0
37618,431.71,319.46,86.63,105.67,17.65,161.92,Desconhecido,Desconhecido,Desconhecido,Auger,YES,Midwest,0,0,0,0,0,0
37621,383.39,429.6,63.84,34.03,8.96,77.56,Desconhecido,Desconhecido,Desconhecido,Auger,YES,Midwest,0,0,0,0,0,0
37624,556.82,211.07,77.51,46.06,14.48,112.38,Desconhecido,Desconhecido,Desconhecido,Auger,YES,Midwest,0,0,0,0,0,0
37627,390.12,363.49,82.07,51.54,18.01,103.81,Desconhecido,Desconhecido,Desconhecido,Auger,YES,Midwest,0,0,0,0,0,0
37630,549.91,405.69,68.39,11.58,15.75,49.4,Desconhecido,Desconhecido,Desconhecido,Auger,YES,Midwest,0,0,0,0,0,0
37633,425.75,550.33,38.76,2.58,3.26,36.01,Desconhecido,Desconhecido,Desconhecido,Auger,YES,Midwest,0,0,0,0,0,0
37636,434.28,293.16,63.84,34.03,20.28,66.63,Desconhecido,Desconhecido,Desconhecido,Auger,YES,Midwest,0,0,0,0,0,0
37639,80.32,875.91,13.68,4.12,2.17,21.6,Desconhecido,Desconhecido,Desconhecido,Auger,YES,Midwest,0,0,0,0,0,0
37642,263.01,676.3,36.48,5.98,7.33,31.53,Desconhecido,Desconhecido,Desconhecido,Auger,YES,Midwest,0,0,0,0,0,0
37644,389.82,487.08,50.16,16.03,7.87,62.7,Desconhecido,Desconhecido,Desconhecido,Auger,YES,Midwest,0,0,0,0,0,0
37647,436.54,414.21,75.23,51.27,10.95,99.95,Desconhecido,Desconhecido,Desconhecido,Auger,YES,Midwest,0,0,0,0,0,0
37650,81.78,808.63,36.48,14.0,9.96,48.53,Desconhecido,Desconhecido,Desconhecido,Auger,YES,Midwest,0,0,0,0,0,0
37651,20.07,872.34,17.0,3.35,4.71,12.37,Desconhecido,Desconhecido,Desconhecido,Auger,YES,Midwest,0,0,1,0,0,0
37652,220.75,731.89,41.04,1.98,2.26,33.78,Desconhecido,Desconhecido,Desconhecido,Auger,YES,Midwest,0,0,0,0,0,0
37654,283.84,627.76,27.36,0.77,1.36,36.57,Desconhecido,Desconhecido,Desconhecido,Auger,YES,Midwest,0,0,0,0,0,0
37657,324.09,594.89,61.56,11.25,3.62,57.37,Desconhecido,Desconhecido,Desconhecido,Auger,YES,Midwest,0,0,0,0,0,0
37660,372.05,545.27,100.31,32.72,15.57,91.92,Desconhecido,Desconhecido,Desconhecido,Auger,YES,Midwest,0,0,0,0,0,0
37662,393.93,523.14,72.95,24.04,9.14,68.36,Desconhecido,Desconhecido,Desconhecido,Auger,YES,Midwest,0,0,0,0,0,0
37665,345.81,589.35,59.28,18.83,6.79,58.81,Desconhecido,Desconhecido,Desconhecido,Auger,YES,Midwest,0,0,0,0,0,0
37668,158.04,717.06,45.6,1.37,0.81,19.79,Desconhecido,Desconhecido,Desconhecido,Auger,YES,Midwest,0,0,0,0,0,0
37669,261.04,633.49,54.72,11.75,6.25,53.32,Desconhecido,Desconhecido,Desconhecido,Auger,YES,Midwest,0,0,0,0,0,0
37671,281.62,592.44,68.39,21.46,8.24,66.53,Desconhecido,Desconhecido,Desconhecido,Auger,YES,Midwest,0,0,0,0,0,0
37674,157.38,738.38,18.24,0.16,0.27,16.29,Desconhecido,Desconhecido,Desconhecido,Auger,YES,Midwest,0,0,0,0,0,0
37677,511.21,361.5,50.16,22.07,15.84,64.79,Desconhecido,Desconhecido,Desconhecido,Auger,YES,Midwest,0,0,0,0,0,0
37680,387.43,429.05,59.28,41.72,10.32,73.5,Desconhecido,Desconhecido,Desconhecido,Auger,YES,Midwest,0,0,0,0,0,0
37683,345.25,553.21,72.95,33.21,12.58,68.52,Desconhecido,Desconhecido,Desconhecido,Auger,YES,Midwest,0,0,0,0,0,0
37686,261.78,697.95,31.92,3.46,2.08,28.76,Desconhecido,Desconhecido,Desconhecido,Auger,YES,Midwest,0,0,0,0,0,0
37689,160.71,819.2,27.36,0.6,1.27,25.71,Desconhecido,Desconhecido,Desconhecido,Auger,YES,Midwest,0,0,0,0,0,0
37692,221.68,596.95,27.36,3.46,3.53,25.45,Desconhecido,Desconhecido,Desconhecido,Auger,YES,Midwest,0,0,0,0,0,0
37695,447.33,532.33,50.16,4.56,3.53,47.55,Desconhecido,Desconhecido,Desconhecido,Auger,YES,Midwest,0,0,0,0,0,0
37697,20.04,899.82,11.4,1.48,0.72,16.8,Desconhecido,Desconhecido,Desconhecido,Auger,YES,Midwest,0,0,0,0,0,0
37700,427.5,426.34,45.6,0.05,0.45,41.56,Desconhecido,Desconhecido,Desconhecido,Auger,YES,Midwest,0,0,0,0,0,0
37703,161.22,653.78,22.8,0.05,0.36,21.76,Desconhecido,Desconhecido,Desconhecido,Auger,YES,Midwest,0,0,0,0,0,0
37706,596.47,235.29,63.84,2.42,2.72,65.91,Desconhecido,Desconhecido,Desconhecido,Auger,YES,Midwest,0,0,0,0,0,0
37709,201.79,516.02,36.48,14.93,9.41,35.73,Desconhecido,Desconhecido,Desconhecido,Auger,YES,Midwest,0,0,0,0,0,0
37712,223.07,570.48,59.28,27.39,11.41,58.45,Desconhecido,Desconhecido,Desconhecido,Auger,YES,Midwest,0,0,0,0,0,0
37715,325.24,379.53,59.28,32.17,12.58,85.37,Desconhecido,Desconhecido,Desconhecido,Auger,YES,Midwest,0,0,0,0,0,0
37717,220.36,431.75,36.48,4.12,2.44,25.19,Desconhecido,Desconhecido,Desconhecido,Auger,YES,Midwest,0,0,0,0,0,0
37719,892.0,17.777779,31.3768,42.0,12.0,79.5,Desconhecido,Desconhecido,Desconhecido,Profile,YES,Northeast,0,0,0,0,0,0
37725,87.0,716.0,33.1008,40.0,129.0,33.75,Desconhecido,Desconhecido,Desconhecido,Profile,YES,Northeast,0,0,0,0,0,0
37730,340.0,101.0,16.7228,13.0,11.0,60.4,Desconhecido,Desconhecido,Desconhecido,Profile,YES,Northeast,0,0,0,0,0,0
37736,347.0,61.0,23.1016,6.0,5.0,65.2,Desconhecido,Desconhecido,Desconhecido,Profile,YES,Northeast,0,0,0,0,0,0
37742,332.0,352.0,30.3424,98.0,41.0,185.6,Desconhecido,Desconhecido,Desconhecido,Profile,YES,Northeast,0,0,0,0,0,0
37747,801.0,161.0,6.2064,13.0,5.2,44.1,Desconhecido,Desconhecido,Desconhecido,Profile,YES,Northeast,0,0,0,1,1,1
37753,375.0,413.0,49.134,82.0,30.0,175.2,Desconhecido,Desconhecido,Desconhecido,Profile,YES,Northeast,0,0,0,0,0,0
37758,774.0,60.0,13.9644,19.0,11.0,50.9,Desconhecido,Desconhecido,Desconhecido,Profile,YES,Northeast,0,0,0,0,0,0
37764,98.0,405.0,28.446,184.0,36.0,33.62,Desconhecido,Desconhecido,Desconhecido,Profile,YES,Northeast,0,0,0,0,0,0
37770,772.0,181.0,9.9992,8.0,3.0,44.4,Desconhecido,Desconhecido,Desconhecido,Profile,YES,Northeast,0,0,0,0,0,0
37776,457.0,470.0,36.204,65.0,12.0,131.8,Desconhecido,Desconhecido,Desconhecido,Profile,YES,Northeast,0,0,0,0,0,0
37782,453.0,142.0,15.8608,12.0,7.0,56.2,Desconhecido,Desconhecido,Desconhecido,Profile,YES,Northeast,0,0,0,0,0,0
37788,71.0,143.0,26.722,15.0,20.0,115.0,Desconhecido,Desconhecido,Desconhecido,Profile,YES,Northeast,0,0,0,0,0,0
37794,831.0,81.0,30.5148,101.0,5.0,118.9,Desconhecido,Desconhecido,Desconhecido,Profile,YES,Northeast,0,0,0,0,0,0
37802,953.0,20.0,8.2752,13.0,5.2,44.1,Desconhecido,Desconhecido,Desconhecido,Profile,YES,Northeast,0,0,0,1,1,1
37807,756.0,141.0,18.4468,38.0,6.0,73.8,Desconhecido,Desconhecido,Desconhecido,Profile,NO,North,0,0,0,0,0,0
37815,463.0,428.0,27.7564,8.0,5.0,68.3,Desconhecido,Desconhecido,Desconhecido,Profile,NO,North,0,0,0,0,0,0
37816,358.0,529.0,11.5508,13.0,5.2,44.1,Desconhecido,Desconhecido,Desconhecido,Profile,NO,North,0,0,0,1,1,1
37819,406.0,371.0,57.2368,9.0,4.0,159.5,Desconhecido,Desconhecido,Desconhecido,Profile,NO,North,0,0,0,0,0,0
37825,621.0,307.0,55.8576,13.0,5.2,44.1,Desconhecido,Desconhecido,Desconhecido,Profile,NO,North,0,0,0,1,1,1
37826,664.0,283.0,21.2052,13.0,5.2,44.1,Desconhecido,Desconhecido,Desconhecido,Profile,NO,North,0,0,0,1,1,1
37835,948.0,20.0,17.0676,13.0,5.2,44.1,Desconhecido,Desconhecido,Desconhecido,Profile,NO,North,0,0,0,1,1,1
37845,408.0,60.0,15.3436,13.0,5.2,44.1,Desconhecido,Desconhecido,Desconhecido,Profile,NO,North,0,0,0,1,1,1
37846,320.0,60.0,6.129778,13.0,5.2,44.1,Desconhecido,Desconhecido,Desconhecido,Profile,NO,North,0,0,0,1,1,1
37850,453.0,40.0,10.1716,12.0,3.0,28.9,Desconhecido,Desconhecido,Desconhecido,Profile,NO,North,0,0,0,0,0,0
37851,414.0,40.0,16.090666,13.0,5.2,44.1,Desconhecido,Desconhecido,Desconhecido,Profile,NO,North,0,0,0,1,1,1
37857,387.0,80.0,7.6622224,13.0,5.2,44.1,Desconhecido,Desconhecido,Desconhecido,Profile,NO,North,0,0,0,1,1,1
37858,624.0,302.0,6.3788,0.2,5.2,21.5,Desconhecido,Desconhecido,Desconhecido,Profile,NO,North,0,0,0,0,1,0
37859,618.0,322.0,15.516,13.0,5.2,44.1,Desconhecido,Desconhecido,Desconhecido,Profile,NO,North,0,0,0,1,1,1
37864,620.0,201.0,5.6892,13.0,5.2,44.1,Desconhecido,Desconhecido,Desconhecido,Profile,NO,North,0,0,0,1,1,1
37868,578.0,249.0,36.0316,48.0,17.0,123.0,Desconhecido,Desconhecido,Desconhecido,Profile,NO,North,0,0,0,0,0,0
37872,707.0,182.0,21.0328,13.0,5.2,44.1,Desconhecido,Desconhecido,Desconhecido,Profile,NO,North,0,0,0,1,1,1
37873,699.0,202.0,16.0332,13.0,5.2,44.1,Desconhecido,Desconhecido,Desconhecido,Profile,NO,North,0,0,0,1,1,1
37874,625.0,242.0,8.1028,13.0,5.2,44.1,Desconhecido,Desconhecido,Desconhecido,Profile,NO,North,0,0,0,1,1,1
37875,409.0,404.0,3.3330667,13.0,5.2,44.1,Desconhecido,Desconhecido,Desconhecido,Profile,NO,North,0,0,0,1,1,1
37876,391.0,323.0,7.6622224,13.0,5.2,44.1,Desconhecido,Desconhecido,Desconhecido,Profile,NO,North,0,0,0,1,1,1
37877,802.0,101.0,22.0672,13.0,5.2,44.1,Desconhecido,Desconhecido,Desconhecido,Profile,NO,North,0,0,0,1,1,1
37878,830.0,121.0,12.2404,13.0,5.2,44.1,Desconhecido,Desconhecido,Desconhecido,Profile,NO,North,0,0,0,1,1,1
37879,820.0,141.0,7.4132,13.0,5.2,44.1,Desconhecido,Desconhecido,Desconhecido,Profile,NO,North,0,0,0,1,1,1
37880,772.0,161.0,7.6622224,13.0,5.2,44.1,Desconhecido,Desconhecido,Desconhecido,Profile,NO,North,0,0,0,1,1,1
37881,744.0,181.0,4.5973334,13.0,5.2,44.1,Desconhecido,Desconhecido,Desconhecido,Profile,NO,North,0,0,0,1,1,1
37882,711.0,222.0,4.5973334,13.0,5.2,44.1,Desconhecido,Desconhecido,Desconhecido,Profile,NO,North,0,0,0,1,1,1
37883,902.0,40.0,6.2064,13.0,5.2,44.1,Desconhecido,Desconhecido,Desconhecido,Profile,NO,North,0,0,0,1,1,1
37884,934.0,40.0,8.045333,13.0,5.2,44.1,Desconhecido,Desconhecido,Desconhecido,Profile,NO,North,0,0,0,1,1,1
37885,927.0,40.0,4.5973334,13.0,5.2,44.1,Desconhecido,Desconhecido,Desconhecido,Profile,NO,North,0,0,0,1,1,1
37886,876.0,60.0,7.6622224,13.0,5.2,44.1,Desconhecido,Desconhecido,Desconhecido,Profile,NO,North,0,0,0,1,1,1
37887,836.0,80.0,12.5852,13.0,5.2,44.1,Desconhecido,Desconhecido,Desconhecido,Profile,NO,North,0,0,0,1,1,1
37888,770.0,101.0,21.0328,13.0,5.2,44.1,Desconhecido,Desconhecido,Desconhecido,Profile,NO,North,0,0,0,1,1,1
37889,845.0,61.0,22.412,13.0,5.2,44.1,Desconhecido,Desconhecido,Desconhecido,Profile,NO,North,0,0,0,1,1,1
37890,848.0,60.0,14.366667,13.0,5.2,44.1,Desconhecido,Desconhecido,Desconhecido,Profile,NO,North,0,0,0,1,1,1
37891,848.0,40.0,5.3635554,13.0,5.2,44.1,Desconhecido,Desconhecido,Desconhecido,Profile,NO,North,0,0,0,1,1,1
37892,862.0,60.0,2.6817777,13.0,5.2,44.1,Desconhecido,Desconhecido,Desconhecido,Profile,NO,North,0,0,0,1,1,1
37893,921.0,40.0,1.9155556,13.0,5.2,44.1,Desconhecido,Desconhecido,Desconhecido,Profile,NO,North,0,0,0,1,1,1
37894,921.0,40.0,1.9155556,13.0,5.2,44.1,Desconhecido,Desconhecido,Desconhecido,Profile,NO,North,0,0,0,1,1,1
37895,919.0,40.0,11.493333,13.0,5.2,44.1,Desconhecido,Desconhecido,Desconhecido,Profile,NO,North,0,0,0,1,1,1
37896,833.0,80.0,7.6622224,13.0,5.2,44.1,Desconhecido,Desconhecido,Desconhecido,Profile,NO,North,0,0,0,1,1,1
37897,803.0,121.0,7.6622224,13.0,5.2,44.1,Desconhecido,Desconhecido,Desconhecido,Profile,NO,North,0,0,0,1,1,1
37898,889.0,60.0,35.342,13.0,5.2,44.1,Desconhecido,Desconhecido,Desconhecido,Profile,NO,North,0,0,0,1,1,1
37899,929.0,60.0,6.3788,13.0,5.2,44.1,Desconhecido,Desconhecido,Desconhecido,Profile,NO,North,0,0,0,1,1,1
37900,943.0,40.0,5.3635554,13.0,5.2,44.1,Desconhecido,Desconhecido,Desconhecido,Profile,NO,North,0,0,0,1,1,1
37901,947.0,40.0,2.6817777,13.0,5.2,44.1,Desconhecido,Desconhecido,Desconhecido,Profile,NO,North,0,0,0,1,1,1
37902,943.0,40.0,2.2986667,13.0,5.2,44.1,Desconhecido,Desconhecido,Desconhecido,Profile,NO,North,0,0,0,1,1,1
37903,942.0,40.0,1.5324445,13.0,5.2,44.1,Desconhecido,Desconhecido,Desconhecido,Profile,NO,North,0,0,0,1,1,1
37905,929.0,40.0,3.3330667,13.0,5.2,44.1,Desconhecido,Desconhecido,Desconhecido,Profile,NO,North,0,0,0,1,1,1
37906,905.0,40.0,19.6536,13.0,5.2,44.1,Desconhecido,Desconhecido,Desconhecido,Profile,NO,North,0,0,0,1,1,1
37907,913.0,40.0,14.8264,13.0,5.2,44.1,Desconhecido,Desconhecido,Desconhecido,Profile,NO,North,0,0,0,1,1,1
37908,20.0,599.0,18.4468,13.0,14.0,105.3,Desconhecido,Desconhecido,Desconhecido,Profile,NO,North,0,0,0,0,0,0
37909,8.0,683.0,8.7924,4.0,13.0,104.9,Desconhecido,Desconhecido,Desconhecido,Profile,NO,North,0,0,0,0,0,0
37910,33.0,682.0,7.9304,3.0,13.0,96.5,Desconhecido,Desconhecido,Desconhecido,Profile,NO,North,0,0,0,0,0,0
37911,47.0,577.0,21.55,4.0,11.0,96.4,Desconhecido,Desconhecido,Desconhecido,Profile,NO,North,0,0,0,0,0,0
37912,8.0,764.0,7.9304,1.0,10.0,93.3,Desconhecido,Desconhecido,Desconhecido,Profile,NO,North,0,0,0,0,0,0
37913,12.0,720.0,8.811556,13.0,5.2,44.1,Desconhecido,Desconhecido,Desconhecido,Profile,NO,North,0,0,0,1,1,1
37914,18.0,763.0,4.9804444,13.0,5.2,44.1,Desconhecido,Desconhecido,Desconhecido,Profile,NO,North,0,0,0,1,1,1
37915,180.0,760.0,3.448,13.0,5.2,44.1,Desconhecido,Desconhecido,Desconhecido,Profile,NO,North,0,0,0,1,1,1
37916,693.0,122.0,40.8,13.0,5.2,44.1,Desconhecido,Desconhecido,Desconhecido,Desconhecido,NO,Northeast,0,0,0,1,1,1
37918,898.7,40.0,14.0,13.0,5.2,44.1,Desconhecido,Desconhecido,Desconhecido,Desconhecido,NO,Northeast,0,0,0,1,1,1
37920,863.0,60.0,10.9,13.0,5.2,44.1,Desconhecido,Desconhecido,Desconhecido,Desconhecido,NO,Northeast,0,0,0,1,1,1
37922,834.4,60.1,22.0,13.0,5.2,44.1,Desconhecido,Desconhecido,Desconhecido,Desconhecido,NO,Northeast,0,0,0,1,1,1
37924,872.6,80.2,9.2,13.0,5.2,44.1,Desconhecido,Desconhecido,Desconhecido,Desconhecido,NO,Northeast,0,0,0,1,1,1
37926,612.9,204.9,37.9,13.0,5.2,44.1,Desconhecido,Desconhecido,Desconhecido,Desconhecido,NO,Northeast,0,0,0,1,1,1
37928,733.1,140.6,9.0,13.0,5.2,44.1,Desconhecido,Desconhecido,Desconhecido,Desconhecido,NO,Northeast,0,0,0,1,1,1
37930,687.6,122.4,55.1,13.0,5.2,44.1,Desconhecido,Desconhecido,Desconhecido,Desconhecido,NO,Northeast,0,0,0,1,1,1
37932,688.2,101.1,14.8,13.0,5.2,44.1,Desconhecido,Desconhecido,Desconhecido,Desconhecido,NO,Northeast,0,0,0,1,1,1
37934,621.4,141.3,25.9,13.0,5.2,44.1,Desconhecido,Desconhecido,Desconhecido,Desconhecido,NO,Northeast,0,0,0,1,1,1
37936,230.0,551.987,38.0,10.0,17.0,103.2,Desconhecido,Desconhecido,Desconhecido,Desconhecido,NO,Midwest,0,0,0,0,0,0
37937,184.0,627.976,27.0,4.0,7.0,102.8,Desconhecido,Desconhecido,Desconhecido,Desconhecido,NO,Midwest,0,0,0,0,0,0
37938,254.0,585.003,29.0,6.0,11.0,95.6,Desconhecido,Desconhecido,Desconhecido,Desconhecido,NO,Midwest,0,0,0,0,0,0
37939,202.0,632.992,28.0,5.0,7.0,102.3,Desconhecido,Desconhecido,Desconhecido,Desconhecido,NO,Midwest,0,0,0,0,0,0
37940,272.0,551.987,30.0,5.0,6.0,95.7,Desconhecido,Desconhecido,Desconhecido,Desconhecido,NO,Midwest,0,0,0,0,0,0
37941,232.0,585.995,33.0,6.0,8.0,104.1,Desconhecido,Desconhecido,Desconhecido,Desconhecido,NO,Midwest,0,0,0,0,0,0
37942,230.0,588.989,32.0,11.0,12.0,99.6,Desconhecido,Desconhecido,Desconhecido,Desconhecido,NO,Midwest,0,0,0,0,0,0
37943,186.0,645.981,31.0,5.0,8.0,104.0,Desconhecido,Desconhecido,Desconhecido,Desconhecido,NO,Midwest,0,0,0,0,0,0
37944,242.0,594.978,27.0,5.0,9.0,15.8,Desconhecido,Desconhecido,Desconhecido,Desconhecido,NO,Midwest,0,0,0,0,0,0
37945,184.0,626.984,28.0,5.0,7.0,111.5,Desconhecido,Desconhecido,Desconhecido,Desconhecido,NO,Midwest,0,0,0,0,0,0
37946,204.0,607.987,31.0,7.0,9.0,119.6,Desconhecido,Desconhecido,Desconhecido,Desconhecido,NO,Midwest,0,0,0,0,0,0
37947,196.0,648.003,25.0,4.0,4.0,108.6,Desconhecido,Desconhecido,Desconhecido,Desconhecido,NO,Midwest,0,0,0,0,0,0
37948,242.0,579.987,33.0,7.0,8.0,109.7,Desconhecido,Desconhecido,Desconhecido,Desconhecido,NO,Midwest,0,0,0,0,0,0
37949,200.0,629.997,28.0,5.0,6.0,101.9,Desconhecido,Desconhecido,Desconhecido,Desconhecido,NO,Midwest,0,0,0,0,0,0
37950,232.0,599.995,26.0,4.0,5.0,100.0,Desconhecido,Desconhecido,Desconhecido,Desconhecido,NO,Midwest,0,0,0,0,0,0
37951,250.0,576.0,26.0,5.0,5.0,110.2,Desconhecido,Desconhecido,Desconhecido,Desconhecido,NO,Midwest,0,0,0,0,0,0
37952,192.0,626.011,31.0,6.0,9.0,124.5,Desconhecido,Desconhecido,Desconhecido,Desconhecido,NO,Midwest,0,0,0,0,0,0
37953,192.0,636.005,25.0,4.0,6.0,111.1,Desconhecido,Desconhecido,Desconhecido,Desconhecido,NO,Midwest,0,0,0,0,0,0
37954,264.0,564.003,32.0,10.0,9.0,121.1,Desconhecido,Desconhecido,Desconhecido,Desconhecido,NO,Midwest,0,0,0,0,0,0
37955,196.0,643.005,32.0,7.0,9.0,105.9,Desconhecido,Desconhecido,Desconhecido,Desconhecido,NO,Midwest,0,0,0,0,0,0
37956,194.0,657.997,32.0,6.0,9.0,104.6,Desconhecido,Desconhecido,Desconhecido,Desconhecido,NO,Midwest,0,0,0,0,0,0
37957,226.0,612.011,34.0,7.0,10.0,106.6,Desconhecido,Desconhecido,Desconhecido,Desconhecido,NO,Midwest,0,0,0,0,0,0
37958,170.0,676.022,31.0,6.0,9.0,91.3,Desconhecido,Desconhecido,Desconhecido,Desconhecido,NO,Midwest,0,0,0,0,0,0
37959,242.0,617.008,30.0,6.0,7.0,114.7,Desconhecido,Desconhecido,Desconhecido,Desconhecido,NO,Midwest,0,0,0,0,0,0
37960,184.0,667.992,25.0,5.0,7.0,88.3,Desconhecido,Desconhecido,Desconhecido,Desconhecido,NO,Midwest,0,0,0,0,0,0
37961,248.0,620.003,31.0,7.0,9.0,108.4,Desconhecido,Desconhecido,Desconhecido,Desconhecido,NO,Midwest,0,0,0,0,0,0
37962,186.0,669.994,26.0,4.0,6.0,101.2,Desconhecido,Desconhecido,Desconhecido,Desconhecido,NO,Midwest,0,0,0,0,0,0
37963,236.0,627.995,27.0,6.0,6.0,103.2,Desconhecido,Desconhecido,Desconhecido,Desconhecido,NO,Midwest,0,0,0,0,0,0
37964,178.0,688.019,25.0,7.0,5.0,111.6,Desconhecido,Desconhecido,Desconhecido,Desconhecido,NO,Midwest,0,0,0,0,0,0
37965,216.0,611.0,28.0,6.0,7.0,113.6,Desconhecido,Desconhecido,Desconhecido,Desconhecido,NO,Midwest,0,0,0,0,0,0
37966,186.0,643.005,30.0,6.0,8.0,105.2,Desconhecido,Desconhecido,Desconhecido,Desconhecido,NO,Midwest,0,0,0,0,0,0
37967,222.0,621.014,26.0,6.0,7.0,104.5,Desconhecido,Desconhecido,Desconhecido,Desconhecido,NO,Midwest,0,0,0,0,0,0
37968,246.0,614.014,34.0,9.0,12.0,98.2,Desconhecido,Desconhecido,Desconhecido,Desconhecido,NO,Midwest,0,0,0,0,0,0
37969,176.0,658.989,32.0,5.0,7.0,95.4,Desconhecido,Desconhecido,Desconhecido,Desconhecido,NO,Midwest,0,0,0,0,0,0
37970,250.0,604.992,28.0,7.0,10.0,107.7,Desconhecido,Desconhecido,Desconhecido,Desconhecido,NO,Midwest,0,0,0,0,0,0
37971,168.0,675.011,30.0,7.0,10.0,108.6,Desconhecido,Desconhecido,Desconhecido,Desconhecido,NO,Midwest,0,0,0,0,0,0
37972,206.0,622.005,29.0,5.0,8.0,94.7,Desconhecido,Desconhecido,Desconhecido,Desconhecido,NO,Midwest,0,0,0,0,0,0
37973,168.0,674.0,29.0,4.0,6.0,110.7,Desconhecido,Desconhecido,Desconhecido,Desconhecido,NO,Midwest,0,0,0,0,0,0
37974,256.0,590.992,29.0,5.0,7.0,103.6,Desconhecido,Desconhecido,Desconhecido,Desconhecido,NO,Midwest,0,0,0,0,0,0
37975,190.0,669.994,29.0,4.0,5.0,109.4,Desconhecido,Desconhecido,Desconhecido,Desconhecido,NO,Midwest,0,0,0,0,0,0
37976,258.0,580.997,28.0,5.0,7.0,104.0,Desconhecido,Desconhecido,Desconhecido,Desconhecido,NO,Midwest,0,0,0,0,0,0
37977,164.0,689.011,26.0,4.0,4.0,99.5,Desconhecido,Desconhecido,Desconhecido,Desconhecido,NO,Midwest,0,0,0,0,0,0
37978,236.0,622.005,25.0,6.0,8.0,96.7,Desconhecido,Desconhecido,Desconhecido,Desconhecido,NO,Midwest,0,0,0,0,0,0
37979,214.0,646.992,32.0,6.0,8.0,96.2,Desconhecido,Desconhecido,Desconhecido,Desconhecido,NO,Midwest,0,0,0,0,0,0
37980,258.0,588.989,32.0,7.0,9.0,116.0,Desconhecido,Desconhecido,Desconhecido,Desconhecido,NO,Midwest,0,0,0,0,0,0
37981,182.0,663.013,32.0,7.0,8.0,104.7,Desconhecido,Desconhecido,Desconhecido,Desconhecido,NO,Midwest,0,0,0,0,0,0
37982,232.0,628.014,31.0,7.0,9.0,106.3,Desconhecido,Desconhecido,Desconhecido,Desconhecido,NO,Midwest,0,0,0,0,0,0
37983,188.0,661.011,30.0,6.0,8.0,104.5,Desconhecido,Desconhecido,Desconhecido,Desconhecido,NO,Midwest,0,0,0,0,0,0
37984,270.0,595.016,32.0,8.0,9.0,117.8,Desconhecido,Desconhecido,Desconhecido,Desconhecido,NO,Midwest,0,0,0,0,0,0
37985,188.0,649.013,29.0,6.0,8.0,114.5,Desconhecido,Desconhecido,Desconhecido,Desconhecido,NO,Midwest,0,0,0,0,0,0
37986,220.0,627.003,34.0,7.0,7.0,107.4,Desconhecido,Desconhecido,Desconhecido,Desconhecido,NO,Midwest,0,0,0,0,0,0
37987,190.0,679.016,27.0,4.0,6.0,100.0,Desconhecido,Desconhecido,Desconhecido,Desconhecido,NO,Midwest,0,0,0,0,0,0
37988,278.0,566.998,32.0,5.0,7.0,113.2,Desconhecido,Desconhecido,Desconhecido,Desconhecido,NO,Midwest,0,0,0,0,0,0
37989,212.0,643.005,27.0,4.0,6.0,13.6,Desconhecido,Desconhecido,Desconhecido,Desconhecido,NO,Midwest,0,0,0,0,0,0
37990,244.0,620.995,30.0,7.0,10.0,107.5,Desconhecido,Desconhecido,Desconhecido,Desconhecido,NO,Midwest,0,0,0,0,0,0
37991,200.0,641.003,30.0,8.0,13.0,99.3,Desconhecido,Desconhecido,Desconhecido,Desconhecido,NO,Midwest,0,0,0,0,0,0
37992,218.0,602.016,29.0,7.0,9.0,90.2,Desconhecido,Desconhecido,Desconhecido,Desconhecido,NO,Midwest,0,0,0,0,0,0
37993,180.0,667.992,30.0,6.0,7.0,103.5,Desconhecido,Desconhecido,Desconhecido,Desconhecido,NO,Midwest,0,0,0,0,0,0
37994,200.0,620.003,34.0,7.0,10.0,127.6,Desconhecido,Desconhecido,Desconhecido,Desconhecido,NO,Midwest,0,0,0,0,0,0
37995,168.0,685.005,29.0,6.0,7.0,113.0,Desconhecido,Desconhecido,Desconhecido,Desconhecido,NO,Midwest,0,0,0,0,0,0
37996,232.0,575.981,25.0,4.0,5.0,108.9,Desconhecido,Desconhecido,Desconhecido,Desconhecido,NO,Midwest,0,0,0,0,0,0
37997,182.0,625.973,27.0,5.0,7.0,101.5,Desconhecido,Desconhecido,Desconhecido,Desconhecido,NO,Midwest,0,0,0,0,0,0
37998,238.0,573.978,24.0,5.0,7.0,112.9,Desconhecido,Desconhecido,Desconhecido,Desconhecido,NO,Midwest,0,0,0,0,0,0
37999,188.0,613.995,26.0,4.0,5.0,99.2,Desconhecido,Desconhecido,Desconhecido,Desconhecido,NO,Midwest,0,0,0,0,0,0
38000,248.0,544.987,26.0,5.0,5.0,99.6,Desconhecido,Desconhecido,Desconhecido,Desconhecido,NO,Midwest,0,0,0,0,0,0
38001,200.0,621.986,28.0,6.0,8.0,104.3,Desconhecido,Desconhecido,Desconhecido,Desconhecido,NO,Midwest,0,0,0,0,0,0
38002,242.0,584.984,28.0,4.0,5.0,109.6,Desconhecido,Desconhecido,Desconhecido,Desconhecido,NO,Midwest,0,0,0,0,0,0
38003,188.0,634.976,24.0,4.0,5.0,108.9,Desconhecido,Desconhecido,Desconhecido,Desconhecido,NO,Midwest,0,0,0,0,0,0
38004,262.0,564.995,25.0,4.0,5.0,100.8,Desconhecido,Desconhecido,Desconhecido,Desconhecido,NO,Midwest,0,0,0,0,0,0
38005,170.0,643.978,24.0,5.0,5.0,109.7,Desconhecido,Desconhecido,Desconhecido,Desconhecido,NO,Midwest,0,0,0,0,0,0
38006,246.0,585.976,25.0,4.0,7.0,110.9,Desconhecido,Desconhecido,Desconhecido,Desconhecido,NO,Midwest,0,0,0,0,0,0
38007,200.0,618.973,28.0,6.0,8.0,98.0,Desconhecido,Desconhecido,Desconhecido,Desconhecido,NO,Midwest,0,0,0,0,0,0
38008,212.0,618.0,31.0,8.0,9.0,94.2,Desconhecido,Desconhecido,Desconhecido,Desconhecido,NO,Midwest,0,0,0,0,0,0
38009,192.0,635.986,27.0,5.0,8.0,88.2,Desconhecido,Desconhecido,Desconhecido,Desconhecido,NO,Midwest,0,0,0,0,0,0
38010,226.0,595.989,27.0,5.0,7.0,111.9,Desconhecido,Desconhecido,Desconhecido,Desconhecido,NO,Midwest,0,0,0,0,0,0
38011,206.0,636.005,30.0,6.0,7.0,102.8,Desconhecido,Desconhecido,Desconhecido,Desconhecido,NO,Midwest,0,0,0,0,0,0
38012,234.0,590.973,24.0,4.0,5.0,82.9,Desconhecido,Desconhecido,Desconhecido,Desconhecido,NO,Midwest,0,0,0,0,0,0
38013,178.0,655.975,23.0,8.0,13.0,96.8,Desconhecido,Desconhecido,Desconhecido,Desconhecido,NO,Midwest,0,0,0,0,0,0
38014,811.9312,144.18605,17.0,10.0,8.0,46.3,Desconhecido,Desconhecido,Desconhecido,Desconhecido,NO,Midwest,0,0,0,0,0,0
38015,839.3574,118.8755,15.0,7.0,8.0,40.4,Desconhecido,Desconhecido,Desconhecido,Desconhecido,NO,Midwest,0,0,0,0,0,0
38016,773.8693,173.26633,15.0,8.0,8.0,41.5,Desconhecido,Desconhecido,Desconhecido,Desconhecido,NO,Midwest,0,0,0,0,0,0
38017,855.4217,106.2249,14.0,6.0,9.0,35.3,Desconhecido,Desconhecido,Desconhecido,Desconhecido,NO,Midwest,0,0,0,0,0,0
38018,850.55164,103.911736,17.0,8.0,9.0,39.2,Desconhecido,Desconhecido,Desconhecido,Desconhecido,NO,Midwest,0,0,0,0,0,0
38019,828.82886,130.13013,14.0,7.0,12.0,37.8,Desconhecido,Desconhecido,Desconhecido,Desconhecido,NO,Midwest,0,0,0,0,0,0
38020,819.6393,136.07214,16.0,9.0,12.0,41.2,Desconhecido,Desconhecido,Desconhecido,Desconhecido,NO,Midwest,0,0,0,0,0,0
38021,782.34705,162.28687,17.0,8.0,10.0,40.6,Desconhecido,Desconhecido,Desconhecido,Desconhecido,NO,Midwest,0,0,0,0,0,0
38022,793.7938,151.95195,14.0,7.0,10.0,37.5,Desconhecido,Desconhecido,Desconhecido,Desconhecido,NO,Midwest,0,0,0,0,0,0
38023,808.0,155.0,16.25,8.0,10.25,38.2,Desconhecido,Desconhecido,Desconhecido,Desconhecido,NO,Midwest,0,0,0,0,0,0
38024,867.0,101.6,19.0,10.0,11.0,39.3,Desconhecido,Desconhecido,Desconhecido,Desconhecido,NO,Midwest,0,0,0,0,0,0
38025,814.8148,133.73373,19.0,8.0,8.0,41.4,Desconhecido,Desconhecido,Desconhecido,Desconhecido,NO,Midwest,0,0,0,0,0,0
38026,785.57117,136.67334,16.0,7.0,9.0,36.3,Desconhecido,Desconhecido,Desconhecido,Desconhecido,NO,Midwest,0,0,0,0,0,0
38027,806.03015,132.86432,22.0,13.0,14.0,52.9,Desconhecido,Desconhecido,Desconhecido,Desconhecido,NO,Midwest,0,0,0,0,0,0
38028,788.0,123.5,19.0,10.0,11.0,46.4,Desconhecido,Desconhecido,Desconhecido,Desconhecido,NO,Midwest,0,0,0,0,0,0
38029,790.16064,123.74498,16.0,10.0,11.0,43.6,Desconhecido,Desconhecido,Desconhecido,Desconhecido,NO,Midwest,0,0,0,0,0,0
38030,835.3414,91.61646,18.0,13.0,16.0,51.4,Desconhecido,Desconhecido,Desconhecido,Desconhecido,NO,Midwest,0,0,0,0,0,0
38031,856.5697,71.9659,19.0,12.0,12.0,42.5,Desconhecido,Desconhecido,Desconhecido,Desconhecido,NO,Midwest,0,0,0,0,0,0
38032,840.52155,91.27382,14.0,6.0,8.0,34.7,Desconhecido,Desconhecido,Desconhecido,Desconhecido,NO,Midwest,0,0,0,0,0,0
38033,857.5727,69.20763,15.0,7.0,9.0,36.6,Desconhecido,Desconhecido,Desconhecido,Desconhecido,NO,Midwest,0,0,0,0,0,0
38035,829.6593,100.450905,14.0,7.0,9.0,38.8,Desconhecido,Desconhecido,Desconhecido,Desconhecido,NO,Midwest,0,0,0,0,0,0
38036,833.83386,112.112114,13.0,8.0,8.0,34.3,Desconhecido,Desconhecido,Desconhecido,Desconhecido,NO,Midwest,0,0,0,0,0,0
38037,819.8198,101.101105,17.0,7.0,9.0,42.0,Desconhecido,Desconhecido,Desconhecido,Desconhecido,NO,Midwest,0,0,0,0,0,0
38038,852.85284,80.08008,15.0,8.0,10.0,43.7,Desconhecido,Desconhecido,Desconhecido,Desconhecido,NO,Midwest,0,0,0,0,0,0
38039,831.48334,137.63875,12.0,4.0,5.0,34.3,Desconhecido,Desconhecido,Desconhecido,Desconhecido,NO,Midwest,0,0,0,0,0,0
38040,861.0,111.8,15.25,7.75,8.5,39.2,Desconhecido,Desconhecido,Desconhecido,Desconhecido,NO,Midwest,0,0,0,0,0,0
38041,865.05536,110.77543,14.56,7.19,7.88,38.63,Desconhecido,Desconhecido,Desconhecido,Desconhecido,NO,Midwest,0,0,0,0,0,0
38042,835.6855,131.85484,20.0,10.0,11.0,46.5,Desconhecido,Desconhecido,Desconhecido,Desconhecido,NO,Midwest,0,0,0,0,0,0
38043,844.0644,122.33401,16.0,12.0,12.0,44.5,Desconhecido,Desconhecido,Desconhecido,Desconhecido,NO,Midwest,0,0,0,0,0,0
38044,838.0282,130.98592,15.0,5.0,6.0,36.5,Desconhecido,Desconhecido,Desconhecido,Desconhecido,NO,Midwest,0,0,0,0,0,0
38045,827.621,132.8629,19.0,10.0,13.0,41.3,Desconhecido,Desconhecido,Desconhecido,Desconhecido,NO,Midwest,0,0,0,0,0,0
38046,839.196,127.43719,17.0,6.0,9.0,35.3,Desconhecido,Desconhecido,Desconhecido,Desconhecido,NO,Midwest,0,0,0,0,0,0
38047,836.69354,140.12097,16.0,10.0,11.0,41.5,Desconhecido,Desconhecido,Desconhecido,Desconhecido,NO,Midwest,0,0,0,0,0,0
38048,822.4016,144.09688,18.0,9.0,16.0,45.4,Desconhecido,Desconhecido,Desconhecido,Desconhecido,NO,Midwest,0,0,0,0,0,0
38049,814.0704,142.11055,21.0,10.0,13.0,41.6,Desconhecido,Desconhecido,Desconhecido,Desconhecido,NO,Midwest,0,0,0,0,0,0
38050,799.39514,160.48387,20.0,9.0,12.0,41.4,Desconhecido,Desconhecido,Desconhecido,Desconhecido,NO,Midwest,0,0,0,0,0,0
38051,846.0765,129.97987,16.0,7.0,9.0,32.6,Desconhecido,Desconhecido,Desconhecido,Desconhecido,NO,Midwest,0,0,0,0,0,0
38052,839.83984,118.91892,18.0,8.0,15.0,38.6,Desconhecido,Desconhecido,Desconhecido,Desconhecido,NO,Midwest,0,0,0,0,0,0
38053,818.91345,137.22334,23.0,12.0,18.0,48.5,Desconhecido,Desconhecido,Desconhecido,Desconhecido,NO,Midwest,0,0,0,0,0,0
38054,823.6473,145.09018,14.0,10.0,11.0,36.2,Desconhecido,Desconhecido,Desconhecido,Desconhecido,NO,Midwest,0,0,0,0,0,0
38055,818.73114,152.87009,18.0,9.0,7.0,44.3,Desconhecido,Desconhecido,Desconhecido,Desconhecido,NO,Midwest,0,0,0,0,0,0
38056,850.2513,132.0603,23.0,12.0,11.0,48.4,Desconhecido,Desconhecido,Desconhecido,Desconhecido,NO,Midwest,0,0,0,0,0,0
38057,872.7455,103.607216,15.0,9.0,9.0,36.3,Desconhecido,Desconhecido,Desconhecido,Desconhecido,NO,Midwest,0,0,0,0,0,0
38058,774.0964,168.0723,10.0,17.0,18.0,49.9,Desconhecido,Desconhecido,Desconhecido,Desconhecido,NO,Midwest,0,0,0,0,0,0
38059,816.0,134.4,14.0,11.0,9.0,38.4,Desconhecido,Desconhecido,Desconhecido,Desconhecido,NO,Midwest,0,0,0,0,0,0
38060,825.6513,156.91383,17.0,10.0,9.0,37.5,Desconhecido,Desconhecido,Desconhecido,Desconhecido,NO,Midwest,0,0,0,0,0,0
38061,809.4283,147.84354,17.0,14.0,11.0,43.4,Desconhecido,Desconhecido,Desconhecido,Desconhecido,NO,Midwest,0,0,0,0,0,0
38062,795.38617,154.26279,17.0,14.0,16.0,48.4,Desconhecido,Desconhecido,Desconhecido,Desconhecido,NO,Midwest,0,0,0,0,0,0
38063,818.0,137.8,17.0,7.0,9.0,34.4,Desconhecido,Desconhecido,Desconhecido,Desconhecido,NO,Midwest,0,0,0,0,0,0
38064,826.0,135.4,15.0,10.0,10.0,38.4,Desconhecido,Desconhecido,Desconhecido,Desconhecido,NO,Midwest,0,0,0,0,0,0
38065,848.54565,129.18756,15.0,10.0,9.0,34.3,Desconhecido,Desconhecido,Desconhecido,Desconhecido,NO,Midwest,0,0,0,0,0,0
38066,851.0,115.8,18.0,11.0,9.0,36.3,Desconhecido,Desconhecido,Desconhecido,Desconhecido,NO,Midwest,0,0,0,0,0,0
38067,831.4945,135.20561,16.0,14.0,13.0,43.3,Desconhecido,Desconhecido,Desconhecido,Desconhecido,NO,Midwest,0,0,0,0,0,0
38068,827.0,137.0,16.0,11.0,12.0,43.4,Desconhecido,Desconhecido,Desconhecido,Desconhecido,NO,Midwest,0,0,0,0,0,0
38069,820.0,150.8,18.0,13.0,13.0,44.4,Desconhecido,Desconhecido,Desconhecido,Desconhecido,NO,Midwest,0,0,0,0,0,0
38070,818.0,142.4,21.0,12.0,13.0,45.5,Desconhecido,Desconhecido,Desconhecido,Desconhecido,NO,Midwest,0,0,0,0,0,0
38071,791.0,163.8,18.25,13.25,14.0,44.0,Desconhecido,Desconhecido,Desconhecido,Desconhecido,NO,Midwest,0,0,0,0,0,0
38072,808.4253,146.63992,18.0,18.0,18.0,48.8,Desconhecido,Desconhecido,Desconhecido,Desconhecido,NO,Midwest,0,0,0,0,0,0
38073,805.0,175.35071,16.0,10.0,12.0,37.3,Desconhecido,Desconhecido,Desconhecido,Desconhecido,NO,Midwest,0,0,0,0,0,0
38074,835.71,128.8,21.0,7.0,11.0,36.5,Desconhecido,Desconhecido,Desconhecido,Desconhecido,NO,Midwest,0,0,0,0,0,0
38075,811.9312,144.18605,11.0,7.0,6.0,13.6,Desconhecido,Desconhecido,Desconhecido,Desconhecido,NO,Midwest,0,0,0,0,0,0
38076,839.3574,118.8755,12.0,6.0,5.0,11.2,Desconhecido,Desconhecido,Desconhecido,Desconhecido,NO,Midwest,0,0,0,0,0,0
38077,773.8693,173.26633,13.0,9.0,5.0,14.3,Desconhecido,Desconhecido,Desconhecido,Desconhecido,NO,Midwest,0,0,0,0,0,0
38078,855.4217,106.2249,10.0,6.0,5.0,11.9,Desconhecido,Desconhecido,Desconhecido,Desconhecido,NO,Midwest,0,0,0,0,0,0
38079,850.55164,103.911736,10.0,7.0,5.0,12.3,Desconhecido,Desconhecido,Desconhecido,Desconhecido,NO,Midwest,0,0,0,0,0,0
38080,828.82886,130.13013,12.0,6.0,5.0,11.3,Desconhecido,Desconhecido,Desconhecido,Desconhecido,NO,Midwest,0,0,0,0,0,0
38081,798.0,149.4,11.0,14.0,5.0,19.2,Desconhecido,Desconhecido,Desconhecido,Desconhecido,NO,Midwest,0,0,0,0,0,0
38082,819.6393,136.07214,21.0,29.0,17.0,47.0,Desconhecido,Desconhecido,Desconhecido,Desconhecido,NO,Midwest,0,0,0,0,0,0
38083,782.34705,162.28687,20.0,28.0,15.0,43.7,Desconhecido,Desconhecido,Desconhecido,Desconhecido,NO,Midwest,0,0,0,0,0,0
38084,793.7938,151.95195,10.0,7.0,4.0,11.4,Desconhecido,Desconhecido,Desconhecido,Desconhecido,NO,Midwest,0,0,0,0,0,0
38085,808.0,155.0,10.0,10.0,5.0,15.5,Desconhecido,Desconhecido,Desconhecido,Desconhecido,NO,Midwest,0,0,0,0,0,0
38086,867.0,101.6,11.0,17.0,6.0,23.3,Desconhecido,Desconhecido,Desconhecido,Desconhecido,NO,Midwest,0,0,0,0,0,0
38087,837.0,133.6,31.0,37.0,19.0,57.2,Desconhecido,Desconhecido,Desconhecido,Desconhecido,NO,Midwest,0,0,0,0,0,0
38088,821.82184,114.11411,24.0,35.0,17.0,52.9,Desconhecido,Desconhecido,Desconhecido,Desconhecido,NO,Midwest,0,0,0,0,0,0
38089,787.57513,149.499,28.0,37.0,19.0,57.4,Desconhecido,Desconhecido,Desconhecido,Desconhecido,NO,Midwest,0,0,0,0,0,0
38090,814.8148,133.73373,22.0,35.0,16.0,51.7,Desconhecido,Desconhecido,Desconhecido,Desconhecido,NO,Midwest,0,0,0,0,0,0
38091,785.57117,136.67334,20.0,25.0,11.0,36.8,Desconhecido,Desconhecido,Desconhecido,Desconhecido,NO,Midwest,0,0,0,0,0,0
38092,806.03015,132.86432,21.0,36.0,15.0,51.7,Desconhecido,Desconhecido,Desconhecido,Desconhecido,NO,Midwest,0,0,0,0,0,0
38093,788.0,123.5,19.0,39.0,18.0,57.6,Desconhecido,Desconhecido,Desconhecido,Desconhecido,NO,Midwest,0,0,0,0,0,0
38094,790.16064,123.74498,20.0,74.0,34.0,108.5,Desconhecido,Desconhecido,Desconhecido,Desconhecido,NO,Midwest,0,0,0,0,0,0
38095,835.3414,91.61646,20.0,23.0,12.0,35.6,Desconhecido,Desconhecido,Desconhecido,Desconhecido,NO,Midwest,0,0,0,0,0,0
38096,835.3414,91.61646,21.0,30.0,17.0,48.1,Desconhecido,Desconhecido,Desconhecido,Desconhecido,NO,Midwest,0,0,0,0,0,0
38097,834.17084,98.2412,11.0,5.0,4.0,9.3,Desconhecido,Desconhecido,Desconhecido,Desconhecido,NO,Midwest,0,0,0,0,0,0
38098,856.5697,71.9659,18.0,39.0,19.0,58.6,Desconhecido,Desconhecido,Desconhecido,Desconhecido,NO,Midwest,0,0,0,0,0,0
38099,840.52155,91.27382,10.0,8.0,4.0,12.2,Desconhecido,Desconhecido,Desconhecido,Desconhecido,NO,Midwest,0,0,0,0,0,0
38100,857.5727,69.20763,20.0,20.0,12.0,32.8,Desconhecido,Desconhecido,Desconhecido,Desconhecido,NO,Midwest,0,0,0,0,0,0
38101,825.6513,100.7014,18.0,41.0,17.0,58.6,Desconhecido,Desconhecido,Desconhecido,Desconhecido,NO,Midwest,0,0,0,0,0,0
38102,775.1004,129.76907,11.0,13.0,6.0,19.4,Desconhecido,Desconhecido,Desconhecido,Desconhecido,NO,Midwest,0,0,0,0,0,0
38103,829.6593,100.450905,22.0,26.0,15.0,42.1,Desconhecido,Desconhecido,Desconhecido,Desconhecido,NO,Midwest,0,0,0,0,0,0
38104,833.83386,112.112114,22.0,41.0,15.0,56.6,Desconhecido,Desconhecido,Desconhecido,Desconhecido,NO,Midwest,0,0,0,0,0,0
38105,819.8198,101.101105,10.0,10.0,6.0,16.3,Desconhecido,Desconhecido,Desconhecido,Desconhecido,NO,Midwest,0,0,0,0,0,0
38106,852.85284,80.08008,11.0,11.0,6.0,17.2,Desconhecido,Desconhecido,Desconhecido,Desconhecido,NO,Midwest,0,0,0,0,0,0
38107,833.0,136.4,10.0,17.0,8.0,25.3,Desconhecido,Desconhecido,Desconhecido,Desconhecido,NO,Midwest,0,0,0,0,0,0
38108,831.48334,137.63875,20.0,41.0,20.0,61.6,Desconhecido,Desconhecido,Desconhecido,Desconhecido,NO,Midwest,0,0,0,0,0,0
38109,861.0,111.8,11.0,11.0,5.0,16.3,Desconhecido,Desconhecido,Desconhecido,Desconhecido,NO,Midwest,0,0,0,0,0,0
38110,865.05536,110.77543,10.0,19.0,5.0,24.3,Desconhecido,Desconhecido,Desconhecido,Desconhecido,NO,Midwest,0,0,0,0,0,0
38111,835.6855,131.85484,11.0,9.0,6.0,15.3,Desconhecido,Desconhecido,Desconhecido,Desconhecido,NO,Midwest,0,0,0,0,0,0
38112,844.0644,122.33401,20.0,29.0,13.0,42.9,Desconhecido,Desconhecido,Desconhecido,Desconhecido,NO,Midwest,0,0,0,0,0,0
38113,838.0282,130.98592,10.0,11.0,5.0,16.3,Desconhecido,Desconhecido,Desconhecido,Desconhecido,NO,Midwest,0,0,0,0,0,0
38114,827.621,132.8629,11.0,6.0,5.0,11.3,Desconhecido,Desconhecido,Desconhecido,Desconhecido,NO,Midwest,0,0,0,0,0,0
38115,839.196,127.43719,10.0,7.0,6.0,13.3,Desconhecido,Desconhecido,Desconhecido,Desconhecido,NO,Midwest,0,0,0,0,0,0
38116,836.69354,140.12097,10.0,12.0,6.0,18.6,Desconhecido,Desconhecido,Desconhecido,Desconhecido,NO,Midwest,0,0,0,0,0,0
38117,822.4016,144.09688,10.0,7.0,6.0,13.4,Desconhecido,Desconhecido,Desconhecido,Desconhecido,NO,Midwest,0,0,0,0,0,0
38118,814.0704,142.11055,18.0,13.0,8.0,21.6,Desconhecido,Desconhecido,Desconhecido,Desconhecido,NO,Midwest,0,0,0,0,0,0
38119,799.39514,160.48387,18.0,42.0,13.0,55.7,Desconhecido,Desconhecido,Desconhecido,Desconhecido,NO,Midwest,0,0,0,0,0,0
38120,846.0765,129.97987,18.0,28.0,10.0,38.5,Desconhecido,Desconhecido,Desconhecido,Desconhecido,NO,Midwest,0,0,0,0,0,0
38121,839.83984,118.91892,10.0,10.0,5.0,15.4,Desconhecido,Desconhecido,Desconhecido,Desconhecido,NO,Midwest,0,0,0,0,0,0
38122,818.91345,137.22334,11.0,6.0,5.0,11.3,Desconhecido,Desconhecido,Desconhecido,Desconhecido,NO,Midwest,0,0,0,0,0,0
38123,823.6473,145.09018,21.0,59.0,16.0,75.7,Desconhecido,Desconhecido,Desconhecido,Desconhecido,NO,Midwest,0,0,0,0,0,0
38124,818.73114,152.87009,19.0,42.0,9.0,51.6,Desconhecido,Desconhecido,Desconhecido,Desconhecido,NO,Midwest,0,0,0,0,0,0
38125,850.2513,132.0603,19.0,41.0,25.0,66.7,Desconhecido,Desconhecido,Desconhecido,Desconhecido,NO,Midwest,0,0,0,0,0,0
38126,872.7455,103.607216,10.0,7.0,5.0,12.5,Desconhecido,Desconhecido,Desconhecido,Desconhecido,NO,Midwest,0,0,0,0,0,0
38127,816.0,134.4,11.0,12.0,5.0,17.8,Desconhecido,Desconhecido,Desconhecido,Desconhecido,NO,Midwest,0,0,0,0,0,0
38128,825.6513,156.91383,20.0,62.0,24.0,86.6,Desconhecido,Desconhecido,Desconhecido,Desconhecido,NO,Midwest,0,0,0,0,0,0
38129,809.4283,147.84354,21.0,16.0,9.0,26.0,Desconhecido,Desconhecido,Desconhecido,Desconhecido,NO,Midwest,0,0,0,0,0,0
38130,795.38617,154.26279,13.0,16.0,5.0,21.3,Desconhecido,Desconhecido,Desconhecido,Desconhecido,NO,Midwest,0,0,0,0,0,0
38131,818.0,137.8,17.0,21.0,9.0,30.6,Desconhecido,Desconhecido,Desconhecido,Desconhecido,NO,Midwest,0,0,0,0,0,0
38132,826.0,135.4,10.0,10.0,5.0,15.5,Desconhecido,Desconhecido,Desconhecido,Desconhecido,NO,Midwest,0,0,0,0,0,0
38133,848.54565,129.18756,19.0,46.0,23.0,69.8,Desconhecido,Desconhecido,Desconhecido,Desconhecido,NO,Midwest,0,0,0,0,0,0
38134,851.0,115.8,10.0,14.0,8.0,22.3,Desconhecido,Desconhecido,Desconhecido,Desconhecido,NO,Midwest,0,0,0,0,0,0
38135,831.4945,135.20561,21.0,30.0,14.0,44.6,Desconhecido,Desconhecido,Desconhecido,Desconhecido,NO,Midwest,0,0,0,0,0,0
38136,827.0,137.0,23.0,45.0,22.0,68.2,Desconhecido,Desconhecido,Desconhecido,Desconhecido,NO,Midwest,0,0,0,0,0,0
38137,820.0,150.8,18.0,20.0,12.0,32.6,Desconhecido,Desconhecido,Desconhecido,Desconhecido,NO,Midwest,0,0,0,0,0,0
38138,818.0,142.4,26.0,22.0,12.0,34.7,Desconhecido,Desconhecido,Desconhecido,Desconhecido,NO,Midwest,0,0,0,0,0,0
38139,791.0,163.8,22.0,21.0,12.0,34.0,Desconhecido,Desconhecido,Desconhecido,Desconhecido,NO,Midwest,0,0,0,0,0,0
38140,808.4253,146.63992,12.0,12.0,5.0,17.4,Desconhecido,Desconhecido,Desconhecido,Desconhecido,NO,Midwest,0,0,0,0,0,0
38141,805.0,175.35071,11.0,12.0,7.0,19.3,Desconhecido,Desconhecido,Desconhecido,Desconhecido,NO,Midwest,0,0,0,0,0,0
38142,835.71,128.8,12.0,6.0,5.0,11.3,Desconhecido,Desconhecido,Desconhecido,Desconhecido,NO,Midwest,0,0,0,0,0,0
38143,297.0,378.0,27.1,9.5,5.2,17.06,Desconhecido,Desconhecido,Desconhecido,Desconhecido,NO,Northeast,0,0,0,0,0,0
38144,219.0,393.0,30.1,10.7,4.7,17.57,Desconhecido,Desconhecido,Desconhecido,Desconhecido,NO,Northeast,0,0,0,0,0,0
38145,131.0,473.0,35.07,13.3,7.6,23.15,Desconhecido,Desconhecido,Desconhecido,Desconhecido,NO,Northeast,0,0,0,0,0,0
38146,175.0,396.0,30.41,12.3,7.0,21.79,Desconhecido,Desconhecido,Desconhecido,Desconhecido,NO,Northeast,0,0,0,0,0,0
38147,587.0,112.0,15.93,9.3,5.6,16.22,Desconhecido,Desconhecido,Desconhecido,Desconhecido,NO,Northeast,0,0,0,0,0,0
38148,279.0,342.0,44.89,12.8,7.0,22.76,Desconhecido,Desconhecido,Desconhecido,Desconhecido,NO,Northeast,0,0,0,0,0,0
38149,666.0,114.0,8.59,10.0,12.0,48.19,Desconhecido,Desconhecido,Desconhecido,Desconhecido,NO,Northeast,0,0,0,0,0,0
38150,313.0,299.0,23.4,16.5,6.5,27.13,Desconhecido,Desconhecido,Desconhecido,Desconhecido,NO,Northeast,0,0,0,0,0,0
38151,878.0,37.0,9.83,6.0,1.9,8.55,Desconhecido,Desconhecido,Desconhecido,Desconhecido,NO,Northeast,0,0,0,0,0,0
38152,458.0,124.0,33.62,15.8,8.2,28.95,Desconhecido,Desconhecido,Desconhecido,Desconhecido,NO,Northeast,0,0,0,0,0,0
38153,392.0,234.0,35.17,15.3,7.4,27.72,Desconhecido,Desconhecido,Desconhecido,Desconhecido,NO,Northeast,0,0,0,0,0,0
38154,787.0,58.0,9.93,7.5,4.5,14.28,Desconhecido,Desconhecido,Desconhecido,Desconhecido,NO,Northeast,0,0,0,0,0,0
38155,233.0,333.0,40.55,16.2,10.8,33.95,Desconhecido,Desconhecido,Desconhecido,Desconhecido,NO,Northeast,0,0,0,0,0,0
38156,200.0,408.0,39.41,15.5,11.7,34.69,Desconhecido,Desconhecido,Desconhecido,Desconhecido,NO,Northeast,0,0,0,0,0,0
38157,25.0,541.0,41.38,15.8,17.2,41.02,Desconhecido,Desconhecido,Desconhecido,Desconhecido,NO,Northeast,0,0,0,0,0,0
38158,452.0,278.0,30.51,6.2,4.3,11.58,Desconhecido,Desconhecido,Desconhecido,Desconhecido,NO,Northeast,0,0,0,0,0,0
38159,290.0,364.0,30.72,6.3,6.1,14.65,Desconhecido,Desconhecido,Desconhecido,Desconhecido,NO,Northeast,0,0,0,0,0,0
38160,181.0,447.0,46.96,7.3,7.1,16.77,Desconhecido,Desconhecido,Desconhecido,Desconhecido,NO,Northeast,0,0,0,0,0,0
38161,604.0,190.0,15.866667,9.7,4.8,15.37,Desconhecido,Desconhecido,Desconhecido,Desconhecido,NO,Northeast,0,0,0,0,0,0
38162,212.0,406.0,40.76,15.5,5.8,24.05,Desconhecido,Desconhecido,Desconhecido,Desconhecido,NO,Northeast,0,0,0,0,0,0
38163,157.0,445.0,21.1,18.0,6.7,26.52,Desconhecido,Desconhecido,Desconhecido,Desconhecido,NO,Northeast,0,0,0,0,0,0
38164,250.0,323.0,37.45,24.0,7.0,32.54,Desconhecido,Desconhecido,Desconhecido,Desconhecido,NO,Northeast,0,0,0,0,0,0
38165,884.0,36.0,39.41,2.5,1.9,4.81,Desconhecido,Desconhecido,Desconhecido,Desconhecido,NO,Northeast,0,0,0,0,0,0
38166,253.0,380.0,7.55,23.1,7.5,32.08,Desconhecido,Desconhecido,Desconhecido,Desconhecido,NO,Northeast,0,0,0,0,0,0
38167,254.0,340.0,37.34,20.4,10.4,32.47,Desconhecido,Desconhecido,Desconhecido,Desconhecido,NO,Northeast,0,0,0,0,0,0
38168,637.0,240.0,41.79,8.0,5.6,14.52,Desconhecido,Desconhecido,Desconhecido,Desconhecido,NO,Northeast,1,1,0,0,0,0
38169,146.0,373.0,19.65,2.9,2.7,7.53,Desconhecido,Desconhecido,Desconhecido,Desconhecido,NO,Northeast,0,0,0,0,0,0
38170,211.0,426.0,31.55,6.7,2.2,11.55,Desconhecido,Desconhecido,Desconhecido,Desconhecido,NO,Northeast,0,0,0,0,0,0
38171,201.0,402.0,25.03,5.2,2.8,10.37,Desconhecido,Desconhecido,Desconhecido,Desconhecido,NO,Northeast,0,0,0,0,0,0
38172,390.0,233.0,23.89,3.3,2.0,6.12,Desconhecido,Desconhecido,Desconhecido,Desconhecido,NO,Northeast,0,0,0,0,0,0
38173,62.0,410.0,39.2,5.3,1.8,8.4,Desconhecido,Desconhecido,Desconhecido,Desconhecido,NO,Northeast,0,0,0,0,0,0
38174,25.0,431.0,33.93,4.1,2.2,7.87,Desconhecido,Desconhecido,Desconhecido,Desconhecido,NO,Northeast,0,0,0,0,0,0
38175,118.0,423.0,32.48,3.4,1.9,6.71,Desconhecido,Desconhecido,Desconhecido,Desconhecido,NO,Northeast,0,0,0,0,0,0
38176,159.0,342.0,21.0,2.9,1.5,5.71,Desconhecido,Desconhecido,Desconhecido,Desconhecido,NO,Northeast,0,0,0,0,0,0
38177,218.0,300.0,21.62,2.4,1.6,4.78,Desconhecido,Desconhecido,Desconhecido,Desconhecido,NO,Northeast,0,0,0,0,0,0
38178,120.0,301.0,24.52,3.6,3.4,8.79,Desconhecido,Desconhecido,Desconhecido,Desconhecido,NO,Northeast,0,0,0,0,0,0
38179,205.0,225.0,25.03,3.4,1.9,6.34,Desconhecido,Desconhecido,Desconhecido,Desconhecido,NO,Northeast,0,0,0,0,0,0
38180,234.0,256.0,19.86,3.8,1.6,6.28,Desconhecido,Desconhecido,Desconhecido,Desconhecido,NO,Northeast,0,0,0,0,0,0
38181,393.0,350.0,35.79,14.9,2.9,19.01,Desconhecido,Desconhecido,Desconhecido,Desconhecido,NO,Northeast,0,0,0,0,0,0
38182,83.0,583.0,40.96,21.3,3.4,28.1,Desconhecido,Desconhecido,Desconhecido,Desconhecido,NO,Northeast,0,0,0,0,0,0
38183,49.0,652.0,28.03,20.1,3.1,25.32,Desconhecido,Desconhecido,Desconhecido,Desconhecido,NO,Northeast,0,0,0,0,0,0
38184,140.0,534.0,33.31,28.0,2.7,34.17,Desconhecido,Desconhecido,Desconhecido,Desconhecido,NO,Northeast,0,0,0,0,0,0
38185,143.0,570.0,42.0,33.8,2.3,39.46,Desconhecido,Desconhecido,Desconhecido,Desconhecido,NO,Northeast,0,0,0,0,0,0
38186,56.0,527.0,39.72,33.2,2.6,39.42,Desconhecido,Desconhecido,Desconhecido,Desconhecido,NO,Northeast,0,0,0,0,0,0
38187,48.0,665.0,28.24,19.8,2.4,26.46,Desconhecido,Desconhecido,Desconhecido,Desconhecido,NO,Northeast,0,0,0,0,0,0
38188,147.0,501.0,39.51,52.0,3.9,60.47,Desconhecido,Desconhecido,Desconhecido,Desconhecido,NO,Northeast,0,0,0,0,0,0
38189,63.0,576.0,30.1,32.1,3.7,38.89,Desconhecido,Desconhecido,Desconhecido,Desconhecido,NO,Northeast,0,0,0,0,0,0
38190,43.0,655.0,29.58,23.8,3.1,30.0,Desconhecido,Desconhecido,Desconhecido,Desconhecido,NO,Northeast,0,0,0,0,0,0
38191,39.0,615.0,32.89,21.2,3.7,29.29,Desconhecido,Desconhecido,Desconhecido,Desconhecido,NO,Northeast,0,0,0,0,0,0
38192,807.0,75.0,15.41,3.9,2.0,6.54,Desconhecido,Desconhecido,Desconhecido,Desconhecido,NO,Northeast,0,0,0,0,0,0
38193,141.0,539.0,38.17,28.5,17.7,48.11,Desconhecido,Desconhecido,Desconhecido,Desconhecido,NO,Northeast,0,0,0,0,0,0
38194,115.0,453.0,19.76,26.5,12.5,41.59,Desconhecido,Desconhecido,Desconhecido,Desconhecido,NO,Northeast,0,0,0,0,0,0
38195,242.0,296.0,38.38,18.8,8.3,29.03,Desconhecido,Desconhecido,Desconhecido,Desconhecido,NO,Northeast,0,0,0,0,0,0
38196,219.0,418.0,40.96,31.2,8.3,41.11,Desconhecido,Desconhecido,Desconhecido,Desconhecido,NO,Northeast,0,0,0,0,0,0
38197,172.0,534.0,31.76,23.1,5.4,30.24,Desconhecido,Desconhecido,Desconhecido,Desconhecido,NO,Northeast,0,0,0,0,0,0
38198,119.0,503.0,38.48,29.2,6.5,38.25,Desconhecido,Desconhecido,Desconhecido,Desconhecido,NO,Northeast,0,0,0,0,0,0
38199,232.0,372.0,39.72,45.4,9.8,66.15,Desconhecido,Desconhecido,Desconhecido,Desconhecido,NO,Northeast,0,0,0,0,0,0
38200,819.0,66.0,12.31,8.4,7.7,29.36,Desconhecido,Desconhecido,Desconhecido,Desconhecido,NO,Northeast,0,0,0,0,0,0
38201,53.0,611.0,34.3,23.7,4.8,45.08,Desconhecido,Desconhecido,Desconhecido,Desconhecido,NO,Northeast,0,0,0,0,0,0
38202,426.0,218.0,23.89,16.1,17.0,53.25,Desconhecido,Desconhecido,Desconhecido,Desconhecido,NO,Northeast,0,0,0,0,0,0
38203,787.0,103.0,17.27,5.3,5.1,11.43,Desconhecido,Desconhecido,Desconhecido,Desconhecido,NO,Northeast,0,0,0,0,0,0
38204,70.0,633.0,38.27,17.9,2.6,32.28,Desconhecido,Desconhecido,Desconhecido,Desconhecido,NO,Northeast,0,0,0,0,0,0
38205,948.0,10.0,20.07,2.8,2.1,5.38,Desconhecido,Desconhecido,Desconhecido,Desconhecido,NO,Northeast,0,0,0,0,0,0
38206,423.0,335.0,22.96,9.4,7.5,21.19,Desconhecido,Desconhecido,Desconhecido,Desconhecido,NO,Northeast,0,0,0,0,0,0
38207,37.0,704.0,36.82,21.7,20.5,64.3,Desconhecido,Desconhecido,Desconhecido,Desconhecido,NO,Northeast,0,0,0,0,0,0
38208,181.0,514.0,29.27,17.1,15.5,37.86,Desconhecido,Desconhecido,Desconhecido,Desconhecido,NO,Northeast,0,0,0,0,0,0
38209,45.0,585.0,40.34,31.4,10.0,53.4,Desconhecido,Desconhecido,Desconhecido,Desconhecido,NO,Northeast,0,0,0,0,0,0
38210,755.0,109.0,22.03,6.9,3.3,11.24,Desconhecido,Desconhecido,Desconhecido,Desconhecido,NO,Northeast,0,0,0,0,0,0
38211,382.0,317.0,22.86,15.8,4.4,22.05,Desconhecido,Desconhecido,Desconhecido,Desconhecido,NO,Northeast,0,0,0,0,0,0
38212,899.0,35.0,7.14,3.6,3.3,7.38,Desconhecido,Desconhecido,Desconhecido,Desconhecido,NO,Northeast,0,0,0,0,0,0
38213,60.0,667.0,39.33,22.8,6.8,35.35,Desconhecido,Desconhecido,Desconhecido,Desconhecido,NO,Northeast,0,0,0,0,0,0
38214,517.0,222.0,13.34,11.8,4.4,17.8,Desconhecido,Desconhecido,Desconhecido,Desconhecido,NO,Northeast,0,0,0,0,0,0
38215,952.0,27.0,6.1,4.4,3.4,8.6,Desconhecido,Desconhecido,Desconhecido,Desconhecido,NO,Northeast,0,0,0,0,0,0
38216,888.0,53.0,19.14,6.5,2.9,10.44,Desconhecido,Desconhecido,Desconhecido,Desconhecido,NO,Northeast,0,0,0,0,0,0
38217,844.0,57.0,9.1,6.3,2.3,9.14,Desconhecido,Desconhecido,Desconhecido,Desconhecido,NO,Northeast,0,0,0,0,0,0
38218,914.0,32.0,16.65,4.5,2.0,6.96,Desconhecido,Desconhecido,Desconhecido,Desconhecido,NO,Northeast,0,0,0,0,0,0
38219,702.0,99.0,27.83,6.2,2.9,9.88,Desconhecido,Desconhecido,Desconhecido,Desconhecido,NO,Northeast,0,0,0,0,0,0
38220,691.0,120.0,14.59,15.7,5.0,21.86,Desconhecido,Desconhecido,Desconhecido,Desconhecido,NO,Northeast,0,0,0,0,0,0
38221,344.0,467.0,17.9,13.3,7.0,28.38,Desconhecido,Desconhecido,Desconhecido,Desconhecido,NO,Northeast,0,0,0,0,0,0
38222,447.0,320.0,15.93,12.7,10.3,30.25,Desconhecido,Desconhecido,Desconhecido,Desconhecido,NO,Northeast,0,0,0,0,0,0
38223,47.0,615.0,35.27,28.6,14.6,51.09,Desconhecido,Desconhecido,Desconhecido,Desconhecido,NO,Northeast,0,0,0,0,0,0
38224,817.0,97.0,23.48,12.0,3.5,18.63,Desconhecido,Desconhecido,Desconhecido,Desconhecido,NO,Northeast,0,0,0,0,0,0
38225,22.0,733.0,24.1,24.0,11.8,44.23,Desconhecido,Desconhecido,Desconhecido,Desconhecido,NO,Northeast,0,0,0,0,0,0
38226,17.0,744.0,28.08,19.2,13.3,42.31,Desconhecido,Desconhecido,Desconhecido,Desconhecido,NO,Northeast,0,0,0,0,0,0
38227,64.0,614.0,27.1,15.7,12.3,33.71,Desconhecido,Desconhecido,Desconhecido,Desconhecido,NO,Northeast,0,0,0,0,0,0
38228,79.0,619.0,30.86,16.7,10.4,51.58,Desconhecido,Desconhecido,Desconhecido,Desconhecido,NO,Northeast,0,0,0,0,0,0
38229,29.0,722.0,21.41,18.0,15.2,41.63,Desconhecido,Desconhecido,Desconhecido,Desconhecido,NO,Northeast,0,0,0,0,0,0
38230,128.0,599.0,18.72,20.0,15.0,43.75,Desconhecido,Desconhecido,Desconhecido,Desconhecido,NO,Northeast,0,0,0,0,0,0
38231,10.0,713.0,40.55,18.7,12.8,35.96,Desconhecido,Desconhecido,Desconhecido,Desconhecido,NO,Northeast,0,0,0,0,0,0
38232,22.0,689.0,29.79,14.8,13.6,33.04,Desconhecido,Desconhecido,Desconhecido,Desconhecido,NO,Northeast,0,0,0,0,0,0
38233,59.0,623.0,39.93,15.6,13.9,33.21,Desconhecido,Desconhecido,Desconhecido,Desconhecido,NO,Northeast,0,0,0,0,0,0
38234,243.0,468.0,38.38,20.5,10.1,34.7,Desconhecido,Desconhecido,Desconhecido,Desconhecido,NO,Northeast,0,0,0,0,0,0
38235,649.3333,11.0,14.833333,1.0,0.8,2.29,Desconhecido,Desconhecido,Desconhecido,Desconhecido,NO,Northeast,0,0,0,0,0,0
38236,671.0,179.0,16.34,6.2,3.9,13.05,Desconhecido,Desconhecido,Desconhecido,Desconhecido,NO,Northeast,0,0,0,0,0,0
38237,27.0,667.0,36.0,18.2,14.1,36.07,Desconhecido,Desconhecido,Desconhecido,Desconhecido,NO,Northeast,0,0,0,0,0,0
38238,71.0,625.0,30.72,15.2,13.2,33.3,Desconhecido,Desconhecido,Desconhecido,Desconhecido,NO,Northeast,0,0,0,0,0,0
38239,53.0,678.0,29.07,18.0,13.8,35.58,Desconhecido,Desconhecido,Desconhecido,Desconhecido,NO,Northeast,0,0,0,0,0,0
38240,372.0,375.0,33.31,10.0,6.5,18.09,Desconhecido,Desconhecido,Desconhecido,Desconhecido,NO,Northeast,0,0,0,0,0,0
38241,194.0,319.0,35.0,15.5,7.1,25.21,Desconhecido,Desconhecido,Desconhecido,Desconhecido,NO,Northeast,0,0,0,0,0,0
38242,832.0,64.0,19.86,5.0,1.2,7.25,Desconhecido,Desconhecido,Desconhecido,Desconhecido,NO,Northeast,0,0,0,0,0,0
38243,443.0,190.0,25.96,11.3,6.5,19.29,Desconhecido,Desconhecido,Desconhecido,Desconhecido,NO,Northeast,0,0,0,0,0,0
38244,903.0,34.0,19.03,7.2,2.6,10.57,Desconhecido,Desconhecido,Desconhecido,Desconhecido,NO,Northeast,0,0,0,0,0,0
38245,157.0,398.0,42.82,15.5,10.9,29.36,Desconhecido,Desconhecido,Desconhecido,Desconhecido,NO,Northeast,0,0,0,0,0,0
38246,67.0,399.0,40.76,13.2,11.0,26.72,Desconhecido,Desconhecido,Desconhecido,Desconhecido,NO,Northeast,0,0,0,0,0,0
38247,277.0,457.0,38.27,13.9,11.9,29.56,Desconhecido,Desconhecido,Desconhecido,Desconhecido,NO,Northeast,0,0,0,0,0,0
38248,152.0,440.0,39.51,15.8,13.7,33.82,Desconhecido,Desconhecido,Desconhecido,Desconhecido,NO,Northeast,0,0,0,0,0,0
38249,77.0,502.0,39.31,17.8,16.7,37.95,Desconhecido,Desconhecido,Desconhecido,Desconhecido,NO,Northeast,0,0,0,0,0,0
38250,103.0,574.0,40.34,17.8,16.7,40.24,Desconhecido,Desconhecido,Desconhecido,Desconhecido,NO,Northeast,0,0,0,0,0,0
38251,51.0,592.0,37.86,18.0,20.5,42.55,Desconhecido,Desconhecido,Desconhecido,Desconhecido,NO,Northeast,0,0,0,0,0,0
38252,348.0,263.0,24.0,10.0,8.9,21.14,Desconhecido,Desconhecido,Desconhecido,Desconhecido,NO,Northeast,0,0,0,0,0,0
38253,105.0,329.0,37.45,14.8,10.2,27.51,Desconhecido,Desconhecido,Desconhecido,Desconhecido,NO,Northeast,0,0,0,0,0,0
38254,353.0,277.0,11.48,8.8,8.4,18.68,Desconhecido,Desconhecido,Desconhecido,Desconhecido,NO,Northeast,0,0,0,0,0,0
38255,652.0,151.0,10.03,5.0,5.7,11.77,Desconhecido,Desconhecido,Desconhecido,Desconhecido,NO,Northeast,0,0,0,0,0,0
38256,37.0,506.0,33.93,17.4,13.8,34.89,Desconhecido,Desconhecido,Desconhecido,Desconhecido,NO,Northeast,0,0,0,0,0,0
38257,291.0,334.0,30.83,14.6,8.4,25.97,Desconhecido,Desconhecido,Desconhecido,Desconhecido,NO,Northeast,0,0,0,0,0,0
38258,374.0,346.0,29.89,12.4,11.2,26.56,Desconhecido,Desconhecido,Desconhecido,Desconhecido,NO,Northeast,0,0,0,0,0,0
38259,99.0,514.0,41.17,23.7,11.1,42.43,Desconhecido,Desconhecido,Desconhecido,Desconhecido,NO,Northeast,0,0,0,0,0,0
38260,18.0,668.0,40.55,33.0,4.8,46.3,Desconhecido,Desconhecido,Desconhecido,Desconhecido,NO,Northeast,0,0,0,0,0,0
38261,641.0,162.0,15.1,10.2,5.8,17.17,Desconhecido,Desconhecido,Desconhecido,Desconhecido,NO,Northeast,0,0,0,0,0,0
38262,612.0,174.0,12.1,8.5,8.2,17.84,Desconhecido,Desconhecido,Desconhecido,Desconhecido,NO,Northeast,0,0,0,0,0,0
38263,89.0,563.0,42.0,24.3,17.9,45.11,Desconhecido,Desconhecido,Desconhecido,Desconhecido,NO,Northeast,0,0,0,0,0,0
38264,548.0,206.0,25.86,10.7,7.0,20.11,Desconhecido,Desconhecido,Desconhecido,Desconhecido,NO,Northeast,0,0,0,0,0,0
38265,93.0,527.0,42.0,25.0,15.8,44.54,Desconhecido,Desconhecido,Desconhecido,Desconhecido,NO,Northeast,0,0,0,0,0,0
38266,143.0,293.0,35.07,19.2,16.2,41.52,Desconhecido,Desconhecido,Desconhecido,Desconhecido,NO,Northeast,0,0,0,0,0,0
38267,283.0,283.0,36.31,17.5,19.2,51.12,Desconhecido,Desconhecido,Desconhecido,Desconhecido,NO,Northeast,0,0,0,0,0,0
38268,142.0,418.0,40.55,14.9,13.8,30.92,Desconhecido,Desconhecido,Desconhecido,Desconhecido,NO,Northeast,0,0,0,0,0,0
38269,272.0,302.0,12.52,11.9,13.1,27.32,Desconhecido,Desconhecido,Desconhecido,Desconhecido,NO,Northeast,0,0,0,0,0,0
38270,579.0,130.0,18.83,9.5,11.3,38.0,Desconhecido,Desconhecido,Desconhecido,Desconhecido,NO,Northeast,0,0,0,0,0,0
38271,577.0,171.0,45.93,18.8,13.4,35.94,Desconhecido,Desconhecido,Desconhecido,Desconhecido,NO,Northeast,0,0,0,0,0,0
38272,382.0,173.0,19.96,8.9,7.8,17.73,Desconhecido,Desconhecido,Desconhecido,Desconhecido,NO,Northeast,0,0,0,0,0,0
38273,684.0,150.0,7.34,0.7,6.8,8.57,Desconhecido,Desconhecido,Desconhecido,Desconhecido,NO,Northeast,0,0,0,0,0,0
38274,302.0,280.0,25.45,12.0,10.3,24.41,Desconhecido,Desconhecido,Desconhecido,Desconhecido,NO,Northeast,0,0,0,0,0,0
38275,590.0,198.0,41.58288,8.7,6.5,16.3,Desconhecido,Desconhecido,Desconhecido,Desconhecido,NO,Northeast,0,0,0,0,0,0
38276,314.0,350.0,41.16912,5.7,7.3,14.8,Desconhecido,Desconhecido,Desconhecido,Desconhecido,NO,Northeast,0,0,0,0,0,0
38277,375.0,347.0,40.3416,15.4,9.6,26.48,Desconhecido,Desconhecido,Desconhecido,Desconhecido,NO,Northeast,0,0,0,0,0,0
38278,637.0,160.0,38.89344,12.3,8.3,22.7,Desconhecido,Desconhecido,Desconhecido,Desconhecido,NO,Northeast,1,0,0,0,0,0
38279,671.0,177.0,22.86024,13.2,6.4,20.8,Desconhecido,Desconhecido,Desconhecido,Desconhecido,NO,Northeast,0,0,0,0,0,0
38280,746.0,187.0,24.5,20.0,9.7,47.6,Desconhecido,Desconhecido,Desconhecido,Auger,YES,Southeast,0,0,0,0,0,0
38281,678.0,132.0,21.5,22.7,12.1,57.4,Desconhecido,Desconhecido,Desconhecido,Auger,YES,Southeast,0,0,0,0,0,0
38282,324.0,442.0,32.2,45.2,21.0,106.4,Desconhecido,Desconhecido,Desconhecido,Auger,YES,Southeast,0,0,0,0,0,0
38283,802.0,156.0,16.9,19.7,15.4,49.0,Desconhecido,Desconhecido,Desconhecido,Auger,YES,Southeast,0,0,0,0,0,0
38284,393.0,425.0,21.7,33.5,20.1,87.4,Desconhecido,Desconhecido,Desconhecido,Auger,YES,Southeast,0,0,0,0,0,0
38285,814.0,150.0,16.3,17.0,10.3,40.6,Desconhecido,Desconhecido,Desconhecido,Auger,YES,Southeast,0,0,0,0,0,0
38286,809.0,74.0,14.7,9.4,4.4,32.4,Desconhecido,Desconhecido,Desconhecido,Auger,NO,Southeast,0,0,0,0,0,0
38287,168.0,408.0,14.9,66.4,38.2,146.0,Desconhecido,Desconhecido,Desconhecido,Auger,YES,Southeast,0,0,0,0,0,0
38288,282.0,592.0,23.9,9.7,4.7,68.8,Desconhecido,Desconhecido,Desconhecido,Auger,YES,Southeast,0,0,0,0,0,0
38289,301.0,489.0,13.4,24.6,10.9,75.5,Desconhecido,Desconhecido,Desconhecido,Auger,YES,Southeast,0,0,0,0,0,0
38290,259.0,542.0,23.7,25.1,17.9,71.2,Desconhecido,Desconhecido,Desconhecido,Auger,YES,Southeast,0,0,0,0,0,0
38291,226.0,614.0,31.2,43.9,21.8,99.1,Desconhecido,Desconhecido,Desconhecido,Auger,YES,Southeast,0,0,0,0,0,0
38292,445.0,413.0,22.9,30.7,15.7,72.5,Desconhecido,Desconhecido,Desconhecido,Auger,YES,Southeast,0,0,0,0,0,0
38293,221.0,511.0,24.7,51.0,21.2,128.1,Desconhecido,Desconhecido,Desconhecido,Auger,YES,Southeast,0,0,0,0,0,0
38294,751.0,104.0,9.8,1.5,0.6,28.6,Desconhecido,Desconhecido,Desconhecido,Auger,YES,Southeast,0,0,0,0,0,0
38295,407.0,323.0,25.8,44.7,26.9,98.8,Desconhecido,Desconhecido,Desconhecido,Auger,YES,Southeast,0,0,0,0,0,0
38296,206.0,659.0,31.2,23.6,20.3,95.7,Desconhecido,Desconhecido,Desconhecido,Auger,YES,Southeast,0,0,0,0,0,0
38297,249.0,343.0,19.9,49.6,32.8,103.4,Desconhecido,Desconhecido,Desconhecido,Auger,YES,Southeast,0,0,0,0,0,0
38298,414.0,198.0,22.1,45.9,26.0,91.6,Desconhecido,Desconhecido,Desconhecido,Auger,NO,Southeast,0,0,0,0,0,0
38299,192.0,422.0,16.5,55.3,40.0,153.0,Desconhecido,Desconhecido,Desconhecido,Auger,YES,Southeast,0,0,0,0,0,0
38300,221.0,374.0,11.8,58.3,44.4,186.1,Desconhecido,Desconhecido,Desconhecido,Auger,NO,Southeast,0,0,0,0,0,0
38301,832.0,82.0,10.4,56.5,5.5,71.7,Desconhecido,Desconhecido,Desconhecido,Auger,YES,Southeast,0,0,0,0,0,0
38302,235.0,437.0,28.2,49.6,32.3,135.1,Desconhecido,Desconhecido,Desconhecido,Auger,YES,Southeast,0,0,0,0,0,0
38303,809.0,154.0,19.1,23.1,14.0,54.4,Desconhecido,Desconhecido,Desconhecido,Auger,YES,Southeast,0,0,0,0,0,0
38304,199.0,395.0,9.8,161.9,105.5,34.18,Desconhecido,Desconhecido,Desconhecido,Auger,YES,Southeast,0,0,0,0,0,0
38305,205.0,547.0,21.3,21.7,14.2,171.0,Desconhecido,Desconhecido,Desconhecido,Auger,YES,Southeast,0,0,0,0,0,0
38306,860.0,82.0,11.0,11.6,10.2,40.1,Desconhecido,Desconhecido,Desconhecido,Auger,YES,Southeast,0,0,0,0,0,0
38307,745.0,194.0,5.8,9.9,3.3,41.9,Desconhecido,Desconhecido,Desconhecido,Auger,YES,Southeast,0,0,0,0,0,0
38308,809.0,143.0,17.9,30.0,10.7,56.8,Desconhecido,Desconhecido,Desconhecido,Auger,NO,Southeast,0,0,0,0,0,0
38309,176.0,397.0,18.7,65.0,36.3,139.9,Desconhecido,Desconhecido,Desconhecido,Auger,YES,Southeast,0,0,0,0,0,0
38310,288.0,372.0,18.5,61.0,31.7,124.1,Desconhecido,Desconhecido,Desconhecido,Auger,NO,Southeast,0,0,0,0,0,0
38311,245.0,369.0,15.5,102.8,60.2,188.1,Desconhecido,Desconhecido,Desconhecido,Auger,YES,Southeast,0,0,0,0,0,0
38312,211.0,262.0,19.5,35.0,13.2,98.2,Desconhecido,Desconhecido,Desconhecido,Auger,NO,Southeast,0,0,0,0,0,0
38313,830.0,102.0,9.6,8.1,4.1,32.5,Desconhecido,Desconhecido,Desconhecido,Auger,YES,Southeast,0,0,0,0,0,0
38314,540.0,316.0,13.8,35.5,13.2,67.5,Desconhecido,Desconhecido,Desconhecido,Auger,YES,Southeast,0,0,0,0,0,0
38315,888.0,83.0,10.4,16.9,7.1,41.2,Desconhecido,Desconhecido,Desconhecido,Auger,YES,Southeast,0,0,0,0,0,0
38316,789.0,158.0,9.4,25.2,17.5,67.6,Desconhecido,Desconhecido,Desconhecido,Auger,YES,Southeast,0,0,0,0,0,0
38317,803.0,123.0,10.0,3.8,2.4,45.6,Desconhecido,Desconhecido,Desconhecido,Auger,YES,Southeast,0,0,0,0,0,0
38318,799.0,131.0,8.6,25.6,19.1,65.7,Desconhecido,Desconhecido,Desconhecido,Auger,YES,Southeast,0,0,0,0,0,0
38319,892.0,61.0,12.8,18.9,7.3,42.5,Desconhecido,Desconhecido,Desconhecido,Auger,YES,Southeast,0,0,0,0,0,0
38320,254.0,322.0,12.8,140.7,69.2,23.14,Desconhecido,Desconhecido,Desconhecido,Auger,YES,Southeast,0,0,0,0,0,0
38321,852.0,98.0,10.8,23.0,11.8,45.5,Desconhecido,Desconhecido,Desconhecido,Auger,YES,Southeast,0,0,0,0,0,0
38322,828.0,97.0,12.6,36.1,16.9,65.9,Desconhecido,Desconhecido,Desconhecido,Auger,YES,Southeast,0,0,0,0,0,0
38323,895.0,78.0,11.0,11.9,5.3,27.9,Desconhecido,Desconhecido,Desconhecido,Auger,YES,Southeast,0,0,0,0,0,0
38324,219.0,276.0,20.7,58.5,24.0,140.3,Desconhecido,Desconhecido,Desconhecido,Auger,YES,Southeast,0,0,0,0,0,0
38325,846.0,105.0,17.1,23.5,6.3,45.2,Desconhecido,Desconhecido,Desconhecido,Auger,YES,Southeast,0,0,0,0,0,0
38326,934.0,47.0,10.0,9.8,4.3,25.9,Desconhecido,Desconhecido,Desconhecido,Auger,YES,Southeast,0,0,0,0,0,0
38327,905.0,69.0,14.9,17.6,12.8,45.5,Desconhecido,Desconhecido,Desconhecido,Auger,YES,Southeast,0,0,0,0,0,0
38328,783.0,134.0,20.7,11.3,7.9,61.8,Desconhecido,Desconhecido,Desconhecido,Auger,YES,Southeast,0,0,0,0,0,0
38329,727.0,190.0,21.3,38.9,9.2,65.1,Desconhecido,Desconhecido,Desconhecido,Auger,NO,Southeast,0,0,0,0,0,0
38330,884.0,89.0,9.2,5.0,3.2,24.3,Desconhecido,Desconhecido,Desconhecido,Auger,YES,Southeast,0,0,0,0,0,0
38331,893.0,83.0,9.2,8.8,5.2,33.5,Desconhecido,Desconhecido,Desconhecido,Auger,YES,Southeast,0,0,0,0,0,0
38332,884.0,75.0,13.2,16.9,10.0,44.5,Desconhecido,Desconhecido,Desconhecido,Auger,NO,Southeast,0,0,0,0,0,0
38333,707.0,180.0,18.3,28.8,7.7,60.8,Desconhecido,Desconhecido,Desconhecido,Auger,YES,Southeast,0,0,0,0,0,0
38334,852.0,101.0,11.8,7.7,4.1,49.4,Desconhecido,Desconhecido,Desconhecido,Auger,YES,Southeast,0,0,0,0,0,0
38335,942.0,38.0,8.8,5.0,3.2,24.3,Desconhecido,Desconhecido,Desconhecido,Auger,YES,Southeast,0,0,0,0,0,0
38336,805.0,105.0,17.1,19.9,10.8,66.1,Desconhecido,Desconhecido,Desconhecido,Auger,YES,Southeast,0,0,0,0,0,0
38337,813.0,135.0,13.0,15.5,8.2,52.4,Desconhecido,Desconhecido,Desconhecido,Auger,NO,Southeast,0,0,0,0,0,0
38338,720.0,190.0,11.6,26.8,17.4,68.9,Desconhecido,Desconhecido,Desconhecido,Auger,YES,Southeast,0,0,0,0,0,0
38339,767.0,142.0,9.2,21.4,10.6,23.17,Desconhecido,Desconhecido,Desconhecido,Auger,NO,Southeast,0,0,0,0,0,0
38340,798.0,79.0,10.0,23.3,5.6,56.1,Desconhecido,Desconhecido,Desconhecido,Auger,YES,Southeast,0,0,0,0,0,0
38341,730.0,179.0,11.6,42.6,19.5,90.9,Desconhecido,Desconhecido,Desconhecido,Auger,YES,Southeast,0,0,0,0,0,0
38342,879.0,83.0,8.8,5.7,4.2,51.4,Desconhecido,Desconhecido,Desconhecido,Auger,YES,Southeast,0,0,0,0,0,0
38343,902.0,65.0,7.8,32.9,14.8,64.2,Desconhecido,Desconhecido,Desconhecido,Auger,YES,Southeast,0,0,0,0,0,0
38344,869.0,79.0,7.0,26.8,14.5,63.2,Desconhecido,Desconhecido,Desconhecido,Auger,YES,Southeast,0,0,0,0,0,0
38345,847.0,90.0,6.6,11.7,2.7,49.1,Desconhecido,Desconhecido,Desconhecido,Auger,YES,Southeast,0,0,0,0,0,0
38346,274.0,339.0,14.2,77.0,27.1,163.4,Desconhecido,Desconhecido,Desconhecido,Auger,YES,Southeast,0,0,0,0,0,0
38347,700.0,123.0,11.8,15.0,6.4,52.0,Desconhecido,Desconhecido,Desconhecido,Auger,YES,Southeast,0,0,0,0,0,0
38348,880.0,92.0,9.2,4.1,1.5,32.4,Desconhecido,Desconhecido,Desconhecido,Auger,YES,Southeast,0,0,0,0,0,0
38349,816.0,142.0,10.6,8.0,4.6,46.9,Desconhecido,Desconhecido,Desconhecido,Auger,YES,Southeast,0,0,0,0,0,0
38350,886.0,81.0,23.9,21.9,4.2,81.5,Desconhecido,Desconhecido,Desconhecido,Auger,YES,Southeast,0,0,0,0,0,0
38351,712.0,222.0,22.1,15.6,7.0,57.4,Desconhecido,Desconhecido,Desconhecido,Auger,YES,Southeast,0,0,0,0,0,0
38352,472.0,388.0,24.7,40.3,18.8,100.5,Desconhecido,Desconhecido,Desconhecido,Auger,YES,Southeast,0,0,0,0,0,0
38353,369.0,355.0,25.8,50.3,17.3,117.9,Desconhecido,Desconhecido,Desconhecido,Auger,YES,Southeast,0,0,0,0,0,0
38354,320.0,559.0,28.2,17.1,9.2,89.4,Desconhecido,Desconhecido,Desconhecido,Auger,YES,Southeast,0,0,0,0,0,0
38355,442.0,380.0,23.1,33.9,12.5,81.6,Desconhecido,Desconhecido,Desconhecido,Auger,NO,Southeast,0,0,0,0,0,0
38356,820.0,130.0,13.0,47.6,24.9,93.4,Desconhecido,Desconhecido,Desconhecido,Auger,YES,Southeast,0,0,0,0,0,0
38357,831.0,118.0,13.2,36.0,18.6,73.5,Desconhecido,Desconhecido,Desconhecido,Auger,YES,Southeast,0,0,0,0,0,0
38358,220.0,354.0,27.8,130.6,50.2,22.23,Desconhecido,Desconhecido,Desconhecido,Auger,YES,Southeast,0,0,0,0,0,0
38359,922.0,70.0,10.2,15.4,4.8,35.3,Desconhecido,Desconhecido,Desconhecido,Auger,YES,Southeast,0,0,0,0,0,0
38360,374.0,486.0,28.2,54.2,20.7,109.0,Desconhecido,Desconhecido,Desconhecido,Auger,YES,Southeast,0,0,0,0,0,0
38361,573.0,257.0,28.2,31.4,16.9,81.8,Desconhecido,Desconhecido,Desconhecido,Auger,YES,Southeast,0,0,0,0,0,0
38362,881.0,73.0,9.2,10.3,5.8,39.2,Desconhecido,Desconhecido,Desconhecido,Auger,YES,Southeast,0,0,0,0,0,0
38363,195.0,369.0,18.7,80.2,45.2,167.7,Desconhecido,Desconhecido,Desconhecido,Auger,YES,Southeast,0,0,0,0,0,0
38364,301.0,305.0,18.3,106.4,56.4,179.3,Desconhecido,Desconhecido,Desconhecido,Auger,NO,Southeast,0,0,0,0,0,0
38365,412.0,428.0,22.7,30.6,18.4,85.9,Desconhecido,Desconhecido,Desconhecido,Auger,YES,Southeast,0,0,0,0,0,0
38366,789.0,137.0,23.5,28.7,16.8,66.6,Desconhecido,Desconhecido,Desconhecido,Auger,NO,Southeast,0,0,0,0,0,0
38367,182.0,375.0,25.8,71.3,37.2,156.2,Desconhecido,Desconhecido,Desconhecido,Auger,YES,Southeast,0,0,0,0,0,0
38368,343.0,336.0,20.3,24.4,16.4,77.8,Desconhecido,Desconhecido,Desconhecido,Auger,YES,Southeast,0,0,0,0,0,0
38369,312.0,232.0,18.3,45.3,24.0,99.7,Desconhecido,Desconhecido,Desconhecido,Auger,YES,Southeast,0,0,0,0,0,0
38370,311.0,299.0,15.7,36.8,23.9,84.4,Desconhecido,Desconhecido,Desconhecido,Auger,YES,Southeast,0,0,0,0,0,0
38371,359.0,346.0,13.0,45.0,37.4,106.4,Desconhecido,Desconhecido,Desconhecido,Auger,YES,Southeast,0,0,0,0,0,0
38372,319.0,191.0,14.9,37.2,11.8,70.5,Desconhecido,Desconhecido,Desconhecido,Auger,YES,Southeast,0,0,0,0,0,0
38373,91.0,614.0,13.0,63.8,28.8,157.7,Desconhecido,Desconhecido,Desconhecido,Auger,YES,Southeast,0,0,0,0,0,0
38374,514.0,210.0,18.5,54.0,39.3,114.5,Desconhecido,Desconhecido,Desconhecido,Auger,YES,Southeast,0,0,0,0,0,0
38375,333.0,156.0,16.5,36.1,31.7,90.1,Desconhecido,Desconhecido,Desconhecido,Auger,YES,Southeast,0,0,0,0,0,0
38376,633.0,172.0,17.3,18.3,15.5,52.7,Desconhecido,Desconhecido,Desconhecido,Auger,YES,Southeast,0,0,0,0,0,0
38377,578.0,250.0,14.4,10.2,5.4,51.8,Desconhecido,Desconhecido,Desconhecido,Auger,NO,Southeast,0,0,0,0,0,0
38378,480.0,331.0,27.8,33.2,16.6,77.4,Desconhecido,Desconhecido,Desconhecido,Auger,YES,Southeast,0,0,0,0,0,0
38379,607.0,264.0,23.9,18.0,11.8,55.3,Desconhecido,Desconhecido,Desconhecido,Auger,YES,Southeast,0,0,0,0,0,0
38380,689.0,148.0,17.7,20.8,10.8,52.5,Desconhecido,Desconhecido,Desconhecido,Auger,YES,Southeast,0,0,0,0,0,0
38381,448.0,167.0,15.7,35.8,29.2,89.7,Desconhecido,Desconhecido,Desconhecido,Auger,YES,Southeast,0,0,0,0,0,0
38382,239.0,352.0,29.2,31.8,19.1,81.9,Desconhecido,Desconhecido,Desconhecido,Auger,YES,Southeast,0,0,0,0,0,0
38383,411.0,139.0,19.1,36.6,20.0,73.5,Desconhecido,Desconhecido,Desconhecido,Auger,YES,Southeast,0,0,0,0,0,0
38384,633.0,177.0,8.4,16.7,13.1,44.1,Desconhecido,Desconhecido,Desconhecido,Auger,YES,Southeast,0,0,0,0,0,0
38385,708.0,84.0,11.6,31.7,22.5,65.9,Desconhecido,Desconhecido,Desconhecido,Auger,YES,Southeast,0,0,0,0,0,0
38386,687.0,92.0,10.2,6.2,4.9,37.2,Desconhecido,Desconhecido,Desconhecido,Auger,YES,Southeast,0,0,0,0,0,0
38387,599.0,123.0,11.6,8.0,6.9,59.2,Desconhecido,Desconhecido,Desconhecido,Auger,YES,Southeast,0,0,0,0,0,0
38388,274.0,438.0,19.5,31.7,26.8,79.0,Desconhecido,Desconhecido,Desconhecido,Auger,NO,Southeast,0,0,0,0,0,0
38389,778.0,71.0,11.0,22.6,17.3,57.6,Desconhecido,Desconhecido,Desconhecido,Auger,YES,Southeast,0,0,0,0,0,0
38390,456.0,157.0,29.8,72.6,39.6,175.5,Desconhecido,Desconhecido,Desconhecido,Auger,YES,Southeast,0,0,0,0,0,0
38391,341.0,393.0,34.4,63.3,15.5,113.1,Desconhecido,Desconhecido,Desconhecido,Auger,YES,Southeast,0,0,0,0,0,0
38392,557.0,115.0,17.5,51.9,14.0,80.9,Desconhecido,Desconhecido,Desconhecido,Auger,YES,Southeast,0,0,0,0,0,0
38393,817.0,54.0,8.2,14.1,8.3,35.7,Desconhecido,Desconhecido,Desconhecido,Auger,YES,Southeast,0,0,0,0,0,0
38394,555.0,104.0,30.6,69.6,31.9,118.1,Desconhecido,Desconhecido,Desconhecido,Auger,YES,Southeast,0,0,0,0,0,0
38395,518.0,141.0,13.6,27.8,22.1,72.3,Desconhecido,Desconhecido,Desconhecido,Auger,YES,Southeast,0,0,0,0,0,0
38396,392.0,183.0,13.4,34.0,20.5,78.5,Desconhecido,Desconhecido,Desconhecido,Auger,YES,Southeast,0,0,0,0,0,0
38397,229.0,116.0,9.6,30.1,12.8,65.8,Desconhecido,Desconhecido,Desconhecido,Auger,YES,Southeast,0,0,0,0,0,0
38398,742.0,98.0,12.4,19.2,9.0,51.1,Desconhecido,Desconhecido,Desconhecido,Auger,YES,Southeast,0,0,0,0,0,0
38399,614.0,33.0,14.0,25.1,10.1,53.9,Desconhecido,Desconhecido,Desconhecido,Auger,YES,Southeast,0,0,0,0,0,0
38400,818.0,54.0,7.2,1.3,0.8,25.8,Desconhecido,Desconhecido,Desconhecido,Auger,YES,Southeast,0,0,0,0,0,0
38401,537.0,112.0,10.2,26.6,19.4,63.9,Desconhecido,Desconhecido,Desconhecido,Auger,YES,Southeast,0,0,0,0,0,0
38402,598.0,100.0,7.8,28.0,16.2,58.2,Desconhecido,Desconhecido,Desconhecido,Auger,YES,Southeast,0,0,0,0,0,0
38403,85.0,383.0,19.5,90.4,73.2,20.51,Desconhecido,Desconhecido,Desconhecido,Auger,YES,Southeast,0,0,0,0,0,0
38404,552.0,224.0,12.4,20.5,11.1,62.6,Desconhecido,Desconhecido,Desconhecido,Auger,YES,Southeast,0,0,0,0,0,0
38405,274.0,547.0,19.1,42.3,28.4,93.3,Desconhecido,Desconhecido,Desconhecido,Auger,NO,Southeast,0,0,0,0,0,0
38406,119.0,272.0,25.2,76.5,28.5,155.4,Desconhecido,Desconhecido,Desconhecido,Auger,YES,Southeast,0,0,0,0,0,0
38407,214.0,392.0,16.9,44.3,20.2,98.9,Desconhecido,Desconhecido,Desconhecido,Auger,YES,Southeast,0,0,0,0,0,0
38408,619.0,250.0,27.8,15.4,7.7,61.8,Desconhecido,Desconhecido,Desconhecido,Auger,YES,Southeast,0,0,0,0,0,0
38409,347.0,431.0,22.9,54.9,21.9,131.1,Desconhecido,Desconhecido,Desconhecido,Auger,YES,Southeast,0,0,0,0,0,0
38410,721.0,82.0,13.0,22.0,13.6,56.2,Desconhecido,Desconhecido,Desconhecido,Auger,YES,Southeast,0,0,0,0,0,0
38411,462.0,210.0,17.1,33.2,17.9,90.6,Desconhecido,Desconhecido,Desconhecido,Auger,YES,Southeast,0,0,0,0,0,0
38412,429.0,392.0,18.9,38.7,10.8,88.9,Desconhecido,Desconhecido,Desconhecido,Auger,YES,Southeast,0,0,0,0,0,0
38413,789.0,146.0,14.2,35.1,8.6,62.7,Desconhecido,Desconhecido,Desconhecido,Auger,NO,Southeast,0,0,0,0,0,0
38414,317.0,489.0,25.2,41.8,14.4,98.5,Desconhecido,Desconhecido,Desconhecido,Auger,YES,Southeast,0,0,0,0,0,0
38415,284.0,539.0,28.2,40.8,16.3,92.5,Desconhecido,Desconhecido,Desconhecido,Auger,YES,Southeast,0,0,0,0,0,0
38416,246.0,461.0,27.4,66.4,24.8,139.8,Desconhecido,Desconhecido,Desconhecido,Auger,YES,Southeast,0,0,0,0,0,0
38417,330.0,504.0,30.4,45.7,28.4,107.8,Desconhecido,Desconhecido,Desconhecido,Auger,YES,Southeast,0,0,0,0,0,0
38418,297.0,388.0,22.9,66.2,20.0,131.6,Desconhecido,Desconhecido,Desconhecido,Auger,YES,Southeast,0,0,0,0,0,0
38419,565.0,220.0,19.9,50.6,15.8,96.5,Desconhecido,Desconhecido,Desconhecido,Auger,YES,Southeast,0,0,0,0,0,0
38420,228.0,486.0,14.9,16.1,6.5,60.7,Desconhecido,Desconhecido,Desconhecido,Auger,YES,Southeast,0,0,0,0,0,0
38421,307.0,257.0,8.8,85.4,15.5,142.0,Desconhecido,Desconhecido,Desconhecido,Auger,YES,Southeast,0,0,0,0,0,0
38422,323.0,234.0,11.2,89.6,25.3,158.7,Desconhecido,Desconhecido,Desconhecido,Auger,YES,Southeast,0,0,0,0,0,0
38423,427.0,329.0,12.6,40.4,22.8,95.7,Desconhecido,Desconhecido,Desconhecido,Auger,YES,Southeast,0,0,0,0,0,0
38424,727.0,65.0,11.4,15.4,11.6,63.0,Desconhecido,Desconhecido,Desconhecido,Auger,YES,Southeast,0,0,0,0,0,0
38425,911.0,37.0,11.0,15.2,6.4,36.1,Desconhecido,Desconhecido,Desconhecido,Auger,YES,Southeast,0,0,0,0,0,0
38426,716.0,130.0,8.6,36.3,17.6,30.14,Desconhecido,Desconhecido,Desconhecido,Auger,YES,Southeast,0,0,0,0,0,0
38427,384.0,438.0,19.5,9.5,6.8,89.1,Desconhecido,Desconhecido,Desconhecido,Auger,YES,Southeast,0,0,0,0,0,0
38428,578.0,76.0,9.2,13.2,5.9,58.0,Desconhecido,Desconhecido,Desconhecido,Auger,YES,Southeast,0,0,0,0,0,0
38429,484.0,175.0,10.8,54.1,20.1,104.6,Desconhecido,Desconhecido,Desconhecido,Auger,YES,Southeast,0,0,0,0,0,0
38430,442.0,230.0,8.2,77.8,34.3,139.8,Desconhecido,Desconhecido,Desconhecido,Auger,YES,Southeast,0,0,0,0,0,0
38431,450.0,197.0,18.3,76.0,27.6,139.6,Desconhecido,Desconhecido,Desconhecido,Auger,YES,Southeast,0,0,0,0,0,0
38432,497.0,242.0,20.3,34.1,21.2,88.0,Desconhecido,Desconhecido,Desconhecido,Auger,YES,Southeast,0,0,0,0,0,0
38433,190.0,371.0,29.0,81.1,24.1,166.4,Desconhecido,Desconhecido,Desconhecido,Auger,YES,Southeast,0,0,0,0,0,0
38434,613.0,143.0,13.0,50.2,16.3,106.1,Desconhecido,Desconhecido,Desconhecido,Auger,YES,Southeast,0,0,0,0,0,0
38435,320.0,489.0,23.5,54.2,20.7,110.3,Desconhecido,Desconhecido,Desconhecido,Auger,YES,Southeast,0,0,0,0,0,0
38436,528.0,127.0,17.1,17.0,4.6,57.1,Desconhecido,Desconhecido,Desconhecido,Auger,YES,Southeast,0,0,0,0,0,0
38437,434.0,181.0,25.0,56.5,11.3,115.7,Desconhecido,Desconhecido,Desconhecido,Auger,YES,Southeast,0,0,0,0,0,0
38438,422.0,245.0,26.0,75.7,24.2,145.4,Desconhecido,Desconhecido,Desconhecido,Auger,YES,Southeast,0,0,0,0,0,0
38439,699.0,68.0,10.6,13.2,3.7,45.4,Desconhecido,Desconhecido,Desconhecido,Auger,YES,Southeast,0,0,0,0,0,0
38440,299.0,459.0,21.1,36.2,18.6,104.6,Desconhecido,Desconhecido,Desconhecido,Auger,YES,Southeast,0,0,0,0,0,0
38441,792.0,90.0,12.4,22.6,11.6,54.3,Desconhecido,Desconhecido,Desconhecido,Auger,YES,Southeast,0,0,0,0,0,0
38442,596.0,357.0,25.0,36.4,11.2,95.0,Desconhecido,Desconhecido,Desconhecido,Auger,YES,Southeast,0,0,0,0,0,0
38443,303.0,433.0,13.8,50.7,27.8,21.98,Desconhecido,Desconhecido,Desconhecido,Auger,YES,Southeast,0,0,0,0,0,0
38444,366.0,428.0,31.0,85.9,27.2,154.1,Desconhecido,Desconhecido,Desconhecido,Auger,YES,Southeast,0,0,0,0,0,0
38445,826.0,106.0,14.2,27.9,15.8,63.5,Desconhecido,Desconhecido,Desconhecido,Auger,YES,Southeast,0,0,0,0,0,0
38446,264.0,327.0,16.9,99.0,61.4,23.15,Desconhecido,Desconhecido,Desconhecido,Auger,YES,Southeast,0,0,0,0,0,0
38447,524.0,201.0,10.6,79.0,40.8,148.2,Desconhecido,Desconhecido,Desconhecido,Auger,YES,Southeast,0,0,0,0,0,0
38448,348.0,371.0,25.0,75.5,34.1,139.0,Desconhecido,Desconhecido,Desconhecido,Auger,YES,Southeast,0,0,0,0,0,0
38449,107.0,620.0,15.1,66.7,29.6,189.6,Desconhecido,Desconhecido,Desconhecido,Auger,YES,Southeast,0,0,0,0,0,0
38450,767.0,116.0,13.4,36.7,19.5,74.7,Desconhecido,Desconhecido,Desconhecido,Auger,YES,Southeast,0,0,0,0,0,0
38451,588.0,267.0,19.3,36.1,11.4,92.7,Desconhecido,Desconhecido,Desconhecido,Auger,YES,Southeast,0,0,0,0,0,0
38452,867.0,70.0,12.2,25.2,14.0,72.5,Desconhecido,Desconhecido,Desconhecido,Auger,YES,Southeast,0,0,0,0,0,0
38453,912.0,38.0,7.6,6.4,4.1,28.7,Desconhecido,Desconhecido,Desconhecido,Auger,YES,Southeast,0,0,0,0,0,0
38454,864.0,77.0,14.0,22.2,5.8,47.5,Desconhecido,Desconhecido,Desconhecido,Auger,YES,Southeast,0,0,0,0,0,0
38455,222.0,478.0,16.5,65.0,38.2,151.7,Desconhecido,Desconhecido,Desconhecido,Auger,YES,Southeast,0,0,0,0,0,0
38456,258.0,374.0,17.9,68.0,38.7,141.6,Desconhecido,Desconhecido,Desconhecido,Auger,YES,Southeast,0,0,0,0,0,0
38457,81.0,455.0,23.7,162.9,64.5,29.91,Desconhecido,Desconhecido,Desconhecido,Auger,YES,Southeast,0,0,0,0,0,0
38458,379.0,428.0,25.6,55.9,36.0,114.1,Desconhecido,Desconhecido,Desconhecido,Auger,YES,Southeast,0,0,0,0,0,0
38459,414.0,243.0,21.7,69.9,37.7,121.1,Desconhecido,Desconhecido,Desconhecido,Auger,YES,Southeast,0,0,0,0,0,0
38460,211.0,320.0,15.9,38.5,30.8,125.0,Desconhecido,Desconhecido,Desconhecido,Auger,YES,Southeast,0,0,0,0,0,0
38461,849.0,41.0,6.2,3.5,2.6,20.9,Desconhecido,Desconhecido,Desconhecido,Auger,YES,Southeast,0,0,0,0,0,0
38462,534.0,144.0,19.9,25.1,13.9,65.7,Desconhecido,Desconhecido,Desconhecido,Auger,YES,Southeast,0,0,0,0,0,0
38463,813.0,60.0,12.4,11.3,5.5,37.0,Desconhecido,Desconhecido,Desconhecido,Auger,YES,Southeast,0,0,0,0,0,0
38464,579.0,63.0,10.6,23.6,13.1,49.4,Desconhecido,Desconhecido,Desconhecido,Auger,YES,Southeast,0,0,0,0,0,0
38465,290.0,333.0,14.4,75.0,54.3,171.8,Desconhecido,Desconhecido,Desconhecido,Auger,YES,Southeast,0,0,0,0,0,0
38466,758.0,55.0,9.4,0.6,0.2,17.5,Desconhecido,Desconhecido,Desconhecido,Auger,YES,Southeast,0,0,0,0,0,0
38467,475.0,195.0,13.8,33.3,21.8,79.6,Desconhecido,Desconhecido,Desconhecido,Auger,YES,Southeast,0,0,0,0,0,0
38468,288.0,399.0,18.9,44.0,20.6,102.2,Desconhecido,Desconhecido,Desconhecido,Auger,YES,Southeast,0,0,0,0,0,0
38469,628.0,97.0,10.2,19.6,10.5,54.6,Desconhecido,Desconhecido,Desconhecido,Auger,YES,Southeast,0,0,0,0,0,0
38470,245.0,379.0,17.0,27.8,12.2,97.1,Desconhecido,Desconhecido,Desconhecido,Auger,NO,Southeast,0,0,1,0,0,0
38472,143.0,351.0,17.0,35.3,14.9,103.7,Desconhecido,Desconhecido,Desconhecido,Auger,NO,Southeast,0,0,1,0,0,0
38474,590.0,150.0,17.0,9.8,4.3,35.5,Desconhecido,Desconhecido,Desconhecido,Auger,NO,Southeast,0,0,1,0,0,0
38476,613.0,125.0,17.0,22.4,10.2,39.4,Desconhecido,Desconhecido,Desconhecido,Auger,NO,Southeast,0,0,1,0,0,0
38478,777.0,76.0,17.0,15.8,6.3,34.2,Desconhecido,Desconhecido,Desconhecido,Auger,NO,Southeast,0,0,1,0,0,0
38481,687.0,75.0,17.0,14.6,5.6,39.0,Desconhecido,Desconhecido,Desconhecido,Auger,NO,Southeast,0,0,1,0,0,0
38483,553.0,125.0,17.0,69.4,1.4,76.9,Desconhecido,Desconhecido,Desconhecido,Auger,NO,Southeast,0,0,1,0,0,0
38485,345.0,300.0,17.0,49.1,10.5,73.6,Desconhecido,Desconhecido,Desconhecido,Auger,NO,Southeast,0,0,1,0,0,0
38488,351.0,501.0,17.0,56.2,27.2,112.3,Desconhecido,Desconhecido,Desconhecido,Auger,NO,Southeast,0,0,1,0,0,0
38490,284.0,552.0,17.0,57.4,15.5,105.8,Desconhecido,Desconhecido,Desconhecido,Auger,NO,Southeast,0,0,1,0,0,0
38492,509.0,226.0,17.0,26.5,9.1,69.7,Desconhecido,Desconhecido,Desconhecido,Auger,NO,Southeast,0,0,1,0,0,0
38494,421.0,175.0,17.0,42.0,27.6,96.2,Desconhecido,Desconhecido,Desconhecido,Auger,NO,Southeast,0,0,1,0,0,0
38496,637.0,240.0,17.0,12.0,6.6,37.1,Desconhecido,Desconhecido,Desconhecido,Auger,NO,Southeast,1,1,1,0,0,0
38498,649.0,126.0,17.0,18.8,7.4,52.8,Desconhecido,Desconhecido,Desconhecido,Auger,NO,Southeast,0,0,1,0,0,0
38500,358.0,377.0,17.0,45.7,12.8,80.6,Desconhecido,Desconhecido,Desconhecido,Auger,NO,Southeast,0,0,1,0,0,0
38502,637.0,240.0,17.0,141.1,15.2,160.7,Desconhecido,Desconhecido,Desconhecido,Auger,NO,Southeast,1,1,1,0,0,0
38504,468.0,152.0,17.0,51.5,14.3,88.4,Desconhecido,Desconhecido,Desconhecido,Auger,NO,Southeast,0,0,1,0,0,0
38510,287.0,456.0,17.0,34.3,7.4,84.8,Desconhecido,Desconhecido,Desconhecido,Auger,NO,Southeast,0,0,1,0,0,0
38512,227.0,636.0,17.0,22.6,9.2,95.6,Desconhecido,Desconhecido,Desconhecido,Auger,NO,Southeast,0,0,1,0,0,0
38514,717.0,101.0,17.0,26.7,14.4,66.7,Desconhecido,Desconhecido,Desconhecido,Auger,NO,Southeast,0,0,1,0,0,0
38516,734.0,100.0,17.0,10.9,5.3,53.0,Desconhecido,Desconhecido,Desconhecido,Auger,NO,Southeast,0,0,1,0,0,0
38518,691.0,151.0,17.0,39.2,4.3,52.9,Desconhecido,Desconhecido,Desconhecido,Auger,NO,Southeast,0,0,1,0,0,0
38520,698.0,126.0,17.0,14.9,4.5,35.4,Desconhecido,Desconhecido,Desconhecido,Auger,NO,Southeast,0,0,1,0,0,0
38522,801.0,50.0,17.0,17.0,3.6,34.9,Desconhecido,Desconhecido,Desconhecido,Auger,NO,Southeast,0,0,1,0,0,0
38524,823.0,75.0,17.0,15.8,2.1,35.4,Desconhecido,Desconhecido,Desconhecido,Auger,NO,Southeast,0,0,1,0,0,0
38526,355.0,508.0,17.0,35.2,9.1,61.6,Desconhecido,Desconhecido,Desconhecido,Auger,NO,Southeast,0,0,1,0,0,0
38528,219.0,405.0,17.0,43.5,7.2,65.7,Desconhecido,Desconhecido,Desconhecido,Auger,NO,Southeast,0,0,1,0,0,0
38531,244.0,468.0,17.0,29.1,11.6,76.8,Desconhecido,Desconhecido,Desconhecido,Auger,NO,Southeast,0,0,1,0,0,0
38533,525.0,152.0,17.0,12.4,6.0,59.7,Desconhecido,Desconhecido,Desconhecido,Auger,NO,Southeast,0,0,1,0,0,0
38536,409.0,151.0,17.0,24.2,6.4,67.3,Desconhecido,Desconhecido,Desconhecido,Auger,NO,Southeast,0,0,1,0,0,0
38539,389.0,405.0,17.0,21.3,11.0,79.2,Desconhecido,Desconhecido,Desconhecido,Auger,NO,Southeast,0,0,1,0,0,0
38541,364.0,278.0,17.0,33.0,16.8,80.3,Desconhecido,Desconhecido,Desconhecido,Auger,NO,Southeast,0,0,1,0,0,0
38544,781.0,75.0,17.0,10.0,6.2,33.2,Desconhecido,Desconhecido,Desconhecido,Auger,NO,Southeast,0,0,1,0,0,0
38547,658.0,75.0,17.0,13.7,1.7,43.3,Desconhecido,Desconhecido,Desconhecido,Auger,NO,Southeast,0,0,1,0,0,0
38550,772.0,75.0,17.0,8.3,2.6,37.6,Desconhecido,Desconhecido,Desconhecido,Auger,NO,Southeast,0,0,1,0,0,0
38553,367.0,231.0,17.0,177.9,15.5,22.94,Desconhecido,Desconhecido,Desconhecido,Auger,NO,Southeast,0,0,1,0,0,0
38555,468.0,228.0,17.0,36.4,14.5,72.7,Desconhecido,Desconhecido,Desconhecido,Auger,NO,Southeast,0,0,1,0,0,0
38557,614.0,148.0,17.0,25.0,6.9,46.0,Desconhecido,Desconhecido,Desconhecido,Auger,NO,Southeast,0,0,1,0,0,0
38559,835.0,99.0,17.0,15.1,3.4,35.4,Desconhecido,Desconhecido,Desconhecido,Auger,NO,Southeast,0,0,1,0,0,0
38562,846.0,100.0,17.0,10.3,2.9,23.5,Desconhecido,Desconhecido,Desconhecido,Auger,NO,Southeast,0,0,1,0,0,0
38565,819.0,75.0,17.0,2.9,0.6,25.8,Desconhecido,Desconhecido,Desconhecido,Auger,NO,Southeast,0,0,1,0,0,0
38568,629.0,100.0,17.0,21.4,7.0,46.2,Desconhecido,Desconhecido,Desconhecido,Auger,NO,Southeast,0,0,1,0,0,0
38570,634.0,125.0,17.0,22.6,6.8,52.5,Desconhecido,Desconhecido,Desconhecido,Auger,NO,Southeast,0,0,1,0,0,0
38572,675.0,150.0,17.0,25.9,10.0,51.8,Desconhecido,Desconhecido,Desconhecido,Auger,NO,Southeast,0,0,1,0,0,0
38575,637.0,240.0,17.0,53.5,21.7,119.4,Desconhecido,Desconhecido,Desconhecido,Auger,NO,Southeast,1,1,1,0,0,0
38577,844.0,74.0,17.0,2.7,1.0,19.1,Desconhecido,Desconhecido,Desconhecido,Auger,NO,Southeast,0,0,1,0,0,0
38580,806.0,74.0,17.0,9.8,3.2,31.1,Desconhecido,Desconhecido,Desconhecido,Auger,NO,Southeast,0,0,1,0,0,0
38583,873.0,100.0,17.0,9.1,3.7,23.6,Desconhecido,Desconhecido,Desconhecido,Auger,NO,Southeast,0,0,1,0,0,0
38585,776.0,125.0,17.0,2.4,0.9,34.8,Desconhecido,Desconhecido,Desconhecido,Auger,NO,Southeast,0,0,1,0,0,0
38587,242.0,379.0,17.0,20.9,7.3,94.4,Desconhecido,Desconhecido,Desconhecido,Auger,NO,Southeast,0,0,1,0,0,0
38589,422.0,100.0,17.0,43.5,5.9,62.3,Desconhecido,Desconhecido,Desconhecido,Auger,NO,Southeast,0,0,1,0,0,0
38591,710.0,100.0,17.0,18.5,6.1,35.3,Desconhecido,Desconhecido,Desconhecido,Auger,NO,Southeast,0,0,1,0,0,0
38595,666.0,75.0,17.0,10.5,2.7,38.5,Desconhecido,Desconhecido,Desconhecido,Auger,NO,Southeast,0,0,1,0,0,0
38598,608.0,126.0,17.0,30.0,13.5,52.4,Desconhecido,Desconhecido,Desconhecido,Auger,NO,Southeast,0,0,1,0,0,0
38600,861.0,109.0,17.0,13.2,4.3,33.7,Desconhecido,Desconhecido,Desconhecido,Auger,NO,Southeast,0,0,1,0,0,0
38603,855.0,100.0,17.0,10.6,2.5,24.5,Desconhecido,Desconhecido,Desconhecido,Auger,NO,Southeast,0,0,1,0,0,0
38606,802.0,100.0,17.0,11.7,4.3,26.2,Desconhecido,Desconhecido,Desconhecido,Auger,NO,Southeast,0,0,1,0,0,0
38609,782.0,75.0,17.0,9.2,2.2,28.8,Desconhecido,Desconhecido,Desconhecido,Auger,NO,Southeast,0,0,1,0,0,0
38611,814.0,75.0,17.0,4.3,1.0,22.9,Desconhecido,Desconhecido,Desconhecido,Auger,NO,Southeast,0,0,1,0,0,0
38615,802.0,76.0,17.0,11.9,4.5,24.9,Desconhecido,Desconhecido,Desconhecido,Auger,NO,Southeast,0,0,1,0,0,0
38618,683.0,75.0,17.0,10.3,3.3,28.3,Desconhecido,Desconhecido,Desconhecido,Auger,NO,Southeast,0,0,1,0,0,0
38621,475.0,125.0,17.0,29.6,9.9,61.4,Desconhecido,Desconhecido,Desconhecido,Auger,NO,Southeast,0,0,1,0,0,0
38625,202.0,125.0,17.0,53.1,12.7,101.5,Desconhecido,Desconhecido,Desconhecido,Auger,NO,Southeast,0,0,1,0,0,0
38628,354.0,125.0,17.0,25.5,4.1,63.0,Desconhecido,Desconhecido,Desconhecido,Auger,NO,Southeast,0,0,1,0,0,0
38630,753.0,75.0,17.0,10.8,4.1,28.1,Desconhecido,Desconhecido,Desconhecido,Auger,NO,Southeast,0,0,1,0,0,0
38634,789.0,75.0,17.0,7.3,1.8,21.2,Desconhecido,Desconhecido,Desconhecido,Auger,NO,Southeast,0,0,1,0,0,0
38637,792.0,75.0,17.0,8.5,2.8,26.3,Desconhecido,Desconhecido,Desconhecido,Auger,NO,Southeast,0,0,1,0,0,0
38640,808.0,75.0,17.0,7.8,1.9,22.6,Desconhecido,Desconhecido,Desconhecido,Auger,NO,Southeast,0,0,1,0,0,0
38643,475.0,252.0,17.0,23.5,10.6,75.9,Desconhecido,Desconhecido,Desconhecido,Auger,NO,Southeast,0,0,1,0,0,0
38645,789.0,125.0,17.0,13.4,4.7,43.9,Desconhecido,Desconhecido,Desconhecido,Auger,NO,Southeast,0,0,1,0,0,0
38648,871.0,75.0,17.0,9.7,3.3,25.2,Desconhecido,Desconhecido,Desconhecido,Auger,NO,Southeast,0,0,1,0,0,0
38650,841.0,75.0,17.0,6.3,2.4,20.4,Desconhecido,Desconhecido,Desconhecido,Auger,NO,Southeast,0,0,1,0,0,0
38652,41.0,481.0,17.0,30.0,16.5,111.3,Desconhecido,Desconhecido,Desconhecido,Auger,NO,Southeast,0,0,1,0,0,0
38663,351.0,328.0,17.0,14.8,16.3,83.5,Desconhecido,Desconhecido,Desconhecido,Auger,NO,Southeast,0,0,1,0,0,0
38666,125.0,201.0,17.0,22.5,16.3,48.6,Desconhecido,Desconhecido,Desconhecido,Auger,NO,Southeast,0,0,1,0,0,0
38669,503.0,151.0,17.0,7.7,14.5,59.3,Desconhecido,Desconhecido,Desconhecido,Auger,NO,Southeast,0,0,1,0,0,0
38671,381.0,76.0,17.0,39.0,17.2,67.9,Desconhecido,Desconhecido,Desconhecido,Auger,NO,Southeast,0,0,1,0,0,0
38673,412.0,100.0,17.0,30.2,17.2,58.9,Desconhecido,Desconhecido,Desconhecido,Auger,NO,Southeast,0,0,1,0,0,0
38675,366.0,100.0,17.0,18.7,15.4,71.6,Desconhecido,Desconhecido,Desconhecido,Auger,NO,Southeast,0,0,1,0,0,0
38677,461.0,126.0,17.0,30.2,16.3,84.4,Desconhecido,Desconhecido,Desconhecido,Auger,NO,Southeast,0,0,1,0,0,0
38679,515.0,176.0,17.0,26.9,17.2,74.0,Desconhecido,Desconhecido,Desconhecido,Auger,NO,Southeast,0,0,1,0,0,0
38697,502.0,176.0,17.0,20.9,17.2,62.0,Desconhecido,Desconhecido,Desconhecido,Auger,NO,Southeast,0,0,1,0,0,0
38699,402.0,125.0,17.0,10.4,16.3,55.9,Desconhecido,Desconhecido,Desconhecido,Auger,NO,Southeast,0,0,1,0,0,0
38701,399.0,100.0,17.0,19.8,16.3,64.4,Desconhecido,Desconhecido,Desconhecido,Auger,NO,Southeast,0,0,1,0,0,0
38703,439.0,75.0,17.0,12.6,15.4,44.8,Desconhecido,Desconhecido,Desconhecido,Auger,NO,Southeast,0,0,1,0,0,0
38705,270.0,125.0,17.0,29.1,17.2,78.6,Desconhecido,Desconhecido,Desconhecido,Auger,NO,Southeast,0,0,1,0,0,0
38707,426.0,125.0,17.0,21.4,16.3,61.0,Desconhecido,Desconhecido,Desconhecido,Auger,NO,Southeast,0,0,1,0,0,0
38709,402.0,125.0,17.0,24.7,16.3,64.2,Desconhecido,Desconhecido,Desconhecido,Auger,NO,Southeast,0,0,1,0,0,0
38711,365.0,75.0,17.0,23.1,16.3,60.7,Desconhecido,Desconhecido,Desconhecido,Auger,NO,Southeast,0,0,1,0,0,0
38726,507.0,326.6,17.0,13.0,5.2,44.1,Desconhecido,Desconhecido,Desconhecido,Auger,YES,South,0,0,1,1,1,1
38729,648.5,149.3,17.0,13.0,5.2,44.1,Desconhecido,Desconhecido,Desconhecido,Auger,YES,South,0,0,1,1,1,1
38731,463.9,369.1,17.0,13.0,5.2,44.1,Desconhecido,Desconhecido,Desconhecido,Auger,YES,South,0,0,1,1,1,1
38734,589.4,184.0,17.0,13.0,5.2,44.1,Desconhecido,Desconhecido,Desconhecido,Auger,YES,South,0,0,1,1,1,1
38737,742.9,110.2,17.0,13.0,5.2,44.1,Desconhecido,Desconhecido,Desconhecido,Auger,YES,South,0,0,1,1,1,1
38740,568.0,183.1,17.0,13.0,5.2,44.1,Desconhecido,Desconhecido,Desconhecido,Auger,YES,South,0,0,1,1,1,1
38743,622.8,160.8,17.0,13.0,5.2,44.1,Desconhecido,Desconhecido,Desconhecido,Auger,YES,South,0,0,1,1,1,1
38746,730.2,153.0,17.0,13.0,5.2,44.1,Desconhecido,Desconhecido,Desconhecido,Auger,YES,South,0,0,1,1,1,1
38749,655.1,152.3,17.0,13.0,5.2,44.1,Desconhecido,Desconhecido,Desconhecido,Auger,YES,South,0,0,1,1,1,1
38752,660.9,201.1,17.0,13.0,5.2,44.1,Desconhecido,Desconhecido,Desconhecido,Auger,YES,South,0,0,1,1,1,1
38755,640.1,160.8,17.0,13.0,5.2,44.1,Desconhecido,Desconhecido,Desconhecido,Auger,YES,South,0,0,1,1,1,1
38758,773.3,69.1,17.0,13.0,5.2,44.1,Desconhecido,Desconhecido,Desconhecido,Auger,YES,South,0,0,1,1,1,1
38761,610.9,174.9,17.0,13.0,5.2,44.1,Desconhecido,Desconhecido,Desconhecido,Auger,YES,South,0,0,1,1,1,1
38764,549.6,247.6,17.0,13.0,5.2,44.1,Desconhecido,Desconhecido,Desconhecido,Auger,YES,South,0,0,1,1,1,1
38767,559.9,228.9,17.0,13.0,5.2,44.1,Desconhecido,Desconhecido,Desconhecido,Auger,YES,South,0,0,1,1,1,1
38770,461.8,271.0,17.0,13.0,5.2,44.1,Desconhecido,Desconhecido,Desconhecido,Auger,YES,South,0,0,1,1,1,1
38773,484.2,253.8,17.0,13.0,5.2,44.1,Desconhecido,Desconhecido,Desconhecido,Auger,YES,South,0,0,1,1,1,1
38776,453.6,326.4,17.0,13.0,5.2,44.1,Desconhecido,Desconhecido,Desconhecido,Auger,YES,South,0,0,1,1,1,1
38779,663.5,115.7,17.0,13.0,5.2,44.1,Desconhecido,Desconhecido,Desconhecido,Auger,YES,South,0,0,1,1,1,1
38782,652.2,146.3,17.0,13.0,5.2,44.1,Desconhecido,Desconhecido,Desconhecido,Auger,YES,South,0,0,1,1,1,1
38785,610.0,201.8,17.0,13.0,5.2,44.1,Desconhecido,Desconhecido,Desconhecido,Auger,YES,South,0,0,1,1,1,1
38788,563.7,220.4,17.0,13.0,5.2,44.1,Desconhecido,Desconhecido,Desconhecido,Auger,YES,South,0,0,1,1,1,1
38791,536.7,244.7,17.0,13.0,5.2,44.1,Desconhecido,Desconhecido,Desconhecido,Auger,YES,South,0,0,1,1,1,1
38794,586.6,281.9,17.0,13.0,5.2,44.1,Desconhecido,Desconhecido,Desconhecido,Auger,YES,South,0,0,1,1,1,1
38797,636.1,207.0,17.0,13.0,5.2,44.1,Desconhecido,Desconhecido,Desconhecido,Auger,YES,South,0,0,1,1,1,1
38800,577.8,157.3,17.0,13.0,5.2,44.1,Desconhecido,Desconhecido,Desconhecido,Auger,YES,South,0,0,1,1,1,1
38803,660.7,221.1,17.0,13.0,5.2,44.1,Desconhecido,Desconhecido,Desconhecido,Auger,YES,South,0,0,1,1,1,1
38806,695.1,146.7,17.0,13.0,5.2,44.1,Desconhecido,Desconhecido,Desconhecido,Auger,YES,South,0,0,1,1,1,1
38809,511.2,232.7,17.0,13.0,5.2,44.1,Desconhecido,Desconhecido,Desconhecido,Auger,YES,South,0,0,1,1,1,1
38812,339.4,453.5,17.0,13.0,5.2,44.1,Desconhecido,Desconhecido,Desconhecido,Auger,YES,South,0,0,1,1,1,1
38815,599.2,162.2,17.0,13.0,5.2,44.1,Desconhecido,Desconhecido,Desconhecido,Auger,YES,South,0,0,1,1,1,1
38818,861.4,52.1,17.0,13.0,5.2,44.1,Desconhecido,Desconhecido,Desconhecido,Auger,YES,South,0,0,1,1,1,1
38821,584.0,201.6,17.0,13.0,5.2,44.1,Desconhecido,Desconhecido,Desconhecido,Auger,YES,South,0,0,1,1,1,1
38824,585.3,162.1,17.0,13.0,5.2,44.1,Desconhecido,Desconhecido,Desconhecido,Auger,YES,South,0,0,1,1,1,1
38827,368.6,455.7,17.0,13.0,5.2,44.1,Desconhecido,Desconhecido,Desconhecido,Auger,YES,South,0,0,1,1,1,1
38830,649.0,167.8,17.0,13.0,5.2,44.1,Desconhecido,Desconhecido,Desconhecido,Auger,YES,South,0,0,1,1,1,1
38833,736.0,141.3,17.0,13.0,5.2,44.1,Desconhecido,Desconhecido,Desconhecido,Auger,YES,South,0,0,1,1,1,1
38836,642.9,171.3,17.0,13.0,5.2,44.1,Desconhecido,Desconhecido,Desconhecido,Auger,YES,South,0,0,1,1,1,1
38839,474.3,352.2,17.0,13.0,5.2,44.1,Desconhecido,Desconhecido,Desconhecido,Auger,YES,South,0,0,1,1,1,1
38842,581.1,210.5,17.0,13.0,5.2,44.1,Desconhecido,Desconhecido,Desconhecido,Auger,YES,South,0,0,1,1,1,1
38845,677.1,225.7,17.0,13.0,5.2,44.1,Desconhecido,Desconhecido,Desconhecido,Auger,YES,South,0,0,1,1,1,1
38848,609.8,184.6,17.0,13.0,5.2,44.1,Desconhecido,Desconhecido,Desconhecido,Auger,YES,South,0,0,1,1,1,1
38851,543.7,282.7,17.0,13.0,5.2,44.1,Desconhecido,Desconhecido,Desconhecido,Auger,YES,South,0,0,1,1,1,1
38854,636.2,214.6,17.0,13.0,5.2,44.1,Desconhecido,Desconhecido,Desconhecido,Auger,YES,South,0,0,1,1,1,1
38857,712.4,154.7,17.0,13.0,5.2,44.1,Desconhecido,Desconhecido,Desconhecido,Auger,YES,South,0,0,1,1,1,1
38860,650.6,152.8,17.0,13.0,5.2,44.1,Desconhecido,Desconhecido,Desconhecido,Auger,YES,South,0,0,1,1,1,1
38863,604.9,177.1,17.0,13.0,5.2,44.1,Desconhecido,Desconhecido,Desconhecido,Auger,YES,South,0,0,1,1,1,1
38866,526.6,148.6,17.0,13.0,5.2,44.1,Desconhecido,Desconhecido,Desconhecido,Auger,YES,South,0,0,1,1,1,1
38869,560.2,258.2,17.0,13.0,5.2,44.1,Desconhecido,Desconhecido,Desconhecido,Auger,YES,South,0,0,1,1,1,1
38872,459.5,366.9,17.0,13.0,5.2,44.1,Desconhecido,Desconhecido,Desconhecido,Auger,YES,South,0,0,1,1,1,1
38875,658.0,182.4,17.0,13.0,5.2,44.1,Desconhecido,Desconhecido,Desconhecido,Auger,YES,South,0,0,1,1,1,1
38878,479.8,361.7,17.0,13.0,5.2,44.1,Desconhecido,Desconhecido,Desconhecido,Auger,YES,South,0,0,1,1,1,1
38881,605.6,257.5,17.0,13.0,5.2,44.1,Desconhecido,Desconhecido,Desconhecido,Auger,YES,South,0,0,1,1,1,1
38884,440.9,339.2,17.0,13.0,5.2,44.1,Desconhecido,Desconhecido,Desconhecido,Auger,YES,South,0,0,1,1,1,1
38887,336.7,451.8,17.0,13.0,5.2,44.1,Desconhecido,Desconhecido,Desconhecido,Auger,YES,South,0,0,1,1,1,1
38890,636.4,203.1,17.0,13.0,5.2,44.1,Desconhecido,Desconhecido,Desconhecido,Auger,YES,South,0,0,1,1,1,1
38893,685.6,147.8,17.0,13.0,5.2,44.1,Desconhecido,Desconhecido,Desconhecido,Auger,YES,South,0,0,1,1,1,1
38896,653.7,198.0,17.0,13.0,5.2,44.1,Desconhecido,Desconhecido,Desconhecido,Auger,YES,South,0,0,1,1,1,1
38899,495.7,301.8,17.0,13.0,5.2,44.1,Desconhecido,Desconhecido,Desconhecido,Auger,YES,South,0,0,1,1,1,1
38902,672.5,223.5,17.0,13.0,5.2,44.1,Desconhecido,Desconhecido,Desconhecido,Auger,YES,South,0,0,1,1,1,1
38905,498.1,281.9,17.0,13.0,5.2,44.1,Desconhecido,Desconhecido,Desconhecido,Auger,YES,South,0,0,1,1,1,1
38908,605.3,246.4,17.0,13.0,5.2,44.1,Desconhecido,Desconhecido,Desconhecido,Auger,YES,South,0,0,1,1,1,1
38911,642.2,196.3,17.0,13.0,5.2,44.1,Desconhecido,Desconhecido,Desconhecido,Auger,YES,South,0,0,1,1,1,1
38914,632.5,221.5,17.0,13.0,5.2,44.1,Desconhecido,Desconhecido,Desconhecido,Auger,YES,South,0,0,1,1,1,1
38917,640.0,203.3,17.0,13.0,5.2,44.1,Desconhecido,Desconhecido,Desconhecido,Auger,YES,South,0,0,1,1,1,1
38920,673.6,184.9,17.0,13.0,5.2,44.1,Desconhecido,Desconhecido,Desconhecido,Auger,YES,South,0,0,1,1,1,1
