Sand_gkg,Clay_gkg,SOM_gkg,Ca_mmolkg,Mg_mmolkg,CEC_Ph7_mmolkg,Sand_gkg_ausente,Clay_gkg_ausente,SOM_gkg_ausente,Ca_mmolkg_ausente,Mg_mmolkg_ausente,CEC_Ph7_mmolkg_ausente,Vegetation,Bioma,Geology,Sampling,MIR_availability,Region
273.0,580.0,32.0,10.0,3.0,49.4,0,0,0,0,0,0,Desconhecido,Desconhecido,Desconhecido,Auger,NO,Midwest
628.1,299.9,20.8,7.1,3.1,41.9,0,0,0,0,0,0,Areas of Ecological Tension,Cerrado,Igneous Rock,Auger,NO,Midwest
180.0,680.0,41.0,33.0,17.0,111.2,0,0,0,0,0,0,Savannah,Cerrado,Igneous Rock,Profile,YES,Midwest
781.0,154.0,14.0,23.0,8.0,49.1,0,0,0,0,0,0,Areas of Ecological Tension,Cerrado,Sedimentary Rock,Auger,NO,Midwest
865.2,84.9,14.2,24.6,12.2,50.1,0,0,0,0,0,0,Areas of Ecological Tension,Cerrado,Igneous Rock,Auger,NO,Midwest
855.0,113.0,10.0,1.0,1.0,41.0,0,0,0,0,0,0,Desconhecido,Desconhecido,Desconhecido,Auger,NO,Midwest
860.0,80.0,17.0,4.0,4.0,44.6,0,0,0,0,0,0,Areas of Pioneering Formation,Mata Atlantica,Igneous Rock,Auger,NO,Midwest
774.8,149.8,23.0,17.1,6.9,54.5,0,0,0,0,0,0,Areas of Ecological Tension,Cerrado,Igneous Rock,Auger,NO,Midwest
373.1,499.5,54.8,78.9,21.1,129.4,0,0,0,0,0,0,Areas of Ecological Tension,Cerrado,Igneous Rock,Auger,NO,Midwest
310.0,600.0,17.0,8.0,3.0,49.6,0,0,0,0,0,0,Seasonal Semideciduous Forest,Mata Atlantica,Igneous Rock,Profile,YES,Midwest
510.0,314.0,15.0,37.0,15.0,71.3,0,0,0,0,0,0,Areas of Ecological Tension,Cerrado,Sedimentary Rock,Auger,NO,Midwest
840.0,100.0,20.0,9.0,5.0,38.6,0,0,0,0,0,0,Areas of Pioneering Formation,Mata Atlantica,Igneous Rock,Auger,NO,Midwest
850.0,119.0,6.0,1.0,1.0,24.6,0,0,0,0,0,0,Desconhecido,Desconhecido,Desconhecido,Auger,NO,Midwest
60.0,800.0,8.0,5.0,2.0,35.9,0,0,0,0,0,0,Seasonal Semideciduous Forest,Mata Atlantica,Igneous Rock,Profile,YES,Midwest
280.8,624.7,18.9,15.0,6.0,93.1,0,0,0,0,0,0,Areas of Ecological Tension,Cerrado,Igneous Rock,Auger,NO,Midwest
825.7,99.9,12.0,13.4,3.9,37.7,0,0,0,0,0,0,Areas of Ecological Tension,Cerrado,Igneous Rock,Auger,NO,Midwest
810.0,125.0,21.0,19.0,10.0,48.2,0,0,0,0,0,0,Areas of Ecological Tension,Cerrado,Sedimentary Rock,Profile,YES,Midwest
895.0,80.0,9.0,2.0,1.4,15.9,0,0,0,0,0,0,Savannah,Cerrado,Sedimentary Rock,Auger,NO,Midwest
810.0,167.0,12.0,14.0,7.0,33.6,0,0,0,0,0,0,Areas of Ecological Tension,Cerrado,Sedimentary Rock,Auger,NO,Midwest
903.0,70.0,8.0,0.7,0.5,15.7,0,0,0,0,0,0,Savannah,Cerrado,Sedimentary Rock,Auger,NO,Midwest
530.0,440.0,23.0,19.8,4.4,47.4,0,0,0,0,0,0,Savannah,Cerrado,Sedimentary Rock,Auger,NO,Midwest
190.0,670.0,35.0,68.0,20.0,178.8,0,0,0,0,0,0,Savannah,Cerrado,Igneous Rock,Auger,NO,Midwest
800.0,120.0,16.0,1.0,1.0,34.3,0,0,0,0,0,0,Areas of Pioneering Formation,Mata Atlantica,Igneous Rock,Auger,NO,Midwest
181.4,588.7,17.0,13.0,5.2,44.1,0,0,1,1,1,1,Savannah,Cerrado,Sedimentary Rock,Profile,NO,Midwest
637.0,240.0,32.0,13.0,5.2,44.1,1,1,0,1,1,1,Savannah,Cerrado,Igneous Rock,Auger,NO,Midwest
117.7352,654.25323,11.0,13.0,5.2,44.1,0,0,0,1,1,1,Savannah,Cerrado,Sedimentary Rock,Profile,NO,Midwest
880.0,100.0,13.0,1.0,1.0,30.6,0,0,0,0,0,0,Areas of Pioneering Formation,Mata Atlantica,Igneous Rock,Auger,NO,Midwest
130.0,760.0,19.0,15.0,4.0,44.8,0,0,0,0,0,0,Seasonal Semideciduous Forest,Mata Atlantica,Igneous Rock,Auger,NO,Midwest
829.0,144.0,11.0,6.0,4.0,22.1,0,0,0,0,0,0,Areas of Ecological Tension,Cerrado,Sedimentary Rock,Auger,NO,Midwest
770.0,183.0,20.0,11.0,8.0,37.5,0,0,0,0,0,0,Areas of Ecological Tension,Cerrado,Sedimentary Rock,Auger,NO,Midwest
520.0,335.0,23.0,28.0,16.0,66.5,0,0,0,0,0,0,Areas of Ecological Tension,Cerrado,Sedimentary Rock,Auger,NO,Midwest
90.0,670.0,39.0,13.0,7.0,97.5,0,0,0,0,0,0,Seasonal Semideciduous Forest,Mata Atlantica,Igneous Rock,Auger,NO,Midwest
660.0,215.0,12.0,6.0,2.0,36.1,0,0,0,0,0,0,Areas of Ecological Tension,Cerrado,Sedimentary Rock,Auger,NO,Midwest
359.8,587.2,22.8,9.3,6.4,54.6,0,0,0,0,0,0,Areas of Ecological Tension,Cerrado,Igneous Rock,Auger,NO,Midwest
190.0,730.0,30.0,35.0,5.0,89.0,0,0,0,0,0,0,Savannah,Cerrado,Igneous Rock,Auger,NO,Midwest
730.4,199.7,18.1,21.4,7.2,50.9,0,0,0,0,0,0,Areas of Ecological Tension,Cerrado,Igneous Rock,Auger,NO,Midwest
637.0,240.0,29.0,13.0,5.2,44.1,1,1,0,1,1,1,Savannah,Cerrado,Igneous Rock,Auger,NO,Midwest
816.6,124.9,12.2,15.1,6.0,45.2,0,0,0,0,0,0,Areas of Ecological Tension,Cerrado,Igneous Rock,Auger,NO,Midwest
786.0,155.0,15.0,11.0,5.0,36.7,0,0,0,0,0,0,Desconhecido,Desconhecido,Desconhecido,Auger,NO,Midwest
320.0,580.0,23.0,15.0,7.0,73.2,0,0,0,0,0,0,Savannah,Cerrado,Igneous Rock,Auger,NO,Midwest
880.0,100.0,11.0,3.0,2.0,31.5,0,0,0,0,0,0,Areas of Pioneering Formation,Mata Atlantica,Igneous Rock,Profile,YES,Midwest
570.0,323.0,13.0,8.0,2.0,32.3,0,0,0,0,0,0,Areas of Ecological Tension,Cerrado,Sedimentary Rock,Auger,NO,Midwest
181.0,325.6,41.0,13.0,5.2,44.1,0,0,0,1,1,1,Areas of Ecological Tension,Cerrado,Sedimentary Rock,Profile,NO,Midwest
845.7,99.9,12.3,6.0,2.4,28.4,0,0,0,0,0,0,Areas of Ecological Tension,Cerrado,Igneous Rock,Auger,NO,Midwest
849.0,133.0,13.0,20.0,10.0,43.5,0,0,0,0,0,0,Areas of Ecological Tension,Cerrado,Sedimentary Rock,Auger,NO,Midwest
200.0,660.0,32.0,27.0,8.0,98.8,0,0,0,0,0,0,Savannah,Cerrado,Igneous Rock,Auger,NO,Midwest
729.0,230.0,17.0,21.3,4.4,37.3,0,0,0,0,0,0,Savannah,Cerrado,Sedimentary Rock,Auger,NO,Midwest
886.0,85.0,8.1,0.2,0.1,9.6,0,0,0,0,0,0,Savannah,Cerrado,Sedimentary Rock,Auger,NO,Midwest
60.0,770.0,36.0,26.0,18.0,90.0,0,0,0,0,0,0,Seasonal Semideciduous Forest,Mata Atlantica,Igneous Rock,Profile,YES,Midwest
637.0,240.0,29.0,13.0,5.2,44.1,1,1,0,1,1,1,Savannah,Cerrado,Igneous Rock,Auger,NO,Midwest
411.1,424.6,35.0,21.2,11.6,79.2,0,0,0,0,0,0,Areas of Ecological Tension,Cerrado,Igneous Rock,Auger,NO,Midwest
40.0,790.0,28.0,24.0,10.0,79.0,0,0,0,0,0,0,Seasonal Semideciduous Forest,Mata Atlantica,Igneous Rock,Auger,NO,Midwest
170.0,710.0,30.0,31.0,14.0,80.4,0,0,0,0,0,0,Seasonal Semideciduous Forest,Mata Atlantica,Igneous Rock,Profile,YES,Midwest
823.0,162.0,6.6666665,4.0,2.0,26.1,0,0,0,0,0,0,Seasonal Semideciduous Forest,Mata Atlantica,Sedimentary Rock,Auger,NO,Midwest
697.3,249.8,15.7,22.0,10.7,68.3,0,0,0,0,0,0,Areas of Ecological Tension,Cerrado,Igneous Rock,Auger,NO,Midwest
860.0,120.0,15.0,7.0,7.0,52.1,0,0,0,0,0,0,Areas of Pioneering Formation,Mata Atlantica,Igneous Rock,Profile,YES,Midwest
260.0,390.0,36.0,74.0,36.0,129.6,0,0,0,0,0,0,Savannah,Cerrado,Igneous Rock,Auger,NO,Midwest
290.0,430.0,29.0,13.0,3.0,62.5,0,0,0,0,0,0,Savannah,Cerrado,Igneous Rock,Auger,NO,Midwest
603.0,305.0,25.0,39.2,12.3,57.8,0,0,0,0,0,0,Savannah,Cerrado,Sedimentary Rock,Auger,NO,Midwest
891.0,90.0,9.1,2.7,1.3,17.7,0,0,0,0,0,0,Savannah,Cerrado,Sedimentary Rock,Auger,NO,Midwest
130.0,740.0,41.0,52.0,27.0,114.2,0,0,0,0,0,0,Seasonal Semideciduous Forest,Mata Atlantica,Igneous Rock,Auger,NO,Midwest
940.0,58.0,7.0,9.0,3.0,32.2,0,0,0,0,0,0,Desconhecido,Desconhecido,Desconhecido,Auger,NO,Midwest
919.0,60.0,8.3,12.3,5.8,26.4,0,0,0,0,0,0,Savannah,Cerrado,Sedimentary Rock,Auger,NO,Midwest
800.0,129.0,12.0,20.0,8.0,48.3,0,0,0,0,0,0,Areas of Ecological Tension,Cerrado,Sedimentary Rock,Auger,NO,Midwest
630.0,298.0,7.0,3.0,1.0,29.1,0,0,0,0,0,0,Areas of Ecological Tension,Cerrado,Sedimentary Rock,Auger,NO,Midwest
800.0,155.0,15.0,16.0,7.0,44.1,0,0,0,0,0,0,Areas of Ecological Tension,Cerrado,Sedimentary Rock,Auger,NO,Midwest
716.0,265.0,14.3,6.3,3.8,32.4,0,0,0,0,0,0,Savannah,Cerrado,Sedimentary Rock,Auger,NO,Midwest
560.2,374.9,25.5,16.9,7.5,61.5,0,0,0,0,0,0,Areas of Ecological Tension,Cerrado,Igneous Rock,Auger,NO,Midwest
330.0,500.0,12.0,4.0,2.0,44.1,0,0,0,0,0,0,Areas of Ecological Tension,Cerrado,Sedimentary Rock,Auger,NO,Midwest
884.0,85.0,16.0,11.6,7.4,27.8,0,0,0,0,0,0,Savannah,Cerrado,Sedimentary Rock,Auger,NO,Midwest
800.0,184.0,10.0,9.0,4.0,31.3,0,0,0,0,0,0,Areas of Ecological Tension,Cerrado,Sedimentary Rock,Auger,NO,Midwest
776.0,150.0,10.0,18.0,4.0,37.9,0,0,0,0,0,0,Desconhecido,Desconhecido,Desconhecido,Auger,NO,Midwest
330.0,442.0,26.0,26.0,16.0,62.6,0,0,0,0,0,0,Areas of Ecological Tension,Cerrado,Sedimentary Rock,Auger,NO,Midwest
898.0,90.0,8.1,6.5,2.1,24.6,0,0,0,0,0,0,Savannah,Cerrado,Sedimentary Rock,Auger,NO,Midwest
710.0,132.0,13.3,10.3,3.4,38.5,0,0,0,0,0,0,Desconhecido,Desconhecido,Desconhecido,Auger,NO,Midwest
897.0,55.0,12.0,97.6,4.1,103.1,0,0,0,0,0,0,Savannah,Cerrado,Sedimentary Rock,Auger,NO,Midwest
808.1,112.4,18.1,39.7,10.6,65.1,0,0,0,0,0,0,Areas of Ecological Tension,Cerrado,Igneous Rock,Auger,NO,Midwest
637.0,240.0,32.0,13.0,5.2,44.1,1,1,0,1,1,1,Savannah,Cerrado,Igneous Rock,Auger,NO,Midwest
661.0,295.0,10.0,0.7,0.4,17.9,0,0,0,0,0,0,Savannah,Cerrado,Sedimentary Rock,Auger,NO,Midwest
547.4,324.7,30.9,32.6,13.0,80.6,0,0,0,0,0,0,Areas of Ecological Tension,Cerrado,Igneous Rock,Auger,NO,Midwest
240.0,620.0,19.0,9.0,5.0,50.1,0,0,0,0,0,0,Seasonal Semideciduous Forest,Mata Atlantica,Igneous Rock,Profile,YES,Midwest
724.0,184.0,19.0,12.0,3.0,38.5,0,0,0,0,0,0,Areas of Ecological Tension,Cerrado,Sedimentary Rock,Auger,NO,Midwest
874.2,87.4,13.0,27.4,6.0,52.2,0,0,0,0,0,0,Areas of Ecological Tension,Cerrado,Igneous Rock,Auger,NO,Midwest
780.3,174.7,17.8,38.6,5.9,63.1,0,0,0,0,0,0,Areas of Ecological Tension,Cerrado,Igneous Rock,Auger,NO,Midwest
894.0,88.0,8.6,6.0,3.0,20.7,0,0,0,0,0,0,Savannah,Cerrado,Sedimentary Rock,Auger,NO,Midwest
583.0,379.0,17.0,13.0,5.2,44.1,0,0,1,1,1,1,Savannah,Cerrado,Igneous Rock,Auger,NO,Midwest
885.0,85.0,14.0,10.0,2.2,29.2,0,0,0,0,0,0,Savannah,Cerrado,Sedimentary Rock,Auger,NO,Midwest
780.0,160.0,20.0,1.0,1.0,36.6,0,0,0,0,0,0,Areas of Pioneering Formation,Mata Atlantica,Igneous Rock,Auger,NO,Midwest
240.0,740.0,22.0,25.0,16.0,75.0,0,0,0,0,0,0,Savannah,Cerrado,Igneous Rock,Auger,NO,Midwest
830.0,139.0,18.0,8.0,4.0,32.1,0,0,0,0,0,0,Areas of Ecological Tension,Cerrado,Sedimentary Rock,Auger,NO,Midwest
637.0,240.0,14.0,13.0,5.2,44.1,1,1,0,1,1,1,Savannah,Cerrado,Igneous Rock,Auger,NO,Midwest
240.0,680.0,25.0,24.0,6.0,84.8,0,0,0,0,0,0,Savannah,Cerrado,Igneous Rock,Auger,NO,Midwest
847.0,119.0,8.1,1.5,0.8,22.6,0,0,0,0,0,0,Savannah,Cerrado,Sedimentary Rock,Auger,NO,Midwest
794.0,178.0,14.0,12.0,3.0,38.0,0,0,0,0,0,0,Areas of Ecological Tension,Cerrado,Sedimentary Rock,Auger,NO,Midwest
324.8,599.7,17.4,10.3,5.0,65.4,0,0,0,0,0,0,Areas of Ecological Tension,Cerrado,Igneous Rock,Auger,NO,Midwest
400.0,410.0,17.0,1.0,1.0,30.2,0,0,1,0,0,0,Savannah,Pantanal,Sedimentary Rock,Profile,NO,Midwest
580.0,304.0,9.0,4.0,3.0,27.3,0,0,0,0,0,0,Areas of Ecological Tension,Cerrado,Sedimentary Rock,Auger,NO,Midwest
905.0,95.0,9.0,0.9,0.5,21.2,0,0,0,0,0,0,Savannah,Cerrado,Sedimentary Rock,Auger,NO,Midwest
381.0,580.0,26.0,13.7,7.3,49.4,0,0,0,0,0,0,Savannah,Cerrado,Sedimentary Rock,Auger,NO,Midwest
806.0,133.0,16.0,22.0,7.0,54.9,0,0,0,0,0,0,Desconhecido,Desconhecido,Desconhecido,Auger,NO,Midwest
860.0,100.0,19.0,8.0,3.0,37.6,0,0,0,0,0,0,Areas of Pioneering Formation,Mata Atlantica,Igneous Rock,Auger,NO,Midwest
850.0,74.0,18.3,3.1,1.1,30.3,0,0,0,0,0,0,Desconhecido,Desconhecido,Desconhecido,Auger,NO,Midwest
110.0,760.0,30.0,8.0,6.0,73.7,0,0,0,0,0,0,Savannah,Cerrado,Igneous Rock,Profile,YES,Midwest
926.0,68.0,10.6,8.8,0.9,26.4,0,0,0,0,0,0,Savannah,Cerrado,Sedimentary Rock,Auger,NO,Midwest
921.0,69.0,7.0,3.0,2.0,25.0,0,0,0,0,0,0,Desconhecido,Desconhecido,Desconhecido,Auger,NO,Midwest
682.0,270.0,15.0,3.9,1.5,26.9,0,0,0,0,0,0,Savannah,Cerrado,Sedimentary Rock,Auger,NO,Midwest
527.2,399.7,25.0,35.0,15.9,77.0,0,0,0,0,0,0,Areas of Ecological Tension,Cerrado,Igneous Rock,Auger,NO,Midwest
619.8,224.8,25.8,13.9,5.0,62.1,0,0,0,0,0,0,Areas of Ecological Tension,Cerrado,Igneous Rock,Auger,NO,Midwest
850.0,136.0,8.0,4.0,3.0,22.1,0,0,0,0,0,0,Areas of Ecological Tension,Cerrado,Sedimentary Rock,Auger,NO,Midwest
230.0,620.0,45.0,34.0,11.0,120.9,0,0,0,0,0,0,Savannah,Cerrado,Igneous Rock,Profile,YES,Midwest
810.1,149.9,16.2,13.1,6.7,33.6,0,0,0,0,0,0,Areas of Ecological Tension,Cerrado,Igneous Rock,Auger,NO,Midwest
240.0,550.0,35.0,18.0,9.0,89.5,0,0,0,0,0,0,Seasonal Semideciduous Forest,Mata Atlantica,Igneous Rock,Auger,NO,Midwest
901.0,75.0,9.0,10.9,4.4,23.9,0,0,0,0,0,0,Savannah,Cerrado,Sedimentary Rock,Auger,NO,Midwest
572.0,350.0,24.0,18.0,11.0,68.8,0,0,0,0,0,0,Areas of Ecological Tension,Cerrado,Igneous Rock,Auger,NO,Midwest
100.0,800.0,31.0,14.0,6.0,87.6,0,0,0,0,0,0,Savannah,Cerrado,Igneous Rock,Auger,NO,Midwest
637.0,240.0,18.0,13.0,5.2,44.1,1,1,0,1,1,1,Savannah,Cerrado,Igneous Rock,Auger,NO,Midwest
860.0,120.0,11.0,1.0,1.0,24.8,0,0,0,0,0,0,Areas of Pioneering Formation,Mata Atlantica,Igneous Rock,Auger,NO,Midwest
776.0,188.0,6.6,1.4,0.5,20.4,0,0,0,0,0,0,Desconhecido,Desconhecido,Desconhecido,Auger,NO,Midwest
140.0,730.0,8.0,6.0,5.0,46.1,0,0,0,0,0,0,Seasonal Semideciduous Forest,Mata Atlantica,Igneous Rock,Profile,YES,Midwest
484.4,386.9,25.0,27.0,10.8,68.5,0,0,0,0,0,0,Areas of Ecological Tension,Cerrado,Igneous Rock,Auger,NO,Midwest
861.7,99.9,14.6,6.0,4.0,34.9,0,0,0,0,0,0,Areas of Ecological Tension,Cerrado,Igneous Rock,Auger,NO,Midwest
300.0,560.0,22.0,8.0,3.0,74.9,0,0,0,0,0,0,Savannah,Cerrado,Igneous Rock,Auger,NO,Midwest
913.0,50.0,10.0,4.0,1.4,19.1,0,0,0,0,0,0,Savannah,Cerrado,Sedimentary Rock,Auger,NO,Midwest
884.5,100.0,16.3,3.4,1.5,37.0,0,0,0,0,0,0,Areas of Ecological Tension,Cerrado,Igneous Rock,Auger,NO,Midwest
310.0,590.0,32.0,29.0,4.0,107.6,0,0,0,0,0,0,Savannah,Cerrado,Igneous Rock,Auger,NO,Midwest
880.0,100.0,15.0,1.0,1.0,33.4,0,0,0,0,0,0,Areas of Pioneering Formation,Mata Atlantica,Igneous Rock,Auger,NO,Midwest
860.0,132.0,11.0,11.0,5.0,36.7,0,0,0,0,0,0,Areas of Ecological Tension,Cerrado,Sedimentary Rock,Auger,NO,Midwest
780.0,160.0,21.0,1.0,2.0,51.5,0,0,0,0,0,0,Areas of Pioneering Formation,Mata Atlantica,Igneous Rock,Auger,NO,Midwest
853.0,110.0,12.0,13.0,3.0,35.8,0,0,0,0,0,0,Desconhecido,Desconhecido,Desconhecido,Auger,NO,Midwest
400.0,530.0,25.0,20.5,5.9,55.4,0,0,0,0,0,0,Savannah,Cerrado,Sedimentary Rock,Auger,NO,Midwest
30.0,800.0,35.0,23.0,9.0,98.7,0,0,0,0,0,0,Savannah,Cerrado,Igneous Rock,Profile,YES,Midwest
918.0,73.0,7.6,5.4,2.2,16.0,0,0,0,0,0,0,Savannah,Cerrado,Sedimentary Rock,Auger,NO,Midwest
786.0,198.0,11.6,7.8,4.1,29.0,0,0,0,0,0,0,Savannah,Cerrado,Sedimentary Rock,Auger,NO,Midwest
800.0,140.0,10.0,7.0,2.0,38.4,0,0,0,0,0,0,Areas of Pioneering Formation,Mata Atlantica,Igneous Rock,Profile,YES,Midwest
130.0,770.0,34.0,21.0,12.0,73.0,0,0,0,0,0,0,Seasonal Semideciduous Forest,Mata Atlantica,Igneous Rock,Auger,NO,Midwest
808.7,162.3,18.6,13.1,7.1,42.6,0,0,0,0,0,0,Areas of Ecological Tension,Cerrado,Igneous Rock,Auger,NO,Midwest
520.0,380.0,23.0,14.0,7.0,49.2,0,0,0,0,0,0,Savannah,Cerrado,Igneous Rock,Auger,NO,Midwest
686.0,229.0,18.0,17.0,5.0,46.2,0,0,0,0,0,0,Areas of Ecological Tension,Cerrado,Sedimentary Rock,Auger,NO,Midwest
840.0,100.0,9.0,1.0,1.0,28.1,0,0,0,0,0,0,Areas of Pioneering Formation,Mata Atlantica,Igneous Rock,Auger,NO,Midwest
425.3,412.3,23.2,10.0,5.5,83.9,0,0,0,0,0,0,Areas of Ecological Tension,Cerrado,Igneous Rock,Auger,NO,Midwest
821.1,149.9,17.6,24.8,12.0,52.3,0,0,0,0,0,0,Areas of Ecological Tension,Cerrado,Igneous Rock,Auger,NO,Midwest
840.0,100.0,17.0,1.0,1.0,45.2,0,0,0,0,0,0,Areas of Pioneering Formation,Mata Atlantica,Igneous Rock,Auger,NO,Midwest
862.0,80.0,8.0,2.0,2.0,18.7,0,0,0,0,0,0,Desconhecido,Desconhecido,Desconhecido,Auger,NO,Midwest
590.2,349.8,22.5,20.5,10.0,83.7,0,0,0,0,0,0,Areas of Ecological Tension,Cerrado,Igneous Rock,Auger,NO,Midwest
190.0,690.0,36.0,25.0,11.0,87.0,0,0,0,0,0,0,Savannah,Cerrado,Igneous Rock,Auger,NO,Midwest
730.0,172.0,14.0,15.0,6.0,49.6,0,0,0,0,0,0,Areas of Ecological Tension,Cerrado,Sedimentary Rock,Auger,NO,Midwest
422.9,449.3,29.1,35.6,18.2,84.8,0,0,0,0,0,0,Areas of Ecological Tension,Cerrado,Igneous Rock,Auger,NO,Midwest
393.1,474.5,32.6,38.5,13.7,84.2,0,0,0,0,0,0,Areas of Ecological Tension,Cerrado,Igneous Rock,Auger,NO,Midwest
884.0,92.0,8.1,0.3,0.2,16.1,0,0,0,0,0,0,Savannah,Cerrado,Sedimentary Rock,Auger,NO,Midwest
606.5,299.6,23.0,47.3,15.3,88.5,0,0,0,0,0,0,Areas of Ecological Tension,Cerrado,Igneous Rock,Auger,NO,Midwest
865.2,74.9,15.1,3.3,2.0,27.1,0,0,0,0,0,0,Areas of Ecological Tension,Cerrado,Igneous Rock,Auger,NO,Midwest
150.0,650.0,38.0,12.0,7.0,73.5,0,0,0,0,0,0,Seasonal Semideciduous Forest,Mata Atlantica,Igneous Rock,Auger,NO,Midwest
270.0,510.0,35.0,31.0,15.0,78.3,0,0,0,0,0,0,Areas of Ecological Tension,Cerrado,Sedimentary Rock,Auger,NO,Midwest
376.0,530.0,17.0,13.0,5.2,44.1,0,0,1,1,1,1,Savannah,Cerrado,Igneous Rock,Auger,NO,Midwest
859.0,118.0,12.0,15.0,7.0,31.5,0,0,0,0,0,0,Areas of Ecological Tension,Cerrado,Sedimentary Rock,Auger,NO,Midwest
843.5,125.0,18.1,15.0,7.4,43.7,0,0,0,0,0,0,Areas of Ecological Tension,Cerrado,Igneous Rock,Auger,NO,Midwest
796.0,123.0,14.1,4.0,1.0,35.3,0,0,0,0,0,0,Desconhecido,Desconhecido,Desconhecido,Auger,NO,Midwest
711.1,199.9,15.5,11.6,5.8,43.6,0,0,0,0,0,0,Areas of Ecological Tension,Cerrado,Igneous Rock,Auger,NO,Midwest
140.0,740.0,34.0,27.0,11.0,114.5,0,0,0,0,0,0,Savannah,Cerrado,Igneous Rock,Auger,NO,Midwest
300.0,620.0,27.0,22.0,9.0,75.4,0,0,0,0,0,0,Savannah,Cerrado,Igneous Rock,Auger,NO,Midwest
881.0,95.0,10.0,3.0,2.0,22.7,0,0,0,0,0,0,Savannah,Cerrado,Sedimentary Rock,Auger,NO,Midwest
264.0,631.0,17.0,13.0,5.2,44.1,0,0,1,1,1,1,Savannah,Cerrado,Igneous Rock,Auger,NO,Midwest
592.0,377.0,17.0,13.0,5.2,44.1,0,0,1,1,1,1,Savannah,Cerrado,Igneous Rock,Auger,NO,Midwest
860.0,129.0,9.0,10.0,4.0,36.3,0,0,0,0,0,0,Seasonal Semideciduous Forest,Mata Atlantica,Sedimentary Rock,Auger,NO,Midwest
175.30328,692.04443,31.0,13.0,5.2,44.1,0,0,0,1,1,1,Savannah,Cerrado,Sedimentary Rock,Profile,NO,Midwest
218.0,619.0,17.0,13.0,5.2,44.1,0,0,1,1,1,1,Savannah,Cerrado,Igneous Rock,Auger,NO,Midwest
887.5,75.0,12.5,11.6,2.8,31.8,0,0,0,0,0,0,Areas of Ecological Tension,Cerrado,Igneous Rock,Auger,NO,Midwest
465.6,372.8,47.9,13.0,5.2,44.1,0,0,0,1,1,1,Areas of Ecological Tension,Cerrado,Sedimentary Rock,Profile,NO,Midwest
819.6,124.9,20.0,28.2,10.6,58.2,0,0,0,0,0,0,Areas of Ecological Tension,Cerrado,Igneous Rock,Auger,NO,Midwest
280.0,680.0,20.0,40.0,13.0,86.2,0,0,0,0,0,0,Savannah,Cerrado,Igneous Rock,Auger,NO,Midwest
110.0,710.0,40.0,74.0,4.0,114.3,0,0,0,0,0,0,Seasonal Semideciduous Forest,Mata Atlantica,Igneous Rock,Auger,NO,Midwest
370.0,470.0,24.0,31.0,5.0,82.5,0,0,0,0,0,0,Savannah,Cerrado,Igneous Rock,Auger,NO,Midwest
856.6,74.9,13.6,5.9,0.7,35.5,0,0,0,0,0,0,Areas of Ecological Tension,Cerrado,Igneous Rock,Auger,NO,Midwest
282.0,647.0,17.0,13.0,5.2,44.1,0,0,1,1,1,1,Savannah,Cerrado,Igneous Rock,Auger,NO,Midwest
537.0,414.0,17.0,13.0,5.2,44.1,0,0,1,1,1,1,Savannah,Cerrado,Igneous Rock,Auger,NO,Midwest
882.0,75.0,11.0,13.7,4.0,24.6,0,0,0,0,0,0,Savannah,Cerrado,Sedimentary Rock,Auger,NO,Midwest
180.0,670.0,22.0,18.0,10.0,81.6,0,0,0,0,0,0,Seasonal Semideciduous Forest,Mata Atlantica,Igneous Rock,Profile,YES,Midwest
752.7,162.3,19.4,16.8,5.0,63.6,0,0,0,0,0,0,Areas of Ecological Tension,Cerrado,Igneous Rock,Auger,NO,Midwest
724.9,149.8,13.3,18.0,5.2,40.2,0,0,0,0,0,0,Areas of Ecological Tension,Cerrado,Igneous Rock,Auger,NO,Midwest
233.0,510.0,59.0,74.0,15.0,134.1,0,0,0,0,0,0,Desconhecido,Desconhecido,Desconhecido,Auger,NO,Midwest
717.0,225.0,17.0,10.0,4.0,34.2,0,0,0,0,0,0,Desconhecido,Desconhecido,Desconhecido,Auger,NO,Midwest
200.0,660.0,23.0,19.0,9.0,71.7,0,0,0,0,0,0,Seasonal Semideciduous Forest,Mata Atlantica,Igneous Rock,Auger,NO,Midwest
90.0,690.0,53.0,16.0,11.0,129.8,0,0,0,0,0,0,Seasonal Semideciduous Forest,Mata Atlantica,Igneous Rock,Auger,NO,Midwest
790.0,203.0,14.0,9.0,5.0,25.3,0,0,0,0,0,0,Areas of Ecological Tension,Cerrado,Sedimentary Rock,Auger,NO,Midwest
409.0,460.0,11.0,6.0,3.0,9.5,0,0,0,0,0,0,Areas of Ecological Tension,Cerrado,Sedimentary Rock,Auger,NO,Midwest
847.0,140.0,12.3,9.1,3.5,28.2,0,0,0,0,0,0,Savannah,Cerrado,Sedimentary Rock,Auger,NO,Midwest
562.3,374.8,23.7,7.4,3.2,47.5,0,0,0,0,0,0,Areas of Ecological Tension,Cerrado,Igneous Rock,Auger,NO,Midwest
370.0,433.0,13.0,6.0,3.0,51.3,0,0,0,0,0,0,Areas of Ecological Tension,Cerrado,Sedimentary Rock,Auger,NO,Midwest
685.9,224.7,23.7,70.1,20.4,108.8,0,0,0,0,0,0,Areas of Ecological Tension,Cerrado,Igneous Rock,Auger,NO,Midwest
729.8,174.8,16.0,8.0,3.8,44.8,0,0,0,0,0,0,Areas of Ecological Tension,Cerrado,Igneous Rock,Auger,NO,Midwest
151.0,667.0,17.0,13.0,5.2,44.1,0,0,1,1,1,1,Savannah,Cerrado,Igneous Rock,Auger,NO,Midwest
590.0,285.0,17.0,23.0,16.0,54.3,0,0,0,0,0,0,Areas of Ecological Tension,Cerrado,Sedimentary Rock,Auger,NO,Midwest
816.0,152.0,10.6,1.1,1.5,21.0,0,0,0,0,0,0,Savannah,Cerrado,Sedimentary Rock,Auger,NO,Midwest
94.0,796.0,10.66,13.0,5.2,44.1,0,0,0,1,1,1,Savannah,Cerrado,Igneous Rock,Desconhecido,NO,Midwest
759.0,159.0,12.0,6.0,2.0,30.5,0,0,0,0,0,0,Areas of Ecological Tension,Cerrado,Sedimentary Rock,Auger,NO,Midwest
571.1,349.5,22.9,2.7,2.0,57.8,0,0,0,0,0,0,Areas of Ecological Tension,Cerrado,Igneous Rock,Auger,NO,Midwest
848.0,129.0,15.0,1.0,2.0,38.9,0,0,0,0,0,0,Desconhecido,Desconhecido,Desconhecido,Auger,NO,Midwest
814.5,125.0,20.0,29.3,6.7,62.9,0,0,0,0,0,0,Areas of Ecological Tension,Cerrado,Igneous Rock,Auger,NO,Midwest
820.0,120.0,7.0,1.0,1.0,23.0,0,0,0,0,0,0,Areas of Pioneering Formation,Mata Atlantica,Igneous Rock,Profile,YES,Midwest
912.0,70.0,9.0,4.0,2.0,17.3,0,0,0,0,0,0,Desconhecido,Desconhecido,Desconhecido,Auger,NO,Midwest
894.0,96.0,6.0,6.0,1.0,27.6,0,0,0,0,0,0,Desconhecido,Desconhecido,Desconhecido,Auger,NO,Midwest
850.0,138.0,14.8,13.0,5.2,44.1,0,0,0,1,1,1,Savannah,Cerrado,Sedimentary Rock,Auger,NO,Midwest
890.0,87.0,13.0,13.0,6.0,41.0,0,0,0,0,0,0,Areas of Ecological Tension,Cerrado,Sedimentary Rock,Auger,NO,Midwest
512.0,445.0,30.0,14.6,4.9,50.8,0,0,0,0,0,0,Savannah,Cerrado,Sedimentary Rock,Auger,NO,Midwest
830.0,149.0,9.0,13.0,6.0,33.6,0,0,0,0,0,0,Areas of Ecological Tension,Cerrado,Sedimentary Rock,Auger,NO,Midwest
731.0,250.0,26.0,15.0,6.8,47.2,0,0,0,0,0,0,Areas of Ecological Tension,Cerrado,Igneous Rock,Auger,NO,Midwest
820.0,140.0,10.0,1.0,1.0,30.9,0,0,0,0,0,0,Areas of Pioneering Formation,Mata Atlantica,Igneous Rock,Auger,NO,Midwest
800.0,120.0,18.0,7.0,3.0,53.5,0,0,0,0,0,0,Areas of Pioneering Formation,Mata Atlantica,Igneous Rock,Auger,NO,Midwest
637.0,240.0,34.0,13.0,5.2,44.1,1,1,0,1,1,1,Savannah,Cerrado,Igneous Rock,Auger,NO,Midwest
873.5,90.0,16.0,23.4,6.0,63.7,0,0,0,0,0,0,Areas of Ecological Tension,Cerrado,Igneous Rock,Auger,NO,Midwest
722.0,215.0,15.0,9.0,3.0,24.5,0,0,0,0,0,0,Desconhecido,Desconhecido,Desconhecido,Auger,NO,Midwest
880.0,100.0,15.0,1.0,1.0,33.4,0,0,0,0,0,0,Areas of Pioneering Formation,Mata Atlantica,Igneous Rock,Auger,NO,Midwest
913.0,65.0,11.0,4.7,4.1,19.5,0,0,0,0,0,0,Savannah,Cerrado,Sedimentary Rock,Auger,NO,Midwest
428.0,135.0,14.3,49.2,21.0,121.5,0,0,0,0,0,0,Desconhecido,Desconhecido,Desconhecido,Auger,NO,Midwest
100.0,730.0,47.0,84.0,20.0,147.9,0,0,0,0,0,0,Savannah,Cerrado,Igneous Rock,Profile,YES,Midwest
857.0,130.0,15.0,11.0,7.0,27.6,0,0,0,0,0,0,Desconhecido,Desconhecido,Desconhecido,Auger,NO,Midwest
803.8,174.7,15.1,14.6,8.0,47.2,0,0,0,0,0,0,Areas of Ecological Tension,Cerrado,Igneous Rock,Auger,NO,Midwest
180.0,670.0,28.0,19.0,8.0,68.5,0,0,0,0,0,0,Seasonal Semideciduous Forest,Mata Atlantica,Igneous Rock,Auger,NO,Midwest
899.0,75.0,11.8,6.0,3.2,26.8,0,0,0,0,0,0,Savannah,Cerrado,Sedimentary Rock,Auger,NO,Midwest
865.0,115.0,9.0,16.4,6.2,43.4,0,0,0,0,0,0,Savannah,Cerrado,Sedimentary Rock,Auger,NO,Midwest
930.0,68.0,8.8,1.4,1.2,24.9,0,0,0,0,0,0,Desconhecido,Desconhecido,Desconhecido,Auger,NO,Midwest
899.0,79.0,7.4,0.2,0.3,15.6,0,0,0,0,0,0,Savannah,Cerrado,Sedimentary Rock,Auger,NO,Midwest
461.3,449.8,26.1,34.0,8.5,75.1,0,0,0,0,0,0,Areas of Ecological Tension,Cerrado,Igneous Rock,Auger,NO,Midwest
340.0,300.0,17.0,4.0,1.0,76.7,0,0,1,0,0,0,Savannah,Pantanal,Sedimentary Rock,Profile,NO,Midwest
190.0,640.0,33.0,30.0,6.0,85.6,0,0,0,0,0,0,Seasonal Semideciduous Forest,Mata Atlantica,Igneous Rock,Profile,NO,Midwest
320.0,600.0,39.0,49.0,17.0,100.1,0,0,0,0,0,0,Savannah,Cerrado,Igneous Rock,Auger,NO,Midwest
919.0,60.0,11.0,18.2,3.2,33.4,0,0,0,0,0,0,Savannah,Cerrado,Sedimentary Rock,Auger,NO,Midwest
179.0,675.0,31.0,9.0,3.0,46.1,0,0,0,0,0,0,Desconhecido,Desconhecido,Desconhecido,Auger,NO,Midwest
320.0,560.0,34.0,24.0,10.0,92.7,0,0,0,0,0,0,Savannah,Cerrado,Igneous Rock,Profile,YES,Midwest
317.0,500.0,22.4,25.0,6.0,79.3,0,0,0,0,0,0,Areas of Ecological Tension,Cerrado,Igneous Rock,Auger,NO,Midwest
640.0,260.0,19.0,9.0,9.0,44.9,0,0,0,0,0,0,Savannah,Cerrado,Igneous Rock,Auger,NO,Midwest
637.0,240.0,24.0,13.0,5.2,44.1,1,1,0,1,1,1,Savannah,Cerrado,Igneous Rock,Auger,NO,Midwest
545.0,237.0,17.0,0.6,1.5,12.51,0,0,1,0,0,0,Savannah,Amazonia,Metamorphic Rock,Desconhecido,NO,North
660.0,300.0,20.0,2.0,1.0,34.4,0,0,0,0,0,0,Desconhecido,Amazonia,Igneous Rock,Auger,NO,North
580.0,400.0,26.0,2.0,1.0,55.3,0,0,0,0,0,0,Desconhecido,Amazonia,Igneous Rock,Auger,NO,North
460.0,490.0,21.0,27.0,22.0,88.0,0,0,0,0,0,0,Savannah,Amazonia,Sedimentary Rock,Auger,NO,North
300.0,398.0,17.0,0.7,0.3,12.24,0,0,1,0,0,0,Savannah,Amazonia,Metamorphic Rock,Auger,NO,North
525.0,221.0,17.0,3.3,8.1,15.08,0,0,1,0,0,0,Savannah,Amazonia,Metamorphic Rock,Desconhecido,NO,North
580.0,360.0,20.0,6.0,4.0,53.4,0,0,0,0,0,0,Savannah,Amazonia,Sedimentary Rock,Auger,NO,North
600.0,340.0,17.0,8.0,6.0,52.4,0,0,0,0,0,0,Savannah,Amazonia,Sedimentary Rock,Auger,NO,North
359.0,444.0,17.0,0.1,0.6,7.48,0,0,1,0,0,0,Savannah,Amazonia,Metamorphic Rock,Desconhecido,NO,North
491.0,343.0,17.0,0.3,0.6,6.2,0,0,1,0,0,0,Savannah,Amazonia,Metamorphic Rock,Desconhecido,NO,North
680.0,280.0,7.0,1.0,1.0,36.4,0,0,0,0,0,0,Savannah,Amazonia,Sedimentary Rock,Auger,NO,North
310.0,650.0,31.0,3.0,1.0,62.5,0,0,0,0,0,0,Savannah,Amazonia,Sedimentary Rock,Auger,NO,North
710.0,250.0,7.0,1.0,1.0,27.1,0,0,0,0,0,0,Desconhecido,Amazonia,Igneous Rock,Auger,NO,North
410.0,570.0,26.0,4.0,1.0,57.2,0,0,0,0,0,0,Desconhecido,Amazonia,Igneous Rock,Auger,NO,North
360.0,580.0,17.0,1.0,1.0,54.4,0,0,0,0,0,0,Savannah,Amazonia,Sedimentary Rock,Auger,NO,North
129.0,354.0,17.0,1.4,2.3,13.55,0,0,1,0,0,0,Savannah,Amazonia,Metamorphic Rock,Auger,NO,North
631.67,260.0,18.29,8.2,2.5,56.3,0,0,0,0,0,0,Open Ombrophylous Forest,Amazonia,Metamorphic Rock,Auger,NO,North
200.0,360.0,48.3,19.1,5.7,24.8,0,0,0,0,0,0,Dense Ombrophylous Forest,Amazonia,Igneous Rock,Auger,NO,North
700.0,240.0,20.0,1.0,1.0,66.7,0,0,0,0,0,0,Savannah,Amazonia,Igneous Rock,Auger,NO,North
26.666666,652.13336,17.0,13.0,5.2,44.1,0,0,1,1,1,1,Areas of Ecological Tension,Amazonia,Sedimentary Rock,Auger,NO,North
410.0,510.0,13.0,1.0,1.0,40.3,0,0,0,0,0,0,Savannah,Amazonia,Sedimentary Rock,Auger,NO,North
640.0,300.0,9.0,6.0,1.0,32.8,0,0,0,0,0,0,Savannah,Amazonia,Igneous Rock,Auger,NO,North
89.19,847.95,21.08,0.8,1.8,57.4,0,0,0,0,0,0,Desconhecido,Amazonia,Sedimentary Rock,Auger,YES,North
740.0,200.0,7.0,5.0,1.0,40.3,0,0,0,0,0,0,Savannah,Amazonia,Igneous Rock,Auger,NO,North
680.0,260.0,17.9,2.9,1.6,4.5,0,0,0,0,0,0,Areas of Ecological Tension,Amazonia,Sedimentary Rock,Profile,NO,North
16.76,696.68,8.79,93.0,12.7,163.2,0,0,0,0,0,0,Dense Ombrophylous Forest,Amazonia,Igneous Rock,Auger,NO,North
260.0,550.0,25.7,1.4,0.9,2.3,0,0,0,0,0,0,Dense Ombrophylous Forest,Amazonia,Igneous Rock,Profile,NO,North
660.0,240.0,17.0,1.0,1.0,27.6,0,0,0,0,0,0,Savannah,Amazonia,Igneous Rock,Auger,NO,North
340.0,620.0,34.0,1.0,1.0,102.1,0,0,0,0,0,0,Desconhecido,Amazonia,Igneous Rock,Auger,NO,North
720.0,160.0,13.0,6.0,1.0,41.4,0,0,0,0,0,0,Savannah,Amazonia,Igneous Rock,Auger,NO,North
319.0,418.0,17.0,0.3,0.4,4.52,0,0,1,0,0,0,Savannah,Amazonia,Metamorphic Rock,Desconhecido,NO,North
440.0,340.0,7.0,1.0,1.0,33.1,0,0,0,0,0,0,Savannah,Amazonia,Igneous Rock,Auger,NO,North
452.86,340.27,10.11,2.42,1.15,69.05,0,0,0,0,0,0,Dense Ombrophylous Forest,Amazonia,Igneous Rock,Auger,NO,North
630.0,310.0,22.9,5.7,1.0,6.7,0,0,0,0,0,0,Dense Ombrophylous Forest,Amazonia,Igneous Rock,Profile,NO,North
700.0,260.0,15.0,6.0,1.0,45.5,0,0,0,0,0,0,Savannah,Amazonia,Igneous Rock,Auger,NO,North
640.0,320.0,18.0,1.0,1.0,54.3,0,0,0,0,0,0,Savannah,Amazonia,Igneous Rock,Auger,NO,North
73.93,141.18,17.67,19.9,2.5,59.2,0,0,0,0,0,0,Desconhecido,Amazonia,Sedimentary Rock,Auger,NO,North
378.0,347.0,17.0,0.1,0.8,9.58,0,0,1,0,0,0,Savannah,Amazonia,Metamorphic Rock,Auger,NO,North
660.0,160.0,20.0,2.0,1.0,37.6,0,0,0,0,0,0,Savannah,Amazonia,Igneous Rock,Auger,NO,North
470.0,510.0,20.0,2.0,1.0,62.9,0,0,0,0,0,0,Desconhecido,Amazonia,Igneous Rock,Auger,NO,North
700.0,260.0,13.0,4.0,3.0,26.1,0,0,0,0,0,0,Desconhecido,Amazonia,Igneous Rock,Auger,NO,North
650.0,310.0,10.0,1.0,1.0,33.1,0,0,0,0,0,0,Desconhecido,Amazonia,Igneous Rock,Auger,NO,North
337.0,351.0,17.0,0.6,0.6,11.19,0,0,1,0,0,0,Savannah,Amazonia,Metamorphic Rock,Auger,NO,North
300.0,680.0,21.0,3.0,1.0,56.4,0,0,0,0,0,0,Savannah,Amazonia,Sedimentary Rock,Auger,NO,North
310.0,650.0,29.0,1.0,2.0,91.3,0,0,0,0,0,0,Savannah,Amazonia,Igneous Rock,Auger,NO,North
44.29,700.3,11.16,3.3,4.7,25.0,0,0,0,0,0,0,Areas of Ecological Tension,Amazonia,Sedimentary Rock,Auger,NO,North
317.95,368.51,6.14,15.3,16.7,135.9,0,0,0,0,0,0,Dense Ombrophylous Forest,Amazonia,Sedimentary Rock,Auger,NO,North
344.06,349.8,31.62,0.9,1.8,84.6,0,0,0,0,0,0,Dense Ombrophylous Forest,Amazonia,Metamorphic Rock,Auger,YES,North
540.0,380.0,13.0,3.0,2.0,28.5,0,0,0,0,0,0,Desconhecido,Amazonia,Igneous Rock,Auger,NO,North
510.0,350.0,41.3,11.5,4.1,15.6,0,0,0,0,0,0,Areas of Ecological Tension,Amazonia,Sedimentary Rock,Auger,YES,North
780.0,200.0,18.0,5.0,1.0,45.5,0,0,0,0,0,0,Desconhecido,Amazonia,Igneous Rock,Auger,NO,North
539.59,239.33,6.93,4.3,15.7,110.9,0,0,0,0,0,0,Dense Ombrophylous Forest,Amazonia,Igneous Rock,Auger,NO,North
620.0,340.0,7.0,1.0,1.0,22.4,0,0,0,0,0,0,Savannah,Amazonia,Igneous Rock,Auger,NO,North
646.6667,20.0,17.0,13.0,5.2,44.1,0,0,1,1,1,1,Savannah,Cerrado,Sedimentary Rock,Profile,YES,North
820.0,160.0,16.0,1.0,1.0,33.5,0,0,0,0,0,0,Savannah,Amazonia,Igneous Rock,Auger,NO,North
430.0,510.0,8.0,2.0,1.0,34.2,0,0,0,0,0,0,Savannah,Amazonia,Sedimentary Rock,Auger,NO,North
36.0,236.0,17.0,1.1,1.0,19.52,0,0,1,0,0,0,Savannah,Amazonia,Metamorphic Rock,Auger,NO,North
640.0,300.0,16.0,6.0,3.0,51.4,0,0,0,0,0,0,Savannah,Amazonia,Sedimentary Rock,Auger,NO,North
760.0,180.0,19.0,1.0,1.0,60.1,0,0,0,0,0,0,Savannah,Amazonia,Igneous Rock,Auger,NO,North
600.0,360.0,26.0,12.0,4.0,68.5,0,0,0,0,0,0,Savannah,Amazonia,Igneous Rock,Auger,NO,North
720.0,200.0,28.0,2.0,1.0,75.8,0,0,0,0,0,0,Savannah,Amazonia,Igneous Rock,Auger,NO,North
895.14,77.27,13.27,7.0,2.7,41.2,0,0,0,0,0,0,Open Ombrophylous Forest,Amazonia,Igneous Rock,Auger,NO,North
370.0,470.0,15.0,8.8,6.2,15.0,0,0,0,0,0,0,Areas of Ecological Tension,Amazonia,Sedimentary Rock,Auger,YES,North
760.0,180.0,15.0,5.0,1.0,44.2,0,0,0,0,0,0,Savannah,Amazonia,Igneous Rock,Auger,NO,North
347.0,422.0,17.0,0.6,1.0,7.93,0,0,1,0,0,0,Savannah,Amazonia,Metamorphic Rock,Desconhecido,NO,North
680.0,280.0,12.0,4.0,2.0,40.4,0,0,0,0,0,0,Savannah,Amazonia,Sedimentary Rock,Auger,NO,North
760.0,190.0,30.3,26.2,11.9,38.1,0,0,0,0,0,0,Dense Ombrophylous Forest,Amazonia,Igneous Rock,Profile,NO,North
620.0,340.0,19.0,1.0,1.0,60.4,0,0,0,0,0,0,Savannah,Amazonia,Igneous Rock,Auger,NO,North
720.0,260.0,20.0,1.0,1.0,35.3,0,0,0,0,0,0,Desconhecido,Amazonia,Igneous Rock,Auger,NO,North
400.0,560.0,23.0,1.0,1.0,58.1,0,0,0,0,0,0,Desconhecido,Amazonia,Igneous Rock,Auger,NO,North
740.0,160.0,17.0,1.0,1.0,44.4,0,0,0,0,0,0,Savannah,Amazonia,Igneous Rock,Auger,NO,North
640.01,261.36,15.76,41.0,1.3,156.7,0,0,0,0,0,0,Open Ombrophylous Forest,Amazonia,Igneous Rock,Auger,NO,North
640.0,290.0,38.9,8.0,3.8,11.8,0,0,0,0,0,0,Dense Ombrophylous Forest,Amazonia,Igneous Rock,Auger,NO,North
470.0,480.0,23.0,8.0,1.0,55.2,0,0,0,0,0,0,Desconhecido,Amazonia,Igneous Rock,Auger,NO,North
800.0,140.0,20.0,10.0,1.0,45.4,0,0,0,0,0,0,Savannah,Amazonia,Igneous Rock,Auger,NO,North
680.0,300.0,31.0,1.0,1.0,56.3,0,0,0,0,0,0,Desconhecido,Amazonia,Igneous Rock,Auger,NO,North
820.0,160.0,20.0,8.0,4.0,45.1,0,0,0,0,0,0,Desconhecido,Amazonia,Igneous Rock,Auger,NO,North
330.0,620.0,26.0,1.0,1.0,65.1,0,0,0,0,0,0,Desconhecido,Amazonia,Igneous Rock,Auger,NO,North
389.29,363.0,11.55,3.92,3.32,72.95,0,0,0,0,0,0,Dense Ombrophylous Forest,Amazonia,Igneous Rock,Auger,YES,North
880.0,80.0,8.888889,1.0,1.0,33.5,0,0,0,0,0,0,Savannah,Amazonia,Sedimentary Rock,Auger,NO,North
469.0,95.0,17.0,0.4,0.9,14.26,0,0,1,0,0,0,Savannah,Amazonia,Metamorphic Rock,Auger,NO,North
205.74,366.26,12.38,56.7,31.0,130.6,0,0,0,0,0,0,Dense Ombrophylous Forest,Amazonia,Igneous Rock,Auger,NO,North
560.61,300.44,6.72,9.3,4.3,94.7,0,0,0,0,0,0,Dense Ombrophylous Forest,Amazonia,Igneous Rock,Auger,YES,North
406.48,383.0,5.54,3.71,2.14,34.6,0,0,0,0,0,0,Dense Ombrophylous Forest,Amazonia,Metamorphic Rock,Auger,NO,North
760.0,200.0,20.0,7.0,2.0,56.4,0,0,0,0,0,0,Savannah,Amazonia,Igneous Rock,Auger,NO,North
330.0,590.0,21.0,1.0,1.0,49.5,0,0,0,0,0,0,Savannah,Amazonia,Igneous Rock,Auger,NO,North
421.0,366.0,17.0,0.1,0.7,9.06,0,0,1,0,0,0,Savannah,Amazonia,Metamorphic Rock,Desconhecido,NO,North
700.0,240.0,21.0,1.0,1.0,44.1,0,0,0,0,0,0,Desconhecido,Amazonia,Igneous Rock,Auger,NO,North
700.0,240.0,20.0,7.0,7.0,39.7,0,0,0,0,0,0,Savannah,Amazonia,Igneous Rock,Auger,NO,North
570.0,200.0,28.0,20.0,16.0,70.7,0,0,0,0,0,0,Savannah,Amazonia,Igneous Rock,Auger,NO,North
410.0,460.0,24.8,39.0,12.4,51.4,0,0,0,0,0,0,Dense Ombrophylous Forest,Amazonia,Igneous Rock,Auger,NO,North
740.0,220.0,12.0,1.0,1.0,36.1,0,0,0,0,0,0,Savannah,Amazonia,Igneous Rock,Auger,NO,North
90.0,890.0,11.0,1.0,1.0,36.1,0,0,0,0,0,0,Savannah,Amazonia,Sedimentary Rock,Auger,NO,North
710.0,280.0,35.1,12.5,11.5,24.0,0,0,0,0,0,0,Dense Ombrophylous Forest,Amazonia,Igneous Rock,Auger,NO,North
800.0,180.0,5.3333335,13.0,5.2,44.1,0,0,0,1,1,1,Dense Ombrophylous Forest,Amazonia,Igneous Rock,Profile,NO,North
600.0,300.0,29.6,14.7,4.7,19.4,0,0,0,0,0,0,Dense Ombrophylous Forest,Amazonia,Igneous Rock,Auger,NO,North
610.0,350.0,18.0,1.0,1.0,32.1,0,0,0,0,0,0,Desconhecido,Amazonia,Igneous Rock,Auger,NO,North
540.0,420.0,11.0,82.0,1.0,105.6,0,0,0,0,0,0,Savannah,Amazonia,Igneous Rock,Auger,NO,North
580.0,380.0,10.0,1.0,1.0,36.1,0,0,0,0,0,0,Desconhecido,Amazonia,Igneous Rock,Auger,NO,North
840.0,140.0,19.0,1.0,1.0,40.4,0,0,0,0,0,0,Savannah,Amazonia,Igneous Rock,Auger,NO,North
476.0,383.0,17.0,5.7,5.3,12.95,0,0,1,0,0,0,Savannah,Amazonia,Metamorphic Rock,Auger,NO,North
350.0,384.0,10.83,16.43,17.92,76.81,0,0,0,0,0,0,Dense Ombrophylous Forest,Amazonia,Sedimentary Rock,Auger,NO,North
550.0,210.0,34.3,29.7,3.0,32.7,0,0,0,0,0,0,Dense Ombrophylous Forest,Amazonia,Igneous Rock,Auger,NO,North
650.62,209.45,27.59,2.2,3.7,67.0,0,0,0,0,0,0,Areas of Ecological Tension,Amazonia,Metamorphic Rock,Auger,YES,North
470.0,480.0,18.0,2.0,2.0,43.9,0,0,0,0,0,0,Desconhecido,Amazonia,Igneous Rock,Auger,NO,North
573.0,145.0,17.0,0.6,0.7,9.74,0,0,1,0,0,0,Savannah,Amazonia,Metamorphic Rock,Auger,NO,North
382.0,325.0,17.0,0.2,1.0,11.44,0,0,1,0,0,0,Savannah,Amazonia,Metamorphic Rock,Auger,NO,North
540.0,440.0,20.0,4.0,1.0,47.1,0,0,0,0,0,0,Desconhecido,Amazonia,Igneous Rock,Auger,NO,North
600.0,360.0,16.0,1.0,1.0,44.4,0,0,0,0,0,0,Savannah,Amazonia,Igneous Rock,Auger,NO,North
305.0,454.0,17.0,0.2,0.2,5.86,0,0,1,0,0,0,Savannah,Amazonia,Metamorphic Rock,Desconhecido,NO,North
680.0,260.0,26.0,1.0,1.0,49.5,0,0,0,0,0,0,Savannah,Amazonia,Igneous Rock,Auger,NO,North
680.0,320.0,36.7,11.1,4.2,15.3,0,0,0,0,0,0,Dense Ombrophylous Forest,Amazonia,Igneous Rock,Auger,NO,North
570.0,270.0,27.2,8.4,2.9,11.3,0,0,0,0,0,0,Dense Ombrophylous Forest,Amazonia,Igneous Rock,Auger,YES,North
640.0,260.0,53.3,19.8,14.4,34.2,0,0,0,0,0,0,Dense Ombrophylous Forest,Amazonia,Igneous Rock,Auger,NO,North
740.0,220.0,20.0,6.0,2.0,28.6,0,0,0,0,0,0,Savannah,Amazonia,Igneous Rock,Auger,NO,North
620.0,360.0,23.0,2.0,2.0,42.2,0,0,0,0,0,0,Desconhecido,Amazonia,Igneous Rock,Auger,NO,North
720.0,230.0,23.4,1.1,0.4,15.0,0,0,0,0,0,0,Dense Ombrophylous Forest,Amazonia,Igneous Rock,Auger,NO,North
421.62,328.0,10.11,5.65,3.92,54.54,0,0,0,0,0,0,Dense Ombrophylous Forest,Amazonia,Metamorphic Rock,Auger,NO,North
640.0,300.0,9.0,1.0,1.0,24.3,0,0,0,0,0,0,Savannah,Amazonia,Igneous Rock,Auger,NO,North
560.0,245.0,17.0,0.6,1.4,10.68,0,0,1,0,0,0,Savannah,Amazonia,Metamorphic Rock,Auger,NO,North
550.0,310.0,17.9,3.4,2.2,5.6,0,0,0,0,0,0,Dense Ombrophylous Forest,Amazonia,Igneous Rock,Auger,YES,North
330.0,610.0,20.0,1.0,1.0,90.6,0,0,0,0,0,0,Savannah,Amazonia,Sedimentary Rock,Auger,NO,North
450.0,480.0,18.0,1.0,1.0,36.3,0,0,0,0,0,0,Savannah,Amazonia,Igneous Rock,Auger,NO,North
690.0,210.0,29.3,41.6,15.8,57.4,0,0,0,0,0,0,Dense Ombrophylous Forest,Amazonia,Igneous Rock,Auger,YES,North
637.0,240.0,17.0,0.3,0.91,96.01,1,1,1,0,0,0,Open Ombrophylous Forest,Amazonia,Igneous Rock,Auger,NO,North
440.0,540.0,20.0,2.0,1.0,56.4,0,0,0,0,0,0,Desconhecido,Amazonia,Igneous Rock,Auger,NO,North
690.0,210.0,12.5,8.1,5.1,13.2,0,0,0,0,0,0,Dense Ombrophylous Forest,Amazonia,Igneous Rock,Auger,YES,North
751.75,128.0,22.63,1.7,0.8,55.9,0,0,0,0,0,0,Desconhecido,Amazonia,Igneous Rock,Auger,NO,North
700.0,220.0,20.0,7.0,2.0,51.6,0,0,0,0,0,0,Savannah,Amazonia,Igneous Rock,Auger,NO,North
510.0,314.0,17.0,0.5,1.3,10.32,0,0,1,0,0,0,Savannah,Amazonia,Metamorphic Rock,Auger,NO,North
580.0,380.0,18.0,3.0,2.0,44.3,0,0,0,0,0,0,Desconhecido,Amazonia,Igneous Rock,Auger,NO,North
340.0,297.0,17.0,0.7,1.1,14.6,0,0,1,0,0,0,Savannah,Amazonia,Metamorphic Rock,Auger,NO,North
100.0,490.0,33.6,29.8,5.1,34.9,0,0,0,0,0,0,Dense Ombrophylous Forest,Amazonia,Igneous Rock,Auger,NO,North
470.0,450.0,48.9,13.0,15.7,44.1,0,0,0,1,0,1,Dense Ombrophylous Forest,Amazonia,Igneous Rock,Auger,NO,North
720.0,200.0,13.0,5.0,1.0,44.3,0,0,0,0,0,0,Savannah,Amazonia,Igneous Rock,Auger,NO,North
345.0,435.0,17.0,0.1,0.5,3.91,0,0,1,0,0,0,Savannah,Amazonia,Metamorphic Rock,Desconhecido,NO,North
255.31,641.49,2.5777779,7.0,1.3,56.0,0,0,0,0,0,0,Dense Ombrophylous Forest,Amazonia,Igneous Rock,Auger,YES,North
430.0,510.0,29.0,1.0,1.0,74.8,0,0,0,0,0,0,Savannah,Amazonia,Igneous Rock,Auger,NO,North
640.0,290.0,55.6,27.6,13.5,41.1,0,0,0,0,0,0,Dense Ombrophylous Forest,Amazonia,Igneous Rock,Auger,NO,North
377.0,467.0,17.0,0.1,0.5,6.55,0,0,1,0,0,0,Savannah,Amazonia,Metamorphic Rock,Desconhecido,NO,North
262.8,365.0,19.49,2.74,1.27,106.71,0,0,0,0,0,0,Dense Ombrophylous Forest,Amazonia,Sedimentary Rock,Auger,NO,North
540.0,340.0,38.5,10.6,3.0,13.6,0,0,0,0,0,0,Areas of Ecological Tension,Amazonia,Sedimentary Rock,Profile,YES,North
295.51,642.42,28.52,14.5,3.9,77.8,0,0,0,0,0,0,Dense Ombrophylous Forest,Amazonia,Metamorphic Rock,Auger,NO,North
760.0,220.0,31.0,4.0,2.0,42.3,0,0,0,0,0,0,Desconhecido,Amazonia,Igneous Rock,Auger,NO,North
700.0,240.0,21.0,8.0,3.0,58.3,0,0,0,0,0,0,Savannah,Amazonia,Igneous Rock,Auger,NO,North
620.0,340.0,20.0,13.0,5.2,44.1,0,0,0,1,1,1,Savannah,Amazonia,Igneous Rock,Auger,NO,North
372.42,326.0,14.44,2.69,1.18,79.76,0,0,0,0,0,0,Dense Ombrophylous Forest,Amazonia,Sedimentary Rock,Auger,YES,North
174.5,470.11,3.4333334,7.0,1.7,98.1,0,0,0,0,0,0,Dense Ombrophylous Forest,Amazonia,Igneous Rock,Auger,YES,North
542.5,340.27,6.14,2.12,0.69,42.64,0,0,0,0,0,0,Dense Ombrophylous Forest,Amazonia,Sedimentary Rock,Auger,NO,North
490.0,420.0,30.7,2.3,0.6,2.9,0,0,0,0,0,0,Dense Ombrophylous Forest,Amazonia,Igneous Rock,Profile,NO,North
560.0,360.0,22.0,1.0,1.0,54.4,0,0,0,0,0,0,Savannah,Amazonia,Igneous Rock,Auger,NO,North
790.0,100.0,29.3,28.6,5.1,33.7,0,0,0,0,0,0,Dense Ombrophylous Forest,Amazonia,Igneous Rock,Auger,NO,North
410.0,300.0,21.4,1.18,0.56,6.32,0,0,0,0,0,0,Dense Ombrophylous Forest,Amazonia,Igneous Rock,Profile,YES,North
520.0,330.0,34.6,1.7,0.5,2.2,0,0,0,0,0,0,Dense Ombrophylous Forest,Amazonia,Igneous Rock,Profile,NO,North
530.0,370.0,12.5,8.8,1.4,10.2,0,0,0,0,0,0,Dense Ombrophylous Forest,Amazonia,Igneous Rock,Auger,NO,North
320.0,640.0,23.0,2.0,1.0,59.4,0,0,0,0,0,0,Desconhecido,Amazonia,Igneous Rock,Auger,NO,North
478.32,372.45,10.89,41.3,6.3,119.0,0,0,0,0,0,0,Open Ombrophylous Forest,Amazonia,Igneous Rock,Auger,NO,North
720.0,240.0,21.0,27.0,1.0,66.5,0,0,0,0,0,0,Savannah,Amazonia,Igneous Rock,Auger,NO,North
430.0,510.0,34.5,10.1,5.0,15.1,0,0,0,0,0,0,Dense Ombrophylous Forest,Amazonia,Igneous Rock,Auger,NO,North
640.0,280.0,8.0,1.0,1.0,20.6,0,0,0,0,0,0,Savannah,Amazonia,Igneous Rock,Auger,NO,North
430.0,530.0,19.0,1.0,1.0,44.8,0,0,0,0,0,0,Savannah,Amazonia,Sedimentary Rock,Auger,NO,North
450.0,400.0,22.2,15.8,9.8,25.6,0,0,0,0,0,0,Dense Ombrophylous Forest,Amazonia,Igneous Rock,Auger,NO,North
710.0,270.0,18.0,1.0,1.0,44.4,0,0,0,0,0,0,Savannah,Amazonia,Sedimentary Rock,Auger,NO,North
713.0,97.0,17.0,0.1,0.4,3.98,0,0,1,0,0,0,Savannah,Amazonia,Metamorphic Rock,Desconhecido,NO,North
820.0,140.0,48.2,2.6,0.1,2.7,0,0,0,0,0,0,Dense Ombrophylous Forest,Amazonia,Igneous Rock,Auger,NO,North
650.0,290.0,28.0,7.0,3.0,38.5,0,0,0,0,0,0,Savannah,Amazonia,Igneous Rock,Auger,NO,North
700.0,240.0,7.0,6.0,1.0,23.3,0,0,0,0,0,0,Savannah,Amazonia,Igneous Rock,Auger,NO,North
650.0,290.0,12.0,1.0,1.0,30.1,0,0,0,0,0,0,Desconhecido,Amazonia,Igneous Rock,Auger,NO,North
166.94,386.25,15.04,2.42,1.3,183.16,0,0,0,0,0,0,Dense Ombrophylous Forest,Amazonia,Igneous Rock,Auger,NO,North
800.0,160.0,17.0,7.0,2.0,51.4,0,0,0,0,0,0,Savannah,Amazonia,Igneous Rock,Auger,NO,North
610.0,300.0,37.9,2.6,1.5,4.1,0,0,0,0,0,0,Areas of Ecological Tension,Amazonia,Sedimentary Rock,Profile,NO,North
530.0,450.0,20.0,1.0,1.0,74.6,0,0,0,0,0,0,Savannah,Amazonia,Sedimentary Rock,Auger,NO,North
560.0,380.0,23.0,6.0,1.0,59.4,0,0,0,0,0,0,Savannah,Amazonia,Igneous Rock,Auger,NO,North
700.0,240.0,25.0,6.0,1.0,50.8,0,0,0,0,0,0,Savannah,Amazonia,Igneous Rock,Auger,NO,North
369.77,440.0,12.27,2.63,1.27,65.17,0,0,0,0,0,0,Dense Ombrophylous Forest,Amazonia,Sedimentary Rock,Auger,NO,North
360.0,620.0,31.0,3.0,1.0,84.6,0,0,0,0,0,0,Savannah,Amazonia,Sedimentary Rock,Auger,NO,North
327.08,390.0,9.15,2.4,1.18,69.67,0,0,0,0,0,0,Dense Ombrophylous Forest,Amazonia,Metamorphic Rock,Auger,YES,North
590.0,320.0,25.2,13.6,6.1,19.7,0,0,0,0,0,0,Dense Ombrophylous Forest,Amazonia,Igneous Rock,Auger,NO,North
620.0,320.0,21.0,1.0,1.0,44.1,0,0,0,0,0,0,Desconhecido,Amazonia,Igneous Rock,Auger,NO,North
570.0,410.0,20.0,1.0,1.0,41.2,0,0,0,0,0,0,Desconhecido,Amazonia,Igneous Rock,Auger,NO,North
482.0,246.0,17.0,1.7,1.3,13.34,0,0,1,0,0,0,Savannah,Amazonia,Metamorphic Rock,Auger,NO,North
840.0,120.0,17.0,1.0,1.0,36.8,0,0,0,0,0,0,Savannah,Amazonia,Igneous Rock,Auger,NO,North
600.0,360.0,22.0,2.0,1.0,61.7,0,0,0,0,0,0,Savannah,Amazonia,Sedimentary Rock,Auger,NO,North
290.0,690.0,26.0,5.0,4.0,73.6,0,0,0,0,0,0,Savannah,Amazonia,Igneous Rock,Auger,NO,North
780.0,160.0,10.0,1.0,1.0,44.5,0,0,0,0,0,0,Savannah,Amazonia,Sedimentary Rock,Auger,NO,North
370.0,590.0,23.0,1.0,1.0,49.7,0,0,0,0,0,0,Savannah,Amazonia,Igneous Rock,Auger,NO,North
290.0,350.0,35.4,57.2,24.3,81.5,0,0,0,0,0,0,Dense Ombrophylous Forest,Amazonia,Igneous Rock,Auger,NO,North
77.76,743.2,8.07,36.3,35.7,150.5,0,0,0,0,0,0,Dense Ombrophylous Forest,Amazonia,Igneous Rock,Auger,NO,North
660.0,320.0,20.0,1.0,1.0,35.3,0,0,0,0,0,0,Desconhecido,Amazonia,Igneous Rock,Auger,NO,North
590.0,390.0,17.0,3.0,3.0,44.8,0,0,0,0,0,0,Savannah,Amazonia,Sedimentary Rock,Auger,NO,North
800.0,180.0,13.0,1.0,1.0,36.4,0,0,0,0,0,0,Savannah,Amazonia,Igneous Rock,Auger,NO,North
800.0,180.0,12.0,1.0,1.0,25.1,0,0,0,0,0,0,Desconhecido,Amazonia,Igneous Rock,Auger,NO,North
520.0,440.0,20.0,2.0,2.0,41.0,0,0,0,0,0,0,Desconhecido,Amazonia,Igneous Rock,Auger,NO,North
650.0,250.0,36.0,9.8,4.3,14.1,0,0,0,0,0,0,Dense Ombrophylous Forest,Amazonia,Igneous Rock,Auger,NO,North
780.0,140.0,15.0,1.0,1.0,27.5,0,0,0,0,0,0,Savannah,Amazonia,Igneous Rock,Auger,NO,North
180.0,750.0,13.8,13.0,5.2,44.1,0,0,0,1,1,1,Dense Ombrophylous Forest,Amazonia,Sedimentary Rock,Profile,NO,North
760.0,200.0,15.0,1.0,1.0,43.1,0,0,0,0,0,0,Desconhecido,Amazonia,Igneous Rock,Auger,NO,North
700.0,260.0,20.0,2.0,1.0,40.8,0,0,0,0,0,0,Desconhecido,Amazonia,Igneous Rock,Auger,NO,North
520.0,280.0,29.0,2.0,1.0,91.9,0,0,0,0,0,0,Savannah,Amazonia,Igneous Rock,Auger,NO,North
637.0,240.0,17.0,0.93,1.45,73.0,1,1,1,0,0,0,Open Ombrophylous Forest,Amazonia,Sedimentary Rock,Profile,NO,North
560.0,380.0,14.0,1.0,1.0,30.5,0,0,0,0,0,0,Savannah,Amazonia,Igneous Rock,Auger,NO,North
860.0,80.0,17.2,15.6,4.1,19.7,0,0,0,0,0,0,Dense Ombrophylous Forest,Amazonia,Igneous Rock,Auger,NO,North
450.0,510.0,18.0,2.0,1.0,52.0,0,0,0,0,0,0,Desconhecido,Amazonia,Igneous Rock,Auger,NO,North
560.0,400.0,22.0,1.0,1.0,74.6,0,0,0,0,0,0,Savannah,Amazonia,Igneous Rock,Auger,NO,North
540.0,340.0,40.0,22.6,11.2,33.8,0,0,0,0,0,0,Dense Ombrophylous Forest,Amazonia,Igneous Rock,Auger,NO,North
690.0,240.0,10.0,1.0,1.0,27.1,0,0,0,0,0,0,Desconhecido,Amazonia,Igneous Rock,Auger,NO,North
530.0,450.0,19.0,2.0,2.0,46.3,0,0,0,0,0,0,Savannah,Amazonia,Sedimentary Rock,Auger,NO,North
700.0,240.0,30.0,1.0,1.0,83.2,0,0,0,0,0,0,Savannah,Amazonia,Igneous Rock,Auger,NO,North
450.0,510.0,22.0,1.0,1.0,49.3,0,0,0,0,0,0,Savannah,Amazonia,Igneous Rock,Auger,NO,North
822.07,149.95,9.07,1.7,3.0,48.9,0,0,0,0,0,0,Dense Ombrophylous Forest,Amazonia,Sedimentary Rock,Auger,NO,North
572.0,276.0,17.0,2.4,1.6,10.86,0,0,1,0,0,0,Savannah,Amazonia,Metamorphic Rock,Auger,NO,North
660.0,280.0,16.0,3.0,1.0,42.5,0,0,0,0,0,0,Savannah,Amazonia,Igneous Rock,Auger,NO,North
585.0,245.0,17.0,0.1,0.9,6.33,0,0,1,0,0,0,Savannah,Amazonia,Metamorphic Rock,Auger,NO,North
720.0,220.0,14.0,1.0,1.0,49.4,0,0,0,0,0,0,Savannah,Amazonia,Igneous Rock,Auger,NO,North
520.0,440.0,18.0,2.0,1.0,51.4,0,0,0,0,0,0,Desconhecido,Amazonia,Igneous Rock,Auger,NO,North
234.0,469.0,17.0,0.7,0.8,6.96,0,0,1,0,0,0,Savannah,Amazonia,Metamorphic Rock,Desconhecido,NO,North
600.0,360.0,13.0,5.0,2.0,24.1,0,0,0,0,0,0,Desconhecido,Amazonia,Igneous Rock,Auger,NO,North
798.59,139.4,5.62,5.0,8.7,67.4,0,0,0,0,0,0,Dense Ombrophylous Forest,Amazonia,Sedimentary Rock,Auger,NO,North
365.94,252.62,10.76,47.7,67.7,20.76,0,0,0,0,0,0,Open Ombrophylous Forest,Amazonia,Sedimentary Rock,Auger,NO,North
346.0,401.0,17.0,0.1,0.5,9.19,0,0,1,0,0,0,Savannah,Amazonia,Metamorphic Rock,Desconhecido,NO,North
388.0,297.0,17.0,1.2,0.5,14.67,0,0,1,0,0,0,Savannah,Amazonia,Metamorphic Rock,Auger,NO,North
637.0,240.0,25.83,7.27,3.64,67.86,1,1,0,0,0,0,Dense Ombrophylous Forest,Amazonia,Sedimentary Rock,Auger,NO,North
315.0,478.0,17.0,0.1,0.7,8.15,0,0,1,0,0,0,Savannah,Amazonia,Metamorphic Rock,Desconhecido,NO,North
691.97,210.89,9.36,4.0,2.7,127.9,0,0,0,0,0,0,Open Ombrophylous Forest,Amazonia,Sedimentary Rock,Auger,YES,North
296.0,302.0,17.0,2.0,1.6,16.24,0,0,1,0,0,0,Savannah,Amazonia,Metamorphic Rock,Auger,NO,North
510.0,390.0,12.7,35.7,10.1,45.8,0,0,0,0,0,0,Dense Ombrophylous Forest,Amazonia,Igneous Rock,Auger,NO,North
326.0,191.0,17.0,0.7,0.6,13.93,0,0,1,0,0,0,Savannah,Amazonia,Metamorphic Rock,Auger,NO,North
260.0,350.0,64.4,5.5,2.3,7.8,0,0,0,0,0,0,Areas of Ecological Tension,Amazonia,Sedimentary Rock,Auger,YES,North
475.0,286.0,17.0,4.8,2.2,10.56,0,0,1,0,0,0,Savannah,Amazonia,Metamorphic Rock,Auger,NO,North
490.0,410.0,54.2,19.8,15.9,35.7,0,0,0,0,0,0,Dense Ombrophylous Forest,Amazonia,Igneous Rock,Auger,NO,North
580.0,360.0,19.0,1.0,1.0,56.3,0,0,0,0,0,0,Savannah,Amazonia,Igneous Rock,Auger,NO,North
620.0,340.0,9.0,1.0,1.0,24.4,0,0,0,0,0,0,Savannah,Amazonia,Igneous Rock,Auger,NO,North
637.0,240.0,18.45,13.0,5.2,44.1,1,1,0,1,1,1,Steppe,Caatinga,Metamorphic Rock,Profile,YES,Northeast
637.0,240.0,34.5,13.0,5.2,44.1,1,1,0,1,1,1,Steppe,Caatinga,Metamorphic Rock,Profile,YES,Northeast
610.0,125.0,12.41,39.7,15.3,83.6,0,0,0,0,0,0,Seasonal Semideciduous Forest,Mata Atlantica,Metamorphic Rock,Profile,YES,Northeast
887.0,14.0,3.7777777,1.0,8.0,18.25,0,0,0,0,0,0,Dense Ombrophylous Forest,Amazonia,Sedimentary Rock,Profile,NO,Northeast
622.0,179.0,7.22,4.2,5.2,11.0,0,0,0,0,0,0,Steppe,Caatinga,Sedimentary Rock,Profile,NO,Northeast
637.0,240.0,25.86,13.0,5.2,44.1,1,1,0,1,1,1,Steppe,Caatinga,Igneous Rock,Profile,YES,Northeast
637.0,240.0,34.02,13.0,5.2,44.1,1,1,0,1,1,1,Steppe,Caatinga,Metamorphic Rock,Profile,YES,Northeast
637.0,240.0,16.88,13.0,5.2,44.1,1,1,0,1,1,1,Steppe,Caatinga,Metamorphic Rock,Profile,YES,Northeast
637.0,240.0,23.52,13.0,5.2,44.1,1,1,0,1,1,1,Areas of Ecological Tension,Caatinga,Metamorphic Rock,Profile,YES,Northeast
944.0,44.0,3.7777777,8.0,14.0,46.45,0,0,0,0,0,0,Dense Ombrophylous Forest,Amazonia,Igneous Rock,Profile,NO,Northeast
637.0,240.0,20.52,13.0,5.2,44.1,1,1,0,1,1,1,Steppe,Caatinga,Metamorphic Rock,Profile,YES,Northeast
46.0,296.0,31.11,54.0,128.0,31.702,0,0,0,0,0,0,Dense Ombrophylous Forest,Amazonia,Sedimentary Rock,Profile,NO,Northeast
55.0,333.0,36.49,76.0,94.0,30.09,0,0,0,0,0,0,Dense Ombrophylous Forest,Amazonia,Sedimentary Rock,Profile,YES,Northeast
792.0,130.0,10.34,7.1,6.1,40.1,0,0,0,0,0,0,Seasonal Semideciduous Forest,Mata Atlantica,Metamorphic Rock,Profile,YES,Northeast
822.0,174.0,45.2,21.4,8.8,99.58,0,0,0,0,0,0,Dense Ombrophylous Forest,Mata Atlantica,Sedimentary Rock,Auger,NO,Northeast
637.0,240.0,17.17,13.0,5.2,44.1,1,1,0,1,1,1,Steppe,Caatinga,Metamorphic Rock,Profile,YES,Northeast
637.0,240.0,21.38,13.0,5.2,44.1,1,1,0,1,1,1,Areas of Ecological Tension,Caatinga,Metamorphic Rock,Profile,YES,Northeast
858.0,111.0,14.2,4.2,1.6,38.0,0,0,0,0,0,0,Dense Ombrophylous Forest,Mata Atlantica,Igneous Rock,Auger,NO,Northeast
412.0,163.0,17.0,9.2,2.0,12.44,0,0,1,0,0,0,Steppe,Caatinga,Sedimentary Rock,Profile,NO,Northeast
637.0,240.0,3.8444445,13.0,5.2,44.1,1,1,0,1,1,1,Amazon Rainforest,Amazonia,Sedimentary Rock,Auger,NO,Northeast
637.0,240.0,26.89,13.0,5.2,44.1,1,1,0,1,1,1,Steppe,Caatinga,Metamorphic Rock,Profile,YES,Northeast
637.0,240.0,14.03,13.0,5.2,44.1,1,1,0,1,1,1,Steppe,Caatinga,Igneous Rock,Profile,YES,Northeast
912.0,62.0,38.8,28.6,10.7,118.71,0,0,0,0,0,0,Dense Ombrophylous Forest,Mata Atlantica,Igneous Rock,Auger,YES,Northeast
897.0,89.0,7.9,3.2,2.0,26.35,0,0,0,0,0,0,Dense Ombrophylous Forest,Mata Atlantica,Igneous Rock,Auger,NO,Northeast
637.0,240.0,2.3777778,13.0,5.2,44.1,1,1,0,1,1,1,Amazon Rainforest,Amazonia,Sedimentary Rock,Auger,NO,Northeast
637.0,240.0,22.54,13.0,5.2,44.1,1,1,0,1,1,1,Steppe,Caatinga,Sedimentary Rock,Profile,YES,Northeast
171.0,534.0,12.9,8.7,8.8,26.3,0,0,0,0,0,0,Areas of Pioneering Formation,Caatinga,Sedimentary Rock,Profile,YES,Northeast
933.0,65.0,9.3,3.7,1.8,31.65,0,0,0,0,0,0,Dense Ombrophylous Forest,Mata Atlantica,Igneous Rock,Auger,NO,Northeast
637.0,240.0,60.86,13.0,5.2,44.1,1,1,0,1,1,1,Seasonal Semideciduous Forest,Mata Atlantica,Sedimentary Rock,Profile,YES,Northeast
637.0,240.0,120.66,13.0,5.2,44.1,1,1,0,1,1,1,Areas of Ecological Tension,Caatinga,Metamorphic Rock,Profile,YES,Northeast
840.0,138.0,17.0,1.11,0.61,3.93,0,0,1,0,0,0,Steppe,Caatinga,Sedimentary Rock,Profile,NO,Northeast
815.0,147.0,31.0,43.4,7.7,78.64,0,0,0,0,0,0,Dense Ombrophylous Forest,Mata Atlantica,Igneous Rock,Auger,YES,Northeast
776.0,134.0,17.0,18.6,21.0,26.506,0,0,1,0,0,0,Dense Ombrophylous Forest,Mata Atlantica,Igneous Rock,Auger,YES,Northeast
893.0,50.0,7.25,13.0,5.2,44.1,0,0,0,1,1,1,Dense Ombrophylous Forest,Amazonia,Igneous Rock,Profile,NO,Northeast
637.0,240.0,31.7,13.0,5.2,44.1,1,1,0,1,1,1,Seasonal Semideciduous Forest,Caatinga,Metamorphic Rock,Profile,YES,Northeast
637.0,240.0,11.5,13.0,5.2,44.1,1,1,0,1,1,1,Steppe,Caatinga,Metamorphic Rock,Profile,YES,Northeast
879.0,96.0,34.2,6.3,2.8,81.46,0,0,0,0,0,0,Dense Ombrophylous Forest,Mata Atlantica,Igneous Rock,Auger,YES,Northeast
606.0,372.0,62.6,5.6,3.0,96.21,0,0,0,0,0,0,Dense Ombrophylous Forest,Mata Atlantica,Igneous Rock,Auger,NO,Northeast
606.0,368.0,76.5,5.8,8.0,140.39,0,0,0,0,0,0,Dense Ombrophylous Forest,Mata Atlantica,Sedimentary Rock,Auger,NO,Northeast
51.0,548.0,26.94,100.0,138.66667,52.323,0,0,0,0,0,0,Dense Ombrophylous Forest,Amazonia,Sedimentary Rock,Profile,YES,Northeast
876.0,105.0,23.7,13.0,4.0,65.36,0,0,0,0,0,0,Dense Ombrophylous Forest,Mata Atlantica,Sedimentary Rock,Auger,NO,Northeast
725.0,150.0,6.9,14.2,12.1,61.1,0,0,0,0,0,0,Seasonal Semideciduous Forest,Mata Atlantica,Metamorphic Rock,Profile,YES,Northeast
637.0,240.0,19.11,13.0,5.2,44.1,1,1,0,1,1,1,Steppe,Caatinga,Metamorphic Rock,Profile,YES,Northeast
910.0,83.0,18.1,5.9,1.8,25.85,0,0,0,0,0,0,Dense Ombrophylous Forest,Mata Atlantica,Sedimentary Rock,Auger,NO,Northeast
637.0,240.0,17.1,13.0,5.2,44.1,1,1,0,1,1,1,Steppe,Caatinga,Sedimentary Rock,Profile,YES,Northeast
752.0,224.0,22.4,10.8,7.2,50.72,0,0,0,0,0,0,Dense Ombrophylous Forest,Mata Atlantica,Igneous Rock,Auger,NO,Northeast
637.0,240.0,50.4,24.0,25.1,65.46,1,1,0,0,0,0,Steppe,Caatinga,Sedimentary Rock,Profile,NO,Northeast
637.0,240.0,6.2444444,13.0,5.2,44.1,1,1,0,1,1,1,Amazon Rainforest,Amazonia,Sedimentary Rock,Auger,NO,Northeast
637.0,240.0,4.4888887,13.0,5.2,44.1,1,1,0,1,1,1,Amazon Rainforest,Amazonia,Sedimentary Rock,Auger,NO,Northeast
637.0,240.0,35.24,13.0,5.2,44.1,1,1,0,1,1,1,Steppe,Caatinga,Metamorphic Rock,Profile,YES,Northeast
843.0,128.0,15.8,9.4,4.6,38.92,0,0,0,0,0,0,Dense Ombrophylous Forest,Mata Atlantica,Igneous Rock,Auger,NO,Northeast
664.0,258.0,17.0,13.0,5.2,44.1,0,0,1,1,1,1,Steppe,Caatinga,Sedimentary Rock,Profile,NO,Northeast
38.0,243.0,24.85,108.0,1.0,151.54,0,0,0,0,0,0,Dense Ombrophylous Forest,Amazonia,Sedimentary Rock,Profile,YES,Northeast
637.0,240.0,4.0,13.0,5.2,44.1,1,1,0,1,1,1,Amazon Rainforest,Amazonia,Sedimentary Rock,Auger,NO,Northeast
637.0,240.0,3.0,13.0,5.2,44.1,1,1,0,1,1,1,Amazon Rainforest,Amazonia,Sedimentary Rock,Auger,NO,Northeast
619.0,364.0,57.2,29.0,12.2,127.71,0,0,0,0,0,0,Dense Ombrophylous Forest,Mata Atlantica,Sedimentary Rock,Auger,NO,Northeast
891.0,107.0,16.0,4.4,2.7,20.3,0,0,0,0,0,0,Dense Ombrophylous Forest,Mata Atlantica,Igneous Rock,Auger,NO,Northeast
637.0,240.0,6.91,13.0,5.2,44.1,1,1,0,1,1,1,Amazon Rainforest,Amazonia,Sedimentary Rock,Auger,NO,Northeast
637.0,240.0,47.07,13.0,5.2,44.1,1,1,0,1,1,1,Open Ombrophylous Forest,Mata Atlantica,Metamorphic Rock,Profile,YES,Northeast
647.0,170.0,19.31,8.1,9.1,46.2,0,0,0,0,0,0,Seasonal Semideciduous Forest,Mata Atlantica,Metamorphic Rock,Profile,YES,Northeast
658.0,321.0,77.5,26.4,11.8,121.61,0,0,0,0,0,0,Dense Ombrophylous Forest,Mata Atlantica,Sedimentary Rock,Auger,YES,Northeast
637.0,240.0,57.25,49.8,4.7,59.98,1,1,0,0,0,0,Dense Ombrophylous Forest,Mata Atlantica,Igneous Rock,Profile,YES,Northeast
637.0,240.0,36.42,13.0,5.2,44.1,1,1,0,1,1,1,Steppe,Caatinga,Metamorphic Rock,Profile,YES,Northeast
637.0,240.0,10.83,13.0,5.2,44.1,1,1,0,1,1,1,Seasonal Semideciduous Forest,Mata Atlantica,Sedimentary Rock,Profile,YES,Northeast
763.0,90.0,9.56,18.0,23.0,20.158,0,0,0,0,0,0,Dense Ombrophylous Forest,Amazonia,Sedimentary Rock,Profile,YES,Northeast
637.0,240.0,5.2222223,13.0,5.2,44.1,1,1,0,1,1,1,Amazon Rainforest,Amazonia,Sedimentary Rock,Auger,NO,Northeast
842.0,142.0,11.9,1.6,1.5,32.18,0,0,0,0,0,0,Dense Ombrophylous Forest,Mata Atlantica,Sedimentary Rock,Auger,NO,Northeast
873.0,96.0,11.6,5.6,3.6,32.58,0,0,0,0,0,0,Dense Ombrophylous Forest,Mata Atlantica,Igneous Rock,Auger,YES,Northeast
637.0,240.0,4.7555556,13.0,5.2,44.1,1,1,0,1,1,1,Amazon Rainforest,Amazonia,Sedimentary Rock,Auger,NO,Northeast
637.0,240.0,17.29,13.0,5.2,44.1,1,1,0,1,1,1,Steppe,Caatinga,Metamorphic Rock,Profile,YES,Northeast
670.0,247.0,95.5,5.5,4.3,108.67,0,0,0,0,0,0,Dense Ombrophylous Forest,Mata Atlantica,Sedimentary Rock,Auger,NO,Northeast
919.0,14.0,1.9333333,2.0,5.0,20.28,0,0,0,0,0,0,Dense Ombrophylous Forest,Amazonia,Igneous Rock,Profile,NO,Northeast
82.0,483.0,13.38,38.0,1.15,144.19,0,0,0,0,0,0,Dense Ombrophylous Forest,Amazonia,Sedimentary Rock,Profile,NO,Northeast
637.0,240.0,31.2,13.0,5.2,44.1,1,1,0,1,1,1,Steppe,Caatinga,Metamorphic Rock,Profile,YES,Northeast
637.0,240.0,33.62,13.0,5.2,44.1,1,1,0,1,1,1,Steppe,Caatinga,Igneous Rock,Profile,YES,Northeast
637.0,240.0,2.7333333,13.0,5.2,44.1,1,1,0,1,1,1,Amazon Rainforest,Amazonia,Sedimentary Rock,Auger,NO,Northeast
724.0,33.0,8.888889,50.0,27.0,104.49,0,0,0,0,0,0,Dense Ombrophylous Forest,Amazonia,Sedimentary Rock,Profile,YES,Northeast
637.0,240.0,24.8,23.1,4.3,46.61,1,1,0,0,0,0,Areas of Pioneering Formation,Mata Atlantica,Igneous Rock,Profile,NO,Northeast
37.0,509.0,8.52,130.0,134.66667,53.822,0,0,0,0,0,0,Dense Ombrophylous Forest,Amazonia,Sedimentary Rock,Profile,NO,Northeast
745.0,231.0,18.89,13.0,5.2,44.1,0,0,0,1,1,1,Dense Ombrophylous Forest,Amazonia,Igneous Rock,Profile,NO,Northeast
702.0,265.0,43.9,22.8,10.1,88.87,0,0,0,0,0,0,Dense Ombrophylous Forest,Mata Atlantica,Igneous Rock,Auger,NO,Northeast
818.0,125.0,7.04,13.0,5.2,44.1,0,0,0,1,1,1,Dense Ombrophylous Forest,Amazonia,Sedimentary Rock,Profile,NO,Northeast
296.0,367.0,17.0,38.3,5.4,44.33,0,0,1,0,0,0,Steppe,Caatinga,Sedimentary Rock,Profile,NO,Northeast
637.0,240.0,19.31,13.0,5.2,44.1,1,1,0,1,1,1,Steppe,Caatinga,Igneous Rock,Profile,YES,Northeast
682.0,290.0,92.2,26.2,9.4,113.32,0,0,0,0,0,0,Dense Ombrophylous Forest,Mata Atlantica,Sedimentary Rock,Auger,NO,Northeast
870.0,123.0,35.5,2.3,2.4,68.39,0,0,0,0,0,0,Dense Ombrophylous Forest,Mata Atlantica,Sedimentary Rock,Auger,NO,Northeast
817.0,158.0,46.6,22.7,10.7,75.81,0,0,0,0,0,0,Dense Ombrophylous Forest,Mata Atlantica,Sedimentary Rock,Auger,NO,Northeast
572.0,270.0,25.52,7.1,6.1,66.7,0,0,0,0,0,0,Seasonal Semideciduous Forest,Mata Atlantica,Metamorphic Rock,Profile,YES,Northeast
637.0,240.0,9.5,13.0,5.2,44.1,1,1,0,1,1,1,Steppe,Caatinga,Sedimentary Rock,Profile,YES,Northeast
637.0,240.0,32.42,13.0,5.2,44.1,1,1,0,1,1,1,Steppe,Caatinga,Metamorphic Rock,Profile,YES,Northeast
637.0,240.0,31.45,13.0,5.2,44.1,1,1,0,1,1,1,Steppe,Caatinga,Metamorphic Rock,Profile,YES,Northeast
637.0,240.0,45.96,13.0,5.2,44.1,1,1,0,1,1,1,Steppe,Caatinga,Sedimentary Rock,Profile,YES,Northeast
656.6667,9.0,6.5555553,15.0,30.0,158.09,0,0,0,0,0,0,Dense Ombrophylous Forest,Amazonia,Sedimentary Rock,Profile,NO,Northeast
873.0,94.0,25.8,5.9,3.8,43.88,0,0,0,0,0,0,Dense Ombrophylous Forest,Mata Atlantica,Igneous Rock,Auger,NO,Northeast
637.0,240.0,23.14,13.0,5.2,44.1,1,1,0,1,1,1,Steppe,Caatinga,Igneous Rock,Profile,YES,Northeast
943.0,9.0,14.466666,18.0,24.0,107.78,0,0,0,0,0,0,Dense Ombrophylous Forest,Amazonia,Sedimentary Rock,Profile,NO,Northeast
637.0,240.0,2.6666667,13.0,5.2,44.1,1,1,0,1,1,1,Amazon Rainforest,Amazonia,Sedimentary Rock,Auger,NO,Northeast
637.0,240.0,19.42,13.0,5.2,44.1,1,1,0,1,1,1,Steppe,Caatinga,Metamorphic Rock,Profile,YES,Northeast
637.0,240.0,30.69,13.0,5.2,44.1,1,1,0,1,1,1,Steppe,Caatinga,Metamorphic Rock,Profile,YES,Northeast
934.0,50.0,6.53,13.0,5.2,44.1,0,0,0,1,1,1,Dense Ombrophylous Forest,Amazonia,Sedimentary Rock,Profile,NO,Northeast
656.0,11.0,3.7777777,18.0,14.0,67.85,0,0,0,0,0,0,Dense Ombrophylous Forest,Amazonia,Igneous Rock,Profile,NO,Northeast
637.0,240.0,15.17,13.0,5.2,44.1,1,1,0,1,1,1,Steppe,Caatinga,Metamorphic Rock,Profile,YES,Northeast
739.0,227.0,21.1,7.2,6.7,45.87,0,0,0,0,0,0,Dense Ombrophylous Forest,Mata Atlantica,Igneous Rock,Auger,NO,Northeast
637.0,240.0,9.533334,13.0,5.2,44.1,1,1,0,1,1,1,Amazon Rainforest,Amazonia,Sedimentary Rock,Auger,NO,Northeast
637.0,240.0,55.33,13.0,5.2,44.1,1,1,0,1,1,1,Steppe,Caatinga,Metamorphic Rock,Profile,YES,Northeast
637.0,240.0,45.51,13.0,5.2,44.1,1,1,0,1,1,1,Seasonal Semideciduous Forest,Mata Atlantica,Metamorphic Rock,Profile,YES,Northeast
637.0,240.0,37.93,13.0,5.2,44.1,1,1,0,1,1,1,Seasonal Semideciduous Forest,Mata Atlantica,Igneous Rock,Profile,YES,Northeast
581.0,380.0,90.4,2.1,4.9,126.25,0,0,0,0,0,0,Dense Ombrophylous Forest,Mata Atlantica,Sedimentary Rock,Auger,NO,Northeast
857.0,127.0,10.88,13.0,5.2,44.1,0,0,0,1,1,1,Dense Ombrophylous Forest,Amazonia,Igneous Rock,Profile,NO,Northeast
637.0,240.0,37.51,13.0,5.2,44.1,1,1,0,1,1,1,Steppe,Caatinga,Igneous Rock,Profile,YES,Northeast
637.0,240.0,33.85,13.0,5.2,44.1,1,1,0,1,1,1,Steppe,Caatinga,Metamorphic Rock,Profile,YES,Northeast
637.0,240.0,16.16,13.0,5.2,44.1,1,1,0,1,1,1,Steppe,Caatinga,Metamorphic Rock,Profile,YES,Northeast
831.0,155.0,16.0,4.4,4.0,35.94,0,0,0,0,0,0,Dense Ombrophylous Forest,Mata Atlantica,Sedimentary Rock,Auger,NO,Northeast
637.0,240.0,34.65,13.0,5.2,44.1,1,1,0,1,1,1,Steppe,Caatinga,Igneous Rock,Profile,YES,Northeast
637.0,240.0,50.17,13.0,5.2,44.1,1,1,0,1,1,1,Seasonal Semideciduous Forest,Mata Atlantica,Metamorphic Rock,Profile,YES,Northeast
637.0,240.0,26.38,13.0,5.2,44.1,1,1,0,1,1,1,Steppe,Caatinga,Igneous Rock,Profile,YES,Northeast
630.0,284.0,22.06,13.0,5.2,44.1,0,0,0,1,1,1,Dense Ombrophylous Forest,Amazonia,Igneous Rock,Profile,NO,Northeast
637.0,240.0,8.05,13.0,5.2,44.1,1,1,0,1,1,1,Steppe,Caatinga,Metamorphic Rock,Profile,YES,Northeast
901.0,18.0,3.7777777,5.0,5.0,23.58,0,0,0,0,0,0,Dense Ombrophylous Forest,Amazonia,Igneous Rock,Profile,NO,Northeast
637.0,240.0,56.37,13.0,5.2,44.1,1,1,0,1,1,1,Steppe,Caatinga,Metamorphic Rock,Profile,YES,Northeast
637.0,240.0,17.45,13.0,5.2,44.1,1,1,0,1,1,1,Steppe,Caatinga,Metamorphic Rock,Profile,YES,Northeast
637.0,240.0,15.833333,13.0,5.2,44.1,1,1,0,1,1,1,Amazon Rainforest,Amazonia,Sedimentary Rock,Auger,NO,Northeast
843.0,133.0,31.0,3.2,2.9,70.56,0,0,0,0,0,0,Dense Ombrophylous Forest,Mata Atlantica,Sedimentary Rock,Auger,NO,Northeast
637.0,240.0,72.75,13.0,5.2,44.1,1,1,0,1,1,1,Dense Ombrophylous Forest,Mata Atlantica,Igneous Rock,Profile,YES,Northeast
637.0,240.0,4.0,13.0,5.2,44.1,1,1,0,1,1,1,Amazon Rainforest,Amazonia,Sedimentary Rock,Auger,NO,Northeast
637.0,240.0,3.6666667,13.0,5.2,44.1,1,1,0,1,1,1,Amazon Rainforest,Amazonia,Sedimentary Rock,Auger,NO,Northeast
637.0,240.0,6.3777776,13.0,5.2,44.1,1,1,0,1,1,1,Amazon Rainforest,Amazonia,Sedimentary Rock,Auger,NO,Northeast
554.0,435.0,47.9,13.2,8.8,77.66,0,0,0,0,0,0,Dense Ombrophylous Forest,Mata Atlantica,Igneous Rock,Auger,NO,Northeast
637.0,240.0,19.83,13.0,5.2,44.1,1,1,0,1,1,1,Steppe,Caatinga,Metamorphic Rock,Profile,YES,Northeast
637.0,240.0,27.43,13.0,5.2,44.1,1,1,0,1,1,1,Steppe,Caatinga,Metamorphic Rock,Profile,YES,Northeast
69.0,366.0,38.23,70.0,77.0,29.701,0,0,0,0,0,0,Dense Ombrophylous Forest,Amazonia,Sedimentary Rock,Profile,NO,Northeast
637.0,240.0,8.5,13.0,5.2,44.1,1,1,0,1,1,1,Steppe,Caatinga,Metamorphic Rock,Profile,NO,Northeast
720.0,256.0,35.9,10.1,7.0,81.51,0,0,0,0,0,0,Dense Ombrophylous Forest,Mata Atlantica,Sedimentary Rock,Auger,NO,Northeast
811.0,161.0,27.1,14.9,6.6,64.04,0,0,0,0,0,0,Dense Ombrophylous Forest,Mata Atlantica,Sedimentary Rock,Auger,NO,Northeast
934.0,11.0,13.03,4.0,8.0,25.26,0,0,0,0,0,0,Dense Ombrophylous Forest,Amazonia,Sedimentary Rock,Profile,NO,Northeast
637.0,240.0,14.5,13.0,5.2,44.1,1,1,0,1,1,1,Amazon Rainforest,Amazonia,Sedimentary Rock,Auger,NO,Northeast
811.0,174.0,48.4,19.7,5.6,89.84,0,0,0,0,0,0,Dense Ombrophylous Forest,Mata Atlantica,Sedimentary Rock,Auger,NO,Northeast
855.0,145.0,44.8,54.9,10.3,89.1,0,0,0,0,0,0,Dense Ombrophylous Forest,Mata Atlantica,Sedimentary Rock,Auger,YES,Northeast
637.0,240.0,31.54,13.0,5.2,44.1,1,1,0,1,1,1,Steppe,Caatinga,Metamorphic Rock,Profile,YES,Northeast
637.0,240.0,25.86,13.0,5.2,44.1,1,1,0,1,1,1,Steppe,Caatinga,Metamorphic Rock,Profile,YES,Northeast
637.0,240.0,56.03,13.0,5.2,44.1,1,1,0,1,1,1,Dense Ombrophylous Forest,Mata Atlantica,Igneous Rock,Profile,YES,Northeast
637.0,240.0,6.7777777,13.0,5.2,44.1,1,1,0,1,1,1,Amazon Rainforest,Amazonia,Sedimentary Rock,Auger,NO,Northeast
828.0,148.0,75.7,52.9,9.3,137.1,0,0,0,0,0,0,Dense Ombrophylous Forest,Mata Atlantica,Sedimentary Rock,Auger,NO,Northeast
637.0,240.0,25.69,13.0,5.2,44.1,1,1,0,1,1,1,Steppe,Caatinga,Metamorphic Rock,Profile,YES,Northeast
475.0,250.0,33.62,4.0,4.0,70.4,0,0,0,0,0,0,Seasonal Semideciduous Forest,Mata Atlantica,Metamorphic Rock,Profile,YES,Northeast
795.0,150.0,8.04,13.0,5.2,44.1,0,0,0,1,1,1,Dense Ombrophylous Forest,Amazonia,Igneous Rock,Profile,NO,Northeast
637.0,240.0,71.49,13.0,5.2,44.1,1,1,0,1,1,1,Steppe,Caatinga,Metamorphic Rock,Profile,YES,Northeast
631.0,356.0,75.7,3.8,8.5,112.94,0,0,0,0,0,0,Dense Ombrophylous Forest,Mata Atlantica,Igneous Rock,Auger,NO,Northeast
648.0,170.0,13.27,5.1,5.1,35.2,0,0,0,0,0,0,Seasonal Semideciduous Forest,Mata Atlantica,Metamorphic Rock,Profile,YES,Northeast
800.0,181.0,69.1,23.8,7.5,115.14,0,0,0,0,0,0,Dense Ombrophylous Forest,Mata Atlantica,Sedimentary Rock,Auger,NO,Northeast
640.6667,240.0,3.4066668,13.0,5.2,44.1,0,1,0,1,1,1,Dense Ombrophylous Forest,Amazonia,Sedimentary Rock,Profile,NO,Northeast
637.0,240.0,31.89,13.0,5.2,44.1,1,1,0,1,1,1,Steppe,Caatinga,Metamorphic Rock,Profile,YES,Northeast
637.0,240.0,17.45,47.2,15.3,64.35,1,1,0,0,0,0,Areas of Ecological Tension,Caatinga,Sedimentary Rock,Profile,YES,Northeast
637.0,240.0,14.433333,13.0,5.2,44.1,1,1,0,1,1,1,Amazon Rainforest,Amazonia,Sedimentary Rock,Auger,NO,Northeast
637.0,240.0,78.27,13.0,5.2,44.1,1,1,0,1,1,1,Open Ombrophylous Forest,Mata Atlantica,Metamorphic Rock,Profile,YES,Northeast
637.0,240.0,17.19,13.0,5.2,44.1,1,1,0,1,1,1,Areas of Ecological Tension,Caatinga,Metamorphic Rock,Profile,YES,Northeast
637.0,240.0,38.5,13.0,5.2,44.1,1,1,0,1,1,1,Seasonal Semideciduous Forest,Caatinga,Metamorphic Rock,Profile,YES,Northeast
637.0,240.0,17.76,13.0,5.2,44.1,1,1,0,1,1,1,Seasonal Semideciduous Forest,Mata Atlantica,Metamorphic Rock,Profile,YES,Northeast
743.0,228.0,39.9,16.1,4.8,73.23,0,0,0,0,0,0,Dense Ombrophylous Forest,Mata Atlantica,Sedimentary Rock,Auger,YES,Northeast
637.0,240.0,84.48,13.0,5.2,44.1,1,1,0,1,1,1,Seasonal Semideciduous Forest,Mata Atlantica,Igneous Rock,Profile,YES,Northeast
172.0,125.0,14.08,27.0,53.0,20.574,0,0,0,0,0,0,Dense Ombrophylous Forest,Amazonia,Igneous Rock,Profile,YES,Northeast
791.0,188.0,9.28,13.0,5.2,44.1,0,0,0,1,1,1,Dense Ombrophylous Forest,Amazonia,Igneous Rock,Profile,NO,Northeast
903.0,70.0,7.8,4.2,1.6,19.95,0,0,0,0,0,0,Dense Ombrophylous Forest,Mata Atlantica,Igneous Rock,Auger,NO,Northeast
671.0,303.0,52.7,27.8,15.0,71.05,0,0,0,0,0,0,Dense Ombrophylous Forest,Mata Atlantica,Igneous Rock,Auger,NO,Northeast
637.0,240.0,30.0,13.0,5.2,44.1,1,1,0,1,1,1,Open Ombrophylous Forest,Mata Atlantica,Metamorphic Rock,Profile,YES,Northeast
798.0,80.0,11.7,2.7,0.7,6.4,0,0,0,0,0,0,Areas of Pioneering Formation,Caatinga,Igneous Rock,Profile,YES,Northeast
533.0,150.0,20.17,38.4,16.2,102.3,0,0,0,0,0,0,Seasonal Semideciduous Forest,Mata Atlantica,Metamorphic Rock,Profile,YES,Northeast
505.0,45.0,7.3333335,59.0,33.0,118.39,0,0,0,0,0,0,Dense Ombrophylous Forest,Amazonia,Sedimentary Rock,Profile,NO,Northeast
637.0,240.0,5.5333333,13.0,5.2,44.1,1,1,0,1,1,1,Amazon Rainforest,Amazonia,Sedimentary Rock,Auger,NO,Northeast
637.0,240.0,62.71,13.0,5.2,44.1,1,1,0,1,1,1,Steppe,Caatinga,Metamorphic Rock,Profile,YES,Northeast
718.0,265.0,26.3,17.0,9.0,56.46,0,0,0,0,0,0,Dense Ombrophylous Forest,Mata Atlantica,Igneous Rock,Auger,NO,Northeast
649.0,285.0,17.0,5.1,2.0,8.37,0,0,1,0,0,0,Steppe,Caatinga,Sedimentary Rock,Profile,NO,Northeast
637.0,240.0,34.72,13.0,5.2,44.1,1,1,0,1,1,1,Steppe,Caatinga,Metamorphic Rock,Profile,YES,Northeast
574.0,393.0,84.26667,1.7,3.7,180.06,0,0,0,0,0,0,Dense Ombrophylous Forest,Mata Atlantica,Sedimentary Rock,Auger,NO,Northeast
868.0,113.0,9.37,13.0,5.2,44.1,0,0,0,1,1,1,Dense Ombrophylous Forest,Amazonia,Igneous Rock,Profile,NO,Northeast
564.0,198.0,19.14,5.1,6.1,53.4,0,0,0,0,0,0,Seasonal Semideciduous Forest,Mata Atlantica,Metamorphic Rock,Profile,YES,Northeast
884.0,30.0,7.3333335,24.0,23.0,117.55,0,0,0,0,0,0,Dense Ombrophylous Forest,Amazonia,Igneous Rock,Profile,NO,Northeast
637.0,240.0,37.93,13.0,5.2,44.1,1,1,0,1,1,1,Seasonal Semideciduous Forest,Mata Atlantica,Sedimentary Rock,Profile,YES,Northeast
928.0,7.0,5.8,18.0,15.0,112.79,0,0,0,0,0,0,Dense Ombrophylous Forest,Amazonia,Igneous Rock,Profile,NO,Northeast
637.0,240.0,51.72,13.0,5.2,44.1,1,1,0,1,1,1,Seasonal Semideciduous Forest,Mata Atlantica,Igneous Rock,Profile,YES,Northeast
637.0,240.0,23.27,13.0,5.2,44.1,1,1,0,1,1,1,Steppe,Caatinga,Igneous Rock,Profile,YES,Northeast
844.0,127.0,48.63,13.0,5.2,44.1,0,0,0,1,1,1,Dense Ombrophylous Forest,Amazonia,Igneous Rock,Profile,NO,Northeast
637.0,240.0,32.24,13.0,5.2,44.1,1,1,0,1,1,1,Seasonal Semideciduous Forest,Mata Atlantica,Metamorphic Rock,Profile,YES,Northeast
637.0,240.0,28.62,13.0,5.2,44.1,1,1,0,1,1,1,Steppe,Caatinga,Metamorphic Rock,Profile,YES,Northeast
658.6667,11.0,22.4,4.9,3.7,40.8,0,0,0,0,0,0,Dense Ombrophylous Forest,Mata Atlantica,Sedimentary Rock,Auger,NO,Northeast
737.0,118.0,20.69,23.3,11.1,67.3,0,0,0,0,0,0,Seasonal Semideciduous Forest,Mata Atlantica,Metamorphic Rock,Profile,YES,Northeast
637.0,240.0,44.5,13.0,5.2,44.1,1,1,0,1,1,1,Areas of Ecological Tension,Caatinga,Metamorphic Rock,Profile,YES,Northeast
866.0,130.0,53.2,3.3,4.4,93.16,0,0,0,0,0,0,Dense Ombrophylous Forest,Mata Atlantica,Igneous Rock,Auger,YES,Northeast
637.0,240.0,2.6666667,13.0,5.2,44.1,1,1,0,1,1,1,Amazon Rainforest,Amazonia,Sedimentary Rock,Auger,NO,Northeast
741.0,248.0,33.3,12.1,5.9,64.07,0,0,0,0,0,0,Dense Ombrophylous Forest,Mata Atlantica,Sedimentary Rock,Auger,YES,Northeast
637.0,240.0,46.16,13.0,5.2,44.1,1,1,0,1,1,1,Seasonal Semideciduous Forest,Mata Atlantica,Metamorphic Rock,Profile,YES,Northeast
720.0,148.0,25.2,119.0,101.0,24.537,0,0,0,0,0,0,Dense Ombrophylous Forest,Amazonia,Igneous Rock,Profile,NO,Northeast
741.0,249.0,36.9,13.9,8.4,103.02,0,0,0,0,0,0,Dense Ombrophylous Forest,Mata Atlantica,Sedimentary Rock,Auger,NO,Northeast
637.0,240.0,51.9,26.9,10.5,106.01,1,1,0,0,0,0,Dense Ombrophylous Forest,Mata Atlantica,Sedimentary Rock,Auger,NO,Northeast
637.0,240.0,15.31,13.0,5.2,44.1,1,1,0,1,1,1,Steppe,Caatinga,Sedimentary Rock,Profile,YES,Northeast
637.0,240.0,36.04,13.0,5.2,44.1,1,1,0,1,1,1,Steppe,Caatinga,Metamorphic Rock,Profile,YES,Northeast
637.0,240.0,13.55,13.0,5.2,44.1,1,1,0,1,1,1,Steppe,Caatinga,Igneous Rock,Profile,YES,Northeast
637.0,240.0,17.58,13.0,5.2,44.1,1,1,0,1,1,1,Steppe,Caatinga,Metamorphic Rock,Profile,YES,Northeast
637.0,240.0,28.46,13.0,5.2,44.1,1,1,0,1,1,1,Steppe,Caatinga,Sedimentary Rock,Profile,YES,Northeast
954.0,42.0,9.3,3.0,2.2,34.4,0,0,0,0,0,0,Dense Ombrophylous Forest,Mata Atlantica,Sedimentary Rock,Auger,YES,Northeast
637.0,240.0,30.16,13.0,5.2,44.1,1,1,0,1,1,1,Steppe,Caatinga,Metamorphic Rock,Profile,YES,Northeast
637.0,240.0,2.6888888,13.0,5.2,44.1,1,1,0,1,1,1,Amazon Rainforest,Amazonia,Sedimentary Rock,Auger,NO,Northeast
759.0,211.0,74.9,5.0,6.1,110.3,0,0,0,0,0,0,Dense Ombrophylous Forest,Mata Atlantica,Sedimentary Rock,Auger,NO,Northeast
637.0,240.0,7.266667,13.0,5.2,44.1,1,1,0,1,1,1,Amazon Rainforest,Amazonia,Sedimentary Rock,Auger,NO,Northeast
644.6667,13.0,5.711111,13.0,5.2,44.1,0,0,0,1,1,1,Dense Ombrophylous Forest,Amazonia,Igneous Rock,Profile,NO,Northeast
688.0,266.0,119.7,17.6,8.3,161.56,0,0,0,0,0,0,Dense Ombrophylous Forest,Mata Atlantica,Sedimentary Rock,Auger,NO,Northeast
637.0,240.0,21.88,13.0,5.2,44.1,1,1,0,1,1,1,Steppe,Caatinga,Igneous Rock,Profile,YES,Northeast
654.6667,10.0,8.888889,25.0,29.0,100.11,0,0,0,0,0,0,Dense Ombrophylous Forest,Amazonia,Sedimentary Rock,Profile,NO,Northeast
637.0,240.0,42.58,13.0,5.2,44.1,1,1,0,1,1,1,Steppe,Caatinga,Metamorphic Rock,Profile,YES,Northeast
637.0,240.0,4.311111,13.0,5.2,44.1,1,1,0,1,1,1,Amazon Rainforest,Amazonia,Sedimentary Rock,Auger,NO,Northeast
780.0,27.0,5.39,1.0,6.0,17.05,0,0,0,0,0,0,Dense Ombrophylous Forest,Amazonia,Sedimentary Rock,Profile,YES,Northeast
637.0,240.0,8.62,13.0,5.2,44.1,1,1,0,1,1,1,Steppe,Caatinga,Sedimentary Rock,Profile,YES,Northeast
651.3333,13.333333,11.99,26.0,32.0,38.707,0,0,0,0,0,0,Dense Ombrophylous Forest,Amazonia,Sedimentary Rock,Profile,NO,Northeast
644.0,320.0,46.6,29.8,12.7,120.42,0,0,0,0,0,0,Dense Ombrophylous Forest,Mata Atlantica,Sedimentary Rock,Auger,NO,Northeast
637.0,240.0,71.89,13.0,5.2,44.1,1,1,0,1,1,1,Open Ombrophylous Forest,Mata Atlantica,Sedimentary Rock,Profile,YES,Northeast
637.0,240.0,15.2,13.0,5.2,44.1,1,1,0,1,1,1,Amazon Rainforest,Amazonia,Sedimentary Rock,Auger,NO,Northeast
502.0,145.0,13.45,15.3,16.3,57.6,0,0,0,0,0,0,Seasonal Semideciduous Forest,Mata Atlantica,Metamorphic Rock,Profile,YES,Northeast
649.3333,12.0,8.31,13.0,5.2,44.1,0,0,0,1,1,1,Dense Ombrophylous Forest,Amazonia,Sedimentary Rock,Profile,NO,Northeast
704.0,289.0,63.2,6.1,8.7,115.41,0,0,0,0,0,0,Dense Ombrophylous Forest,Mata Atlantica,Sedimentary Rock,Auger,NO,Northeast
637.0,240.0,45.34,13.0,5.2,44.1,1,1,0,1,1,1,Open Ombrophylous Forest,Mata Atlantica,Sedimentary Rock,Profile,YES,Northeast
951.0,22.0,9.21,18.0,18.0,115.36,0,0,0,0,0,0,Dense Ombrophylous Forest,Amazonia,Igneous Rock,Profile,YES,Northeast
704.0,150.0,13.96,8.1,4.0,52.9,0,0,0,0,0,0,Seasonal Semideciduous Forest,Mata Atlantica,Metamorphic Rock,Profile,YES,Northeast
287.0,170.0,17.9,72.0,85.0,33.468,0,0,0,0,0,0,Dense Ombrophylous Forest,Amazonia,Igneous Rock,Profile,YES,Northeast
250.0,470.0,37.0,141.0,40.0,181.0,0,0,0,0,0,0,Areas of Ecological Tension,Cerrado,Metamorphic Rock,Auger,NO,Northeast
253.0,253.0,26.94,41.0,119.0,24.227,0,0,0,0,0,0,Dense Ombrophylous Forest,Amazonia,Sedimentary Rock,Profile,NO,Northeast
637.0,240.0,8.15,13.0,5.2,44.1,1,1,0,1,1,1,Steppe,Caatinga,Sedimentary Rock,Profile,YES,Northeast
637.0,240.0,22.93,13.0,5.2,44.1,1,1,0,1,1,1,Areas of Ecological Tension,Caatinga,Metamorphic Rock,Profile,YES,Northeast
637.0,240.0,5.711111,13.0,5.2,44.1,1,1,0,1,1,1,Amazon Rainforest,Amazonia,Sedimentary Rock,Auger,NO,Northeast
884.0,108.0,11.9,10.7,5.1,39.39,0,0,0,0,0,0,Dense Ombrophylous Forest,Mata Atlantica,Sedimentary Rock,Auger,NO,Northeast
856.0,104.0,18.1,8.3,2.9,35.58,0,0,0,0,0,0,Dense Ombrophylous Forest,Mata Atlantica,Igneous Rock,Auger,NO,Northeast
946.0,38.0,8.04,13.0,5.2,44.1,0,0,0,1,1,1,Dense Ombrophylous Forest,Amazonia,Sedimentary Rock,Profile,NO,Northeast
139.0,413.0,7.82,20.0,58.0,147.15,0,0,0,0,0,0,Dense Ombrophylous Forest,Amazonia,Sedimentary Rock,Profile,NO,Northeast
50.0,550.0,17.0,13.0,5.2,44.1,0,0,1,1,1,1,Mixed Ombrophylous Forest,Mata Atlantica,Sedimentary Rock,Desconhecido,YES,South
370.0,350.0,17.0,13.0,5.2,44.1,0,0,1,1,1,1,Dense Ombrophylous Forest,Mata Atlantica,Igneous Rock,Desconhecido,YES,South
68.78,765.79,9.98,0.5,0.3,8.6,0,0,0,0,0,0,Mixed Ombrophylous Forest,Mata Atlantica,Igneous Rock,Profile,NO,South
120.0,570.0,17.0,13.0,5.2,44.1,0,0,1,1,1,1,Mixed Ombrophylous Forest,Mata Atlantica,Igneous Rock,Desconhecido,NO,South
180.0,430.0,17.0,13.0,5.2,44.1,0,0,1,1,1,1,Mixed Ombrophylous Forest,Mata Atlantica,Igneous Rock,Desconhecido,NO,South
90.0,480.0,17.0,13.0,5.2,44.1,0,0,1,1,1,1,Dense Ombrophylous Forest,Mata Atlantica,Sedimentary Rock,Desconhecido,NO,South
70.0,690.0,17.0,13.0,5.2,44.1,0,0,1,1,1,1,Mixed Ombrophylous Forest,Mata Atlantica,Igneous Rock,Desconhecido,NO,South
240.0,310.0,17.0,13.0,5.2,44.1,0,0,1,1,1,1,Mixed Ombrophylous Forest,Mata Atlantica,Igneous Rock,Desconhecido,NO,South
100.0,560.0,45.17,13.0,5.2,44.1,0,0,0,1,1,1,Areas of Ecological Tension,Mata Atlantica,Igneous Rock,Auger,NO,South
110.0,580.0,43.1,13.0,5.2,44.1,0,0,0,1,1,1,Seasonal Deciduous Forest,Mata Atlantica,Igneous Rock,Auger,NO,South
270.0,360.0,17.0,13.0,5.2,44.1,0,0,1,1,1,1,Dense Ombrophylous Forest,Mata Atlantica,Sedimentary Rock,Desconhecido,NO,South
130.0,490.0,17.0,13.0,5.2,44.1,0,0,1,1,1,1,Desconhecido,Desconhecido,Desconhecido,Desconhecido,NO,South
72.45,656.52,39.9,5.7,3.2,16.2,0,0,0,0,0,0,Mixed Ombrophylous Forest,Mata Atlantica,Igneous Rock,Profile,NO,South
240.0,330.0,17.0,13.0,5.2,44.1,0,0,1,1,1,1,Mixed Ombrophylous Forest,Mata Atlantica,Igneous Rock,Desconhecido,NO,South
100.0,630.0,17.0,13.0,5.2,44.1,0,0,1,1,1,1,Mixed Ombrophylous Forest,Mata Atlantica,Igneous Rock,Desconhecido,YES,South
200.0,260.0,17.0,13.0,5.2,44.1,0,0,1,1,1,1,Dense Ombrophylous Forest,Mata Atlantica,Sedimentary Rock,Desconhecido,NO,South
60.0,490.0,17.0,13.0,5.2,44.1,0,0,1,1,1,1,Mixed Ombrophylous Forest,Mata Atlantica,Igneous Rock,Desconhecido,NO,South
90.0,550.0,54.82,13.0,5.2,44.1,0,0,0,1,1,1,Seasonal Deciduous Forest,Mata Atlantica,Igneous Rock,Auger,NO,South
400.0,380.0,17.0,13.0,5.2,44.1,0,0,1,1,1,1,Dense Ombrophylous Forest,Mata Atlantica,Metamorphic Rock,Desconhecido,NO,South
150.0,520.0,56.37,13.0,5.2,44.1,0,0,0,1,1,1,Seasonal Deciduous Forest,Mata Atlantica,Igneous Rock,Auger,NO,South
450.0,350.0,17.0,13.0,5.2,44.1,0,0,1,1,1,1,Dense Ombrophylous Forest,Mata Atlantica,Sedimentary Rock,Desconhecido,NO,South
120.0,560.0,38.79,13.0,5.2,44.1,0,0,0,1,1,1,Seasonal Deciduous Forest,Mata Atlantica,Igneous Rock,Auger,NO,South
300.0,290.0,17.0,13.0,5.2,44.1,0,0,1,1,1,1,Dense Ombrophylous Forest,Mata Atlantica,Sedimentary Rock,Desconhecido,NO,South
110.0,630.0,54.65,13.0,5.2,44.1,0,0,0,1,1,1,Seasonal Deciduous Forest,Mata Atlantica,Igneous Rock,Auger,NO,South
45.16,760.76,11.97,0.4,0.3,4.6,0,0,0,0,0,0,Mixed Ombrophylous Forest,Mata Atlantica,Igneous Rock,Profile,NO,South
322.0,245.0,16.03,157.9,34.5,21.55,0,0,0,0,0,0,Seasonal Deciduous Forest,Mata Atlantica,Igneous Rock,Auger,NO,South
80.0,640.0,17.0,13.0,5.2,44.1,0,0,1,1,1,1,Mixed Ombrophylous Forest,Mata Atlantica,Igneous Rock,Desconhecido,YES,South
580.0,280.0,17.0,13.0,5.2,44.1,0,0,1,1,1,1,Dense Ombrophylous Forest,Mata Atlantica,Igneous Rock,Desconhecido,NO,South
100.0,640.0,17.0,13.0,5.2,44.1,0,0,1,1,1,1,Seasonal Deciduous Forest,Mata Atlantica,Igneous Rock,Desconhecido,NO,South
590.0,270.0,17.0,13.0,5.2,44.1,0,0,1,1,1,1,Dense Ombrophylous Forest,Mata Atlantica,Sedimentary Rock,Desconhecido,NO,South
24.55,672.41,8.866667,1.3,0.2,6.9,0,0,0,0,0,0,Savannah,Mata Atlantica,Igneous Rock,Profile,NO,South
240.0,430.0,17.0,13.0,5.2,44.1,0,0,1,1,1,1,Dense Ombrophylous Forest,Mata Atlantica,Metamorphic Rock,Desconhecido,NO,South
80.0,610.0,17.0,13.0,5.2,44.1,0,0,1,1,1,1,Dense Ombrophylous Forest,Mata Atlantica,Sedimentary Rock,Desconhecido,NO,South
395.0,176.0,25.11,27.1,13.6,132.6,0,0,0,0,0,0,Seasonal Deciduous Forest,Mata Atlantica,Igneous Rock,Auger,NO,South
680.0,80.0,17.0,13.0,5.2,44.1,0,0,1,1,1,1,Dense Ombrophylous Forest,Mata Atlantica,Sedimentary Rock,Desconhecido,NO,South
70.0,600.0,50.51,13.0,5.2,44.1,0,0,0,1,1,1,Mixed Ombrophylous Forest,Mata Atlantica,Igneous Rock,Auger,NO,South
100.0,610.0,17.0,13.0,5.2,44.1,0,0,1,1,1,1,Seasonal Deciduous Forest,Mata Atlantica,Igneous Rock,Desconhecido,YES,South
230.0,250.0,17.0,13.0,5.2,44.1,0,0,1,1,1,1,Mixed Ombrophylous Forest,Mata Atlantica,Igneous Rock,Desconhecido,NO,South
100.0,400.0,17.0,13.0,5.2,44.1,0,0,1,1,1,1,Dense Ombrophylous Forest,Mata Atlantica,Metamorphic Rock,Desconhecido,NO,South
260.0,230.0,17.0,13.0,5.2,44.1,0,0,1,1,1,1,Dense Ombrophylous Forest,Mata Atlantica,Igneous Rock,Desconhecido,YES,South
250.0,310.0,17.0,13.0,5.2,44.1,0,0,1,1,1,1,Mixed Ombrophylous Forest,Mata Atlantica,Igneous Rock,Desconhecido,YES,South
160.0,530.0,35.69,13.0,5.2,44.1,0,0,0,1,1,1,Areas of Ecological Tension,Mata Atlantica,Igneous Rock,Auger,NO,South
160.0,330.0,95.85,13.0,5.2,44.1,0,0,0,1,1,1,Seasonal Deciduous Forest,Mata Atlantica,Igneous Rock,Auger,NO,South
130.0,590.0,17.0,13.0,5.2,44.1,0,0,1,1,1,1,Seasonal Deciduous Forest,Mata Atlantica,Igneous Rock,Desconhecido,NO,South
119.0,540.0,28.96,95.0,38.0,172.0,0,0,0,0,0,0,Seasonal Deciduous Forest,Mata Atlantica,Igneous Rock,Profile,NO,South
450.0,320.0,17.0,13.0,5.2,44.1,0,0,1,1,1,1,Dense Ombrophylous Forest,Mata Atlantica,Sedimentary Rock,Desconhecido,NO,South
290.0,470.0,17.0,13.0,5.2,44.1,0,0,1,1,1,1,Dense Ombrophylous Forest,Mata Atlantica,Metamorphic Rock,Desconhecido,NO,South
40.71,682.12,32.92,0.5,0.2,14.7,0,0,0,0,0,0,Mixed Ombrophylous Forest,Mata Atlantica,Igneous Rock,Profile,NO,South
340.0,210.0,17.0,13.0,5.2,44.1,0,0,1,1,1,1,Mixed Ombrophylous Forest,Mata Atlantica,Sedimentary Rock,Desconhecido,NO,South
160.0,480.0,17.0,13.0,5.2,44.1,0,0,1,1,1,1,Mixed Ombrophylous Forest,Mata Atlantica,Sedimentary Rock,Desconhecido,NO,South
50.0,510.0,68.83,13.0,5.2,44.1,0,0,0,1,1,1,Mixed Ombrophylous Forest,Mata Atlantica,Igneous Rock,Auger,NO,South
60.0,690.0,17.0,13.0,5.2,44.1,0,0,1,1,1,1,Mixed Ombrophylous Forest,Mata Atlantica,Igneous Rock,Desconhecido,NO,South
130.0,580.0,17.0,13.0,5.2,44.1,0,0,1,1,1,1,Mixed Ombrophylous Forest,Mata Atlantica,Igneous Rock,Desconhecido,NO,South
150.0,510.0,17.0,13.0,5.2,44.1,0,0,1,1,1,1,Mixed Ombrophylous Forest,Mata Atlantica,Igneous Rock,Desconhecido,NO,South
572.0,163.0,25.97,34.0,11.8,135.8,0,0,0,0,0,0,Seasonal Deciduous Forest,Mata Atlantica,Sedimentary Rock,Auger,NO,South
170.0,550.0,17.0,13.0,5.2,44.1,0,0,1,1,1,1,Mixed Ombrophylous Forest,Mata Atlantica,Igneous Rock,Desconhecido,NO,South
70.0,700.0,17.0,13.0,5.2,44.1,0,0,1,1,1,1,Seasonal Deciduous Forest,Mata Atlantica,Igneous Rock,Desconhecido,NO,South
400.0,370.0,17.0,13.0,5.2,44.1,0,0,1,1,1,1,Dense Ombrophylous Forest,Mata Atlantica,Igneous Rock,Desconhecido,YES,South
610.0,160.0,17.0,13.0,5.2,44.1,0,0,1,1,1,1,Dense Ombrophylous Forest,Mata Atlantica,Igneous Rock,Desconhecido,NO,South
180.0,330.0,17.0,13.0,5.2,44.1,0,0,1,1,1,1,Dense Ombrophylous Forest,Mata Atlantica,Igneous Rock,Desconhecido,YES,South
354.82,352.75,50.22,2.6,0.8,185.4,0,0,0,0,0,0,Savannah,Mata Atlantica,Igneous Rock,Auger,NO,South
440.0,240.0,17.0,13.0,5.2,44.1,0,0,1,1,1,1,Seasonal Deciduous Forest,Mata Atlantica,Igneous Rock,Desconhecido,NO,South
70.0,690.0,36.2,13.0,5.2,44.1,0,0,0,1,1,1,Seasonal Deciduous Forest,Mata Atlantica,Igneous Rock,Auger,NO,South
40.0,730.0,17.0,13.0,5.2,44.1,0,0,1,1,1,1,Mixed Ombrophylous Forest,Mata Atlantica,Igneous Rock,Desconhecido,NO,South
240.0,480.0,17.0,13.0,5.2,44.1,0,0,1,1,1,1,Mixed Ombrophylous Forest,Mata Atlantica,Igneous Rock,Desconhecido,NO,South
340.0,320.0,17.0,13.0,5.2,44.1,0,0,1,1,1,1,Mixed Ombrophylous Forest,Mata Atlantica,Sedimentary Rock,Desconhecido,YES,South
755.0,113.0,23.91,8.9,2.5,77.1,0,0,0,0,0,0,Seasonal Deciduous Forest,Mata Atlantica,Sedimentary Rock,Auger,NO,South
300.0,420.0,17.0,13.0,5.2,44.1,0,0,1,1,1,1,Mixed Ombrophylous Forest,Mata Atlantica,Sedimentary Rock,Desconhecido,NO,South
510.0,320.0,17.0,13.0,5.2,44.1,0,0,1,1,1,1,Mixed Ombrophylous Forest,Mata Atlantica,Sedimentary Rock,Desconhecido,NO,South
310.0,490.0,17.0,13.0,5.2,44.1,0,0,1,1,1,1,Mixed Ombrophylous Forest,Mata Atlantica,Sedimentary Rock,Desconhecido,NO,South
230.0,320.0,41.22,13.0,5.2,44.1,0,0,0,1,1,1,Mixed Ombrophylous Forest,Mata Atlantica,Igneous Rock,Auger,NO,South
190.0,390.0,17.0,13.0,5.2,44.1,0,0,1,1,1,1,Seasonal Deciduous Forest,Mata Atlantica,Igneous Rock,Desconhecido,NO,South
380.0,200.0,17.0,13.0,5.2,44.1,0,0,1,1,1,1,Dense Ombrophylous Forest,Mata Atlantica,Igneous Rock,Desconhecido,NO,South
170.0,480.0,17.0,13.0,5.2,44.1,0,0,1,1,1,1,Savannah,Mata Atlantica,Igneous Rock,Desconhecido,YES,South
130.0,560.0,17.0,13.0,5.2,44.1,0,0,1,1,1,1,Mixed Ombrophylous Forest,Mata Atlantica,Igneous Rock,Desconhecido,NO,South
140.0,590.0,35.69,13.0,5.2,44.1,0,0,0,1,1,1,Seasonal Deciduous Forest,Mata Atlantica,Igneous Rock,Auger,NO,South
410.0,300.0,17.0,13.0,5.2,44.1,0,0,1,1,1,1,Mixed Ombrophylous Forest,Mata Atlantica,Sedimentary Rock,Desconhecido,NO,South
410.0,110.0,17.0,13.0,5.2,44.1,0,0,1,1,1,1,Dense Ombrophylous Forest,Mata Atlantica,Sedimentary Rock,Desconhecido,YES,South
266.0,323.0,45.06,14.6,3.3,124.1,0,0,0,0,0,0,Seasonal Deciduous Forest,Mata Atlantica,Igneous Rock,Auger,NO,South
70.0,610.0,71.9,13.0,5.2,44.1,0,0,0,1,1,1,Mixed Ombrophylous Forest,Mata Atlantica,Igneous Rock,Auger,NO,South
80.0,710.0,17.0,13.0,5.2,44.1,0,0,1,1,1,1,Mixed Ombrophylous Forest,Mata Atlantica,Igneous Rock,Desconhecido,NO,South
140.0,500.0,17.0,13.0,5.2,44.1,0,0,1,1,1,1,Dense Ombrophylous Forest,Mata Atlantica,Igneous Rock,Desconhecido,NO,South
170.0,500.0,17.0,13.0,5.2,44.1,0,0,1,1,1,1,Seasonal Deciduous Forest,Mata Atlantica,Igneous Rock,Desconhecido,NO,South
380.0,330.0,17.0,13.0,5.2,44.1,0,0,1,1,1,1,Mixed Ombrophylous Forest,Mata Atlantica,Sedimentary Rock,Desconhecido,NO,South
210.0,320.0,17.0,13.0,5.2,44.1,0,0,1,1,1,1,Seasonal Deciduous Forest,Mata Atlantica,Igneous Rock,Desconhecido,NO,South
130.0,550.0,54.31,13.0,5.2,44.1,0,0,0,1,1,1,Seasonal Deciduous Forest,Mata Atlantica,Igneous Rock,Auger,NO,South
260.0,440.0,17.0,13.0,5.2,44.1,0,0,1,1,1,1,Mixed Ombrophylous Forest,Mata Atlantica,Igneous Rock,Desconhecido,NO,South
36.06,658.3,62.45,1.5,0.5,16.2,0,0,0,0,0,0,Mixed Ombrophylous Forest,Mata Atlantica,Igneous Rock,Auger,NO,South
250.0,400.0,17.0,13.0,5.2,44.1,0,0,1,1,1,1,Dense Ombrophylous Forest,Mata Atlantica,Metamorphic Rock,Desconhecido,NO,South
117.01,471.61,60.6,4.0,1.3,155.5,0,0,0,0,0,0,Savannah,Mata Atlantica,Igneous Rock,Auger,NO,South
130.0,580.0,17.0,13.0,5.2,44.1,0,0,1,1,1,1,Mixed Ombrophylous Forest,Mata Atlantica,Igneous Rock,Desconhecido,NO,South
110.0,580.0,17.0,13.0,5.2,44.1,0,0,1,1,1,1,Seasonal Deciduous Forest,Mata Atlantica,Igneous Rock,Desconhecido,NO,South
270.0,540.0,17.0,13.0,5.2,44.1,0,0,1,1,1,1,Dense Ombrophylous Forest,Mata Atlantica,Metamorphic Rock,Desconhecido,NO,South
120.0,610.0,17.0,13.0,5.2,44.1,0,0,1,1,1,1,Mixed Ombrophylous Forest,Mata Atlantica,Igneous Rock,Desconhecido,NO,South
797.0,88.0,16.17,16.7,4.3,67.3,0,0,0,0,0,0,Seasonal Deciduous Forest,Mata Atlantica,Sedimentary Rock,Auger,NO,South
880.0,20.0,17.0,13.0,5.2,44.1,0,0,1,1,1,1,Dense Ombrophylous Forest,Mata Atlantica,Igneous Rock,Desconhecido,NO,South
190.0,480.0,17.0,13.0,5.2,44.1,0,0,1,1,1,1,Savannah,Mata Atlantica,Igneous Rock,Desconhecido,NO,South
90.0,490.0,56.37,13.0,5.2,44.1,0,0,0,1,1,1,Seasonal Deciduous Forest,Mata Atlantica,Igneous Rock,Auger,NO,South
130.0,560.0,50.17,13.0,5.2,44.1,0,0,0,1,1,1,Areas of Ecological Tension,Mata Atlantica,Igneous Rock,Auger,NO,South
388.0,244.0,93.22667,143.4,62.1,26.92,0,0,0,0,0,0,Seasonal Deciduous Forest,Mata Atlantica,Sedimentary Rock,Auger,NO,South
90.0,690.0,17.0,13.0,5.2,44.1,0,0,1,1,1,1,Mixed Ombrophylous Forest,Mata Atlantica,Igneous Rock,Desconhecido,YES,South
316.5,365.3,61.66,3.0,1.9,14.3,0,0,0,0,0,0,Savannah,Mata Atlantica,Igneous Rock,Auger,NO,South
380.0,290.0,17.0,13.0,5.2,44.1,0,0,1,1,1,1,Mixed Ombrophylous Forest,Mata Atlantica,Sedimentary Rock,Desconhecido,NO,South
283.0,324.0,86.86,38.1,19.1,19.86,0,0,0,0,0,0,Seasonal Deciduous Forest,Mata Atlantica,Igneous Rock,Auger,NO,South
190.0,560.0,17.0,13.0,5.2,44.1,0,0,1,1,1,1,Seasonal Deciduous Forest,Mata Atlantica,Igneous Rock,Desconhecido,NO,South
530.0,280.0,17.0,13.0,5.2,44.1,0,0,1,1,1,1,Dense Ombrophylous Forest,Mata Atlantica,Sedimentary Rock,Desconhecido,NO,South
150.0,610.0,17.0,13.0,5.2,44.1,0,0,1,1,1,1,Mixed Ombrophylous Forest,Mata Atlantica,Igneous Rock,Desconhecido,YES,South
180.0,430.0,118.16,13.0,5.2,44.1,0,0,0,1,1,1,Savannah,Mata Atlantica,Igneous Rock,Auger,NO,South
250.0,430.0,17.0,13.0,5.2,44.1,0,0,1,1,1,1,Mixed Ombrophylous Forest,Mata Atlantica,Igneous Rock,Desconhecido,NO,South
440.0,170.0,17.0,13.0,5.2,44.1,0,0,1,1,1,1,Dense Ombrophylous Forest,Mata Atlantica,Sedimentary Rock,Desconhecido,NO,South
60.0,630.0,17.0,13.0,5.2,44.1,0,0,1,1,1,1,Mixed Ombrophylous Forest,Mata Atlantica,Sedimentary Rock,Desconhecido,NO,South
417.0,65.0,90.99,129.4,21.3,21.13,0,0,0,0,0,0,Seasonal Deciduous Forest,Mata Atlantica,Igneous Rock,Auger,NO,South
480.0,270.0,17.0,13.0,5.2,44.1,0,0,1,1,1,1,Dense Ombrophylous Forest,Mata Atlantica,Igneous Rock,Desconhecido,NO,South
80.0,370.0,17.0,13.0,5.2,44.1,0,0,1,1,1,1,Dense Ombrophylous Forest,Mata Atlantica,Sedimentary Rock,Desconhecido,NO,South
220.0,430.0,17.0,13.0,5.2,44.1,0,0,1,1,1,1,Mixed Ombrophylous Forest,Mata Atlantica,Sedimentary Rock,Desconhecido,YES,South
251.0,202.0,41.8,62.0,35.2,153.1,0,0,0,0,0,0,Seasonal Deciduous Forest,Mata Atlantica,Igneous Rock,Auger,NO,South
430.0,150.0,17.0,13.0,5.2,44.1,0,0,1,1,1,1,Dense Ombrophylous Forest,Mata Atlantica,Sedimentary Rock,Desconhecido,YES,South
270.0,180.0,17.0,13.0,5.2,44.1,0,0,1,1,1,1,Dense Ombrophylous Forest,Mata Atlantica,Sedimentary Rock,Desconhecido,YES,South
73.0,673.0,35.69,68.0,25.0,168.0,0,0,0,0,0,0,Seasonal Deciduous Forest,Mata Atlantica,Igneous Rock,Profile,NO,South
60.97,566.42,78.05,8.5,4.5,19.2,0,0,0,0,0,0,Mixed Ombrophylous Forest,Mata Atlantica,Igneous Rock,Auger,NO,South
220.0,460.0,17.0,13.0,5.2,44.1,0,0,1,1,1,1,Dense Ombrophylous Forest,Mata Atlantica,Igneous Rock,Desconhecido,NO,South
170.0,500.0,17.0,13.0,5.2,44.1,0,0,1,1,1,1,Mixed Ombrophylous Forest,Mata Atlantica,Igneous Rock,Desconhecido,NO,South
500.0,130.0,17.0,13.0,5.2,44.1,0,0,1,1,1,1,Seasonal Deciduous Forest,Mata Atlantica,Igneous Rock,Desconhecido,YES,South
160.0,580.0,43.1,13.0,5.2,44.1,0,0,0,1,1,1,Seasonal Deciduous Forest,Mata Atlantica,Igneous Rock,Auger,NO,South
845.0,76.0,17.54,31.0,4.8,55.3,0,0,0,0,0,0,Seasonal Deciduous Forest,Mata Atlantica,Sedimentary Rock,Auger,NO,South
280.0,330.0,17.0,13.0,5.2,44.1,0,0,1,1,1,1,Dense Ombrophylous Forest,Mata Atlantica,Sedimentary Rock,Desconhecido,YES,South
300.0,280.0,17.0,13.0,5.2,44.1,0,0,1,1,1,1,Mixed Ombrophylous Forest,Mata Atlantica,Igneous Rock,Desconhecido,NO,South
220.0,340.0,17.0,13.0,5.2,44.1,0,0,1,1,1,1,Dense Ombrophylous Forest,Mata Atlantica,Sedimentary Rock,Desconhecido,NO,South
330.0,370.0,17.0,13.0,5.2,44.1,0,0,1,1,1,1,Seasonal Deciduous Forest,Mata Atlantica,Igneous Rock,Desconhecido,NO,South
130.0,500.0,17.0,13.0,5.2,44.1,0,0,1,1,1,1,Mixed Ombrophylous Forest,Mata Atlantica,Sedimentary Rock,Desconhecido,YES,South
350.0,430.0,17.0,13.0,5.2,44.1,0,0,1,1,1,1,Dense Ombrophylous Forest,Mata Atlantica,Sedimentary Rock,Desconhecido,YES,South
110.0,600.0,17.0,13.0,5.2,44.1,0,0,1,1,1,1,Mixed Ombrophylous Forest,Mata Atlantica,Igneous Rock,Desconhecido,NO,South
330.0,200.0,17.0,13.0,5.2,44.1,0,0,1,1,1,1,Dense Ombrophylous Forest,Mata Atlantica,Sedimentary Rock,Desconhecido,NO,South
40.0,720.0,56.19,13.0,5.2,44.1,0,0,0,1,1,1,Mixed Ombrophylous Forest,Mata Atlantica,Igneous Rock,Auger,NO,South
310.0,230.0,17.0,13.0,5.2,44.1,0,0,1,1,1,1,Seasonal Deciduous Forest,Mata Atlantica,Igneous Rock,Desconhecido,NO,South
400.0,280.0,17.0,13.0,5.2,44.1,0,0,1,1,1,1,Mixed Ombrophylous Forest,Mata Atlantica,Sedimentary Rock,Desconhecido,YES,South
280.0,280.0,17.0,13.0,5.2,44.1,0,0,1,1,1,1,Seasonal Deciduous Forest,Mata Atlantica,Igneous Rock,Desconhecido,NO,South
40.0,580.0,17.0,13.0,5.2,44.1,0,0,1,1,1,1,Mixed Ombrophylous Forest,Mata Atlantica,Sedimentary Rock,Desconhecido,NO,South
770.0,126.0,27.69,18.2,3.1,121.5,0,0,0,0,0,0,Seasonal Deciduous Forest,Mata Atlantica,Igneous Rock,Auger,NO,South
617.0,145.0,31.3,9.2,2.9,85.9,0,0,0,0,0,0,Seasonal Deciduous Forest,Mata Atlantica,Sedimentary Rock,Auger,NO,South
450.0,220.0,17.0,13.0,5.2,44.1,0,0,1,1,1,1,Dense Ombrophylous Forest,Mata Atlantica,Sedimentary Rock,Desconhecido,NO,South
300.0,470.0,17.0,13.0,5.2,44.1,0,0,1,1,1,1,Dense Ombrophylous Forest,Mata Atlantica,Sedimentary Rock,Desconhecido,NO,South
150.0,420.0,17.0,13.0,5.2,44.1,0,0,1,1,1,1,Mixed Ombrophylous Forest,Mata Atlantica,Sedimentary Rock,Desconhecido,NO,South
150.0,490.0,37.07,13.0,5.2,44.1,0,0,0,1,1,1,Seasonal Deciduous Forest,Mata Atlantica,Igneous Rock,Auger,NO,South
181.0,292.0,79.12,67.3,19.1,145.6,0,0,0,0,0,0,Seasonal Deciduous Forest,Mata Atlantica,Igneous Rock,Auger,NO,South
50.0,450.0,17.0,13.0,5.2,44.1,0,0,1,1,1,1,Dense Ombrophylous Forest,Mata Atlantica,Sedimentary Rock,Desconhecido,YES,South
720.0,160.0,25.68,13.0,5.2,44.1,0,0,0,1,1,1,Mixed Ombrophylous Forest,Mata Atlantica,Igneous Rock,Auger,NO,South
100.0,520.0,17.0,13.0,5.2,44.1,0,0,1,1,1,1,Dense Ombrophylous Forest,Mata Atlantica,Sedimentary Rock,Desconhecido,NO,South
530.0,150.0,17.0,13.0,5.2,44.1,0,0,1,1,1,1,Dense Ombrophylous Forest,Mata Atlantica,Sedimentary Rock,Desconhecido,NO,South
460.0,320.0,17.0,13.0,5.2,44.1,0,0,1,1,1,1,Dense Ombrophylous Forest,Mata Atlantica,Igneous Rock,Desconhecido,NO,South
160.0,610.0,17.0,13.0,5.2,44.1,0,0,1,1,1,1,Mixed Ombrophylous Forest,Mata Atlantica,Igneous Rock,Desconhecido,NO,South
100.0,630.0,41.38,13.0,5.2,44.1,0,0,0,1,1,1,Seasonal Deciduous Forest,Mata Atlantica,Igneous Rock,Auger,NO,South
645.0,125.0,24.6,9.0,2.3,101.1,0,0,0,0,0,0,Seasonal Deciduous Forest,Mata Atlantica,Sedimentary Rock,Auger,NO,South
570.0,150.0,17.0,13.0,5.2,44.1,0,0,1,1,1,1,Dense Ombrophylous Forest,Mata Atlantica,Igneous Rock,Desconhecido,NO,South
270.0,310.0,17.0,13.0,5.2,44.1,0,0,1,1,1,1,Mixed Ombrophylous Forest,Mata Atlantica,Igneous Rock,Desconhecido,NO,South
160.0,490.0,34.48,13.0,5.2,44.1,0,0,0,1,1,1,Seasonal Deciduous Forest,Mata Atlantica,Igneous Rock,Auger,NO,South
106.0,626.0,17.0,13.0,5.2,44.1,0,0,1,1,1,1,Mixed Ombrophylous Forest,Mata Atlantica,Igneous Rock,Desconhecido,NO,South
560.0,190.0,17.0,13.0,5.2,44.1,0,0,1,1,1,1,Dense Ombrophylous Forest,Mata Atlantica,Sedimentary Rock,Desconhecido,NO,South
50.0,640.0,17.0,13.0,5.2,44.1,0,0,1,1,1,1,Mixed Ombrophylous Forest,Mata Atlantica,Sedimentary Rock,Desconhecido,NO,South
312.0,265.0,34.4,97.0,47.0,19.55,0,0,0,0,0,0,Seasonal Deciduous Forest,Mata Atlantica,Igneous Rock,Auger,NO,South
280.0,460.0,17.0,13.0,5.2,44.1,0,0,1,1,1,1,Mixed Ombrophylous Forest,Mata Atlantica,Igneous Rock,Desconhecido,NO,South
165.0,298.0,106.3,131.4,58.4,27.04,0,0,0,0,0,0,Seasonal Deciduous Forest,Mata Atlantica,Igneous Rock,Auger,NO,South
170.0,340.0,17.0,13.0,5.2,44.1,0,0,1,1,1,1,Dense Ombrophylous Forest,Mata Atlantica,Sedimentary Rock,Desconhecido,NO,South
280.0,330.0,17.0,13.0,5.2,44.1,0,0,1,1,1,1,Dense Ombrophylous Forest,Mata Atlantica,Igneous Rock,Desconhecido,NO,South
646.6667,10.0,17.0,13.0,5.2,44.1,0,0,1,1,1,1,Dense Ombrophylous Forest,Mata Atlantica,Igneous Rock,Desconhecido,NO,South
480.0,210.0,17.0,13.0,5.2,44.1,0,0,1,1,1,1,Mixed Ombrophylous Forest,Mata Atlantica,Sedimentary Rock,Desconhecido,NO,South
42.56,698.1,51.43,1.2,0.6,14.2,0,0,0,0,0,0,Mixed Ombrophylous Forest,Mata Atlantica,Igneous Rock,Auger,NO,South
210.0,430.0,17.0,13.0,5.2,44.1,0,0,1,1,1,1,Mixed Ombrophylous Forest,Mata Atlantica,Igneous Rock,Desconhecido,NO,South
150.0,610.0,17.0,13.0,5.2,44.1,0,0,1,1,1,1,Mixed Ombrophylous Forest,Mata Atlantica,Igneous Rock,Desconhecido,NO,South
170.0,460.0,17.0,13.0,5.2,44.1,0,0,1,1,1,1,Dense Ombrophylous Forest,Mata Atlantica,Metamorphic Rock,Desconhecido,NO,South
370.0,210.0,17.0,13.0,5.2,44.1,0,0,1,1,1,1,Seasonal Deciduous Forest,Mata Atlantica,Igneous Rock,Desconhecido,NO,South
792.0,102.0,20.98,24.4,4.6,85.3,0,0,0,0,0,0,Seasonal Deciduous Forest,Mata Atlantica,Sedimentary Rock,Auger,NO,South
90.0,640.0,17.0,13.0,5.2,44.1,0,0,1,1,1,1,Mixed Ombrophylous Forest,Mata Atlantica,Igneous Rock,Desconhecido,NO,South
260.0,310.0,17.0,13.0,5.2,44.1,0,0,1,1,1,1,Seasonal Deciduous Forest,Mata Atlantica,Igneous Rock,Desconhecido,NO,South
714.0,115.0,23.05,29.1,11.9,92.4,0,0,0,0,0,0,Seasonal Deciduous Forest,Mata Atlantica,Sedimentary Rock,Auger,NO,South
272.0,273.0,27.35,28.0,17.4,96.3,0,0,0,0,0,0,Seasonal Deciduous Forest,Mata Atlantica,Igneous Rock,Auger,NO,South
290.0,340.0,17.0,13.0,5.2,44.1,0,0,1,1,1,1,Mixed Ombrophylous Forest,Mata Atlantica,Igneous Rock,Desconhecido,NO,South
120.0,590.0,17.0,13.0,5.2,44.1,0,0,1,1,1,1,Mixed Ombrophylous Forest,Mata Atlantica,Igneous Rock,Desconhecido,NO,South
160.0,170.0,17.0,13.0,5.2,44.1,0,0,1,1,1,1,Dense Ombrophylous Forest,Mata Atlantica,Sedimentary Rock,Desconhecido,YES,South
300.0,367.0,47.13,10.1,2.2,138.1,0,0,0,0,0,0,Seasonal Deciduous Forest,Mata Atlantica,Igneous Rock,Auger,NO,South
380.0,160.0,17.0,13.0,5.2,44.1,0,0,1,1,1,1,Dense Ombrophylous Forest,Mata Atlantica,Sedimentary Rock,Desconhecido,NO,South
340.0,260.0,17.0,13.0,5.2,44.1,0,0,1,1,1,1,Seasonal Deciduous Forest,Mata Atlantica,Igneous Rock,Desconhecido,NO,South
310.0,200.0,17.0,13.0,5.2,44.1,0,0,1,1,1,1,Mixed Ombrophylous Forest,Mata Atlantica,Igneous Rock,Desconhecido,NO,South
200.0,260.0,17.0,13.0,5.2,44.1,0,0,1,1,1,1,Savannah,Mata Atlantica,Igneous Rock,Desconhecido,NO,South
150.0,490.0,52.41,13.0,5.2,44.1,0,0,0,1,1,1,Seasonal Deciduous Forest,Mata Atlantica,Igneous Rock,Auger,YES,South
280.0,420.0,17.0,13.0,5.2,44.1,0,0,1,1,1,1,Mixed Ombrophylous Forest,Mata Atlantica,Igneous Rock,Desconhecido,NO,South
270.0,320.0,17.0,13.0,5.2,44.1,0,0,1,1,1,1,Dense Ombrophylous Forest,Mata Atlantica,Metamorphic Rock,Desconhecido,YES,South
420.0,340.0,17.0,13.0,5.2,44.1,0,0,1,1,1,1,Dense Ombrophylous Forest,Mata Atlantica,Metamorphic Rock,Desconhecido,NO,South
691.0,113.0,25.28,15.8,3.1,64.2,0,0,0,0,0,0,Seasonal Deciduous Forest,Mata Atlantica,Sedimentary Rock,Auger,NO,South
250.0,350.0,17.0,13.0,5.2,44.1,0,0,1,1,1,1,Mixed Ombrophylous Forest,Mata Atlantica,Igneous Rock,Desconhecido,NO,South
220.0,490.0,17.0,13.0,5.2,44.1,0,0,1,1,1,1,Mixed Ombrophylous Forest,Mata Atlantica,Igneous Rock,Desconhecido,NO,South
230.0,400.0,17.0,13.0,5.2,44.1,0,0,1,1,1,1,Mixed Ombrophylous Forest,Mata Atlantica,Sedimentary Rock,Desconhecido,NO,South
170.0,280.0,74.13,13.0,5.2,44.1,0,0,0,1,1,1,Seasonal Deciduous Forest,Mata Atlantica,Igneous Rock,Auger,NO,South
180.0,450.0,17.0,13.0,5.2,44.1,0,0,1,1,1,1,Mixed Ombrophylous Forest,Mata Atlantica,Igneous Rock,Desconhecido,YES,South
535.0,147.0,27.35,18.5,2.6,88.8,0,0,0,0,0,0,Seasonal Deciduous Forest,Mata Atlantica,Sedimentary Rock,Auger,NO,South
130.0,460.0,17.0,13.0,5.2,44.1,0,0,1,1,1,1,Dense Ombrophylous Forest,Mata Atlantica,Sedimentary Rock,Desconhecido,NO,South
90.0,500.0,67.24,13.0,5.2,44.1,0,0,0,1,1,1,Seasonal Deciduous Forest,Mata Atlantica,Igneous Rock,Auger,NO,South
20.0,740.0,17.0,13.0,5.2,44.1,0,0,1,1,1,1,Mixed Ombrophylous Forest,Mata Atlantica,Igneous Rock,Desconhecido,NO,South
420.0,380.0,17.0,13.0,5.2,44.1,0,0,1,1,1,1,Dense Ombrophylous Forest,Mata Atlantica,Igneous Rock,Desconhecido,YES,South
904.0,40.0,9.12,3.2,1.0,41.4,0,0,0,0,0,0,Seasonal Deciduous Forest,Mata Atlantica,Sedimentary Rock,Auger,NO,South
170.0,470.0,17.0,13.0,5.2,44.1,0,0,1,1,1,1,Mixed Ombrophylous Forest,Mata Atlantica,Igneous Rock,Desconhecido,NO,South
70.0,650.0,17.0,13.0,5.2,44.1,0,0,1,1,1,1,Seasonal Deciduous Forest,Mata Atlantica,Igneous Rock,Desconhecido,NO,South
506.0,143.0,46.61,46.8,25.9,118.1,0,0,0,0,0,0,Seasonal Deciduous Forest,Mata Atlantica,Sedimentary Rock,Auger,NO,South
240.0,390.0,17.0,13.0,5.2,44.1,0,0,1,1,1,1,Seasonal Deciduous Forest,Mata Atlantica,Igneous Rock,Desconhecido,NO,South
50.0,750.0,17.0,13.0,5.2,44.1,0,0,1,1,1,1,Mixed Ombrophylous Forest,Mata Atlantica,Igneous Rock,Desconhecido,YES,South
390.0,350.0,17.0,13.0,5.2,44.1,0,0,1,1,1,1,Dense Ombrophylous Forest,Mata Atlantica,Sedimentary Rock,Desconhecido,NO,South
19.6,608.0,9.58,0.1,0.1,8.6,0,0,0,0,0,0,Savannah,Mata Atlantica,Igneous Rock,Auger,NO,South
278.0,145.0,16.17,52.7,21.1,99.6,0,0,0,0,0,0,Seasonal Deciduous Forest,Mata Atlantica,Igneous Rock,Auger,NO,South
310.0,510.0,17.0,13.0,5.2,44.1,0,0,1,1,1,1,Mixed Ombrophylous Forest,Mata Atlantica,Sedimentary Rock,Desconhecido,NO,South
70.0,630.0,17.0,13.0,5.2,44.1,0,0,1,1,1,1,Mixed Ombrophylous Forest,Mata Atlantica,Igneous Rock,Desconhecido,YES,South
710.0,120.0,17.0,13.0,5.2,44.1,0,0,1,1,1,1,Dense Ombrophylous Forest,Mata Atlantica,Igneous Rock,Desconhecido,NO,South
520.0,90.0,17.0,13.0,5.2,44.1,0,0,1,1,1,1,Dense Ombrophylous Forest,Mata Atlantica,Igneous Rock,Desconhecido,NO,South
55.4,642.4,50.72,0.6,0.5,10.8,0,0,0,0,0,0,Mixed Ombrophylous Forest,Mata Atlantica,Igneous Rock,Auger,NO,South
900.0,10.0,17.0,13.0,5.2,44.1,0,0,1,1,1,1,Dense Ombrophylous Forest,Pampa,Metamorphic Rock,Desconhecido,NO,South
440.0,130.0,17.0,13.0,5.2,44.1,0,0,1,1,1,1,Seasonal Deciduous Forest,Mata Atlantica,Igneous Rock,Desconhecido,NO,South
886.0,60.0,8.94,0.4,0.5,81.0,0,0,0,0,0,0,Seasonal Deciduous Forest,Mata Atlantica,Sedimentary Rock,Auger,NO,South
40.0,590.0,34.65,13.0,5.2,44.1,0,0,0,1,1,1,Seasonal Deciduous Forest,Mata Atlantica,Igneous Rock,Auger,NO,South
90.0,600.0,39.13,13.0,5.2,44.1,0,0,0,1,1,1,Seasonal Deciduous Forest,Mata Atlantica,Igneous Rock,Auger,NO,South
50.0,730.0,17.0,13.0,5.2,44.1,0,0,1,1,1,1,Mixed Ombrophylous Forest,Mata Atlantica,Igneous Rock,Desconhecido,NO,South
210.0,470.0,17.0,13.0,5.2,44.1,0,0,1,1,1,1,Mixed Ombrophylous Forest,Mata Atlantica,Igneous Rock,Desconhecido,NO,South
140.0,440.0,17.0,13.0,5.2,44.1,0,0,1,1,1,1,Mixed Ombrophylous Forest,Mata Atlantica,Igneous Rock,Desconhecido,NO,South
400.0,170.0,17.0,13.0,5.2,44.1,0,0,1,1,1,1,Mixed Ombrophylous Forest,Mata Atlantica,Igneous Rock,Desconhecido,NO,South
90.0,320.0,17.0,13.0,5.2,44.1,0,0,1,1,1,1,Mixed Ombrophylous Forest,Mata Atlantica,Igneous Rock,Desconhecido,NO,South
300.0,310.0,17.0,13.0,5.2,44.1,0,0,1,1,1,1,Dense Ombrophylous Forest,Mata Atlantica,Metamorphic Rock,Desconhecido,NO,South
801.0,96.0,28.9,42.3,9.3,116.7,0,0,0,0,0,0,Seasonal Deciduous Forest,Mata Atlantica,Sedimentary Rock,Auger,NO,South
284.0,323.0,17.0,13.0,5.2,44.1,0,0,1,1,1,1,Seasonal Deciduous Forest,Mata Atlantica,Igneous Rock,Desconhecido,NO,South
70.0,690.0,17.0,13.0,5.2,44.1,0,0,1,1,1,1,Mixed Ombrophylous Forest,Mata Atlantica,Igneous Rock,Desconhecido,NO,South
210.0,380.0,17.0,13.0,5.2,44.1,0,0,1,1,1,1,Dense Ombrophylous Forest,Mata Atlantica,Igneous Rock,Desconhecido,NO,South
370.0,110.0,17.0,13.0,5.2,44.1,0,0,1,1,1,1,Dense Ombrophylous Forest,Mata Atlantica,Sedimentary Rock,Desconhecido,NO,South
279.0,259.0,17.0,13.0,5.2,44.1,0,0,1,1,1,1,Dense Ombrophylous Forest,Mata Atlantica,Metamorphic Rock,Desconhecido,YES,South
300.0,380.0,17.0,13.0,5.2,44.1,0,0,1,1,1,1,Seasonal Deciduous Forest,Mata Atlantica,Igneous Rock,Desconhecido,NO,South
441.0,180.0,26.66,40.1,4.5,108.4,0,0,0,0,0,0,Seasonal Deciduous Forest,Mata Atlantica,Sedimentary Rock,Auger,NO,South
490.0,390.0,18.7,13.0,5.2,44.1,0,0,0,1,1,1,Seasonal Semideciduous Forest,Mata Atlantica,Metamorphic Rock,Auger,NO,Southeast
228.0,405.0,25.6,122.6,112.4,27.21,0,0,0,0,0,0,Seasonal Semideciduous Forest,Mata Atlantica,Igneous Rock,Auger,NO,Southeast
760.0,160.0,10.0,6.0,2.0,40.9,0,0,0,0,0,0,Seasonal Semideciduous Forest,Mata Atlantica,Sedimentary Rock,Auger,NO,Southeast
782.0,134.0,11.5,2.4,1.6,26.1,0,0,0,0,0,0,Seasonal Semideciduous Forest,Mata Atlantica,Sedimentary Rock,Auger,NO,Southeast
813.0,120.0,17.0,4.0,3.0,22.3,0,0,1,0,0,0,Seasonal Semideciduous Forest,Mata Atlantica,Sedimentary Rock,Auger,NO,Southeast
330.0,590.0,20.0,41.0,18.0,163.1,0,0,0,0,0,0,Seasonal Semideciduous Forest,Mata Atlantica,Igneous Rock,Auger,NO,Southeast
749.0,192.0,17.8,18.4,8.8,60.4,0,0,0,0,0,0,Savannah,Cerrado,Igneous Rock,Auger,NO,Southeast
846.0,117.0,11.4,19.3,8.9,36.8,0,0,0,0,0,0,Savannah,Cerrado,Igneous Rock,Auger,NO,Southeast
122.0,643.0,23.5,22.3,7.8,59.5,0,0,0,0,0,0,Savannah,Cerrado,Igneous Rock,Auger,NO,Southeast
640.0,120.0,3.4,13.0,0.8,44.1,0,0,0,1,0,1,Seasonal Semideciduous Forest,Mata Atlantica,Sedimentary Rock,Auger,NO,Southeast
879.0,91.0,40.0,13.0,7.0,41.3,0,0,0,0,0,0,Savannah,Cerrado,Igneous Rock,Auger,NO,Southeast
237.0,595.0,21.6,17.9,7.7,56.1,0,0,0,0,0,0,Savannah,Cerrado,Igneous Rock,Auger,NO,Southeast
640.0,320.0,9.0,12.0,11.0,30.4,0,0,0,0,0,0,Areas of Ecological Tension,Cerrado,Sedimentary Rock,Profile,YES,Southeast
410.0,430.0,9.6,13.0,5.2,44.1,0,0,0,1,1,1,Seasonal Semideciduous Forest,Mata Atlantica,Igneous Rock,Profile,NO,Southeast
790.0,127.0,16.5,9.9,6.1,35.4,0,0,0,0,0,0,Seasonal Semideciduous Forest,Mata Atlantica,Sedimentary Rock,Auger,NO,Southeast
790.0,150.0,16.0,24.0,10.0,56.7,0,0,0,0,0,0,Seasonal Semideciduous Forest,Mata Atlantica,Sedimentary Rock,Auger,NO,Southeast
180.0,780.0,28.0,28.0,6.0,86.1,0,0,0,0,0,0,Savannah,Cerrado,Igneous Rock,Auger,NO,Southeast
853.0,78.0,14.8,24.6,9.7,56.1,0,0,0,0,0,0,Seasonal Semideciduous Forest,Mata Atlantica,Sedimentary Rock,Auger,NO,Southeast
216.0,610.0,21.1,29.9,13.6,74.8,0,0,0,0,0,0,Savannah,Cerrado,Igneous Rock,Auger,NO,Southeast
530.0,171.0,13.0,26.0,12.0,51.5,0,0,0,0,0,0,Dense Ombrophylous Forest,Mata Atlantica,Igneous Rock,Auger,NO,Southeast
257.0,514.0,41.3,62.6,18.6,124.3,0,0,0,0,0,0,Savannah,Cerrado,Igneous Rock,Auger,NO,Southeast
110.0,498.0,53.0,18.0,6.0,77.0,0,0,0,0,0,0,Savannah,Cerrado,Sedimentary Rock,Profile,YES,Southeast
786.0,168.0,14.3,13.1,8.6,45.3,0,0,0,0,0,0,Seasonal Semideciduous Forest,Mata Atlantica,Igneous Rock,Auger,NO,Southeast
230.0,431.0,32.0,35.0,14.0,93.4,0,0,0,0,0,0,Savannah,Cerrado,Sedimentary Rock,Profile,YES,Southeast
680.0,220.0,17.0,28.0,13.0,59.6,0,0,0,0,0,0,Seasonal Semideciduous Forest,Mata Atlantica,Igneous Rock,Profile,YES,Southeast
340.0,357.0,17.0,19.0,11.0,55.6,0,0,0,0,0,0,Seasonal Semideciduous Forest,Mata Atlantica,Igneous Rock,Auger,NO,Southeast
806.0,104.0,12.9,19.6,14.3,50.9,0,0,0,0,0,0,Seasonal Semideciduous Forest,Mata Atlantica,Sedimentary Rock,Auger,NO,Southeast
802.0,151.0,14.6,19.0,6.6,40.6,0,0,0,0,0,0,Savannah,Cerrado,Igneous Rock,Auger,NO,Southeast
120.0,860.0,38.0,35.0,7.0,98.0,0,0,0,0,0,0,Savannah,Cerrado,Igneous Rock,Auger,NO,Southeast
874.0,95.0,11.2,6.2,3.6,31.6,0,0,0,0,0,0,Seasonal Semideciduous Forest,Mata Atlantica,Sedimentary Rock,Auger,NO,Southeast
509.0,325.0,21.0,28.0,13.0,68.1,0,0,0,0,0,0,Seasonal Semideciduous Forest,Mata Atlantica,Igneous Rock,Auger,NO,Southeast
530.0,240.0,15.8,1.4,1.0,2.4,0,0,0,0,0,0,Seasonal Semideciduous Forest,Mata Atlantica,Sedimentary Rock,Auger,NO,Southeast
796.0,176.0,22.5,29.9,11.9,64.9,0,0,0,0,0,0,Savannah,Cerrado,Igneous Rock,Auger,NO,Southeast
637.0,240.0,35.0,18.0,7.0,90.1,1,1,0,0,0,0,Savannah,Cerrado,Sedimentary Rock,Auger,NO,Southeast
853.0,125.0,7.6,13.3,8.2,34.6,0,0,0,0,0,0,Seasonal Semideciduous Forest,Mata Atlantica,Sedimentary Rock,Auger,NO,Southeast
916.0,76.0,12.9,10.6,8.5,36.8,0,0,0,0,0,0,Savannah,Cerrado,Igneous Rock,Auger,NO,Southeast
520.0,200.0,3.5555556,4.0,4.0,96.5,0,0,0,0,0,0,Seasonal Semideciduous Forest,Mata Atlantica,Metamorphic Rock,Auger,NO,Southeast
460.0,440.0,10.7,13.0,5.2,44.1,0,0,0,1,1,1,Seasonal Semideciduous Forest,Mata Atlantica,Igneous Rock,Profile,NO,Southeast
784.0,198.0,17.0,6.0,6.0,25.9,0,0,1,0,0,0,Seasonal Semideciduous Forest,Mata Atlantica,Sedimentary Rock,Auger,NO,Southeast
100.0,400.0,68.0,71.0,13.0,84.0,0,0,0,0,0,0,Savannah,Cerrado,Sedimentary Rock,Auger,NO,Southeast
767.0,152.0,13.7,20.8,6.5,43.4,0,0,0,0,0,0,Seasonal Semideciduous Forest,Mata Atlantica,Igneous Rock,Auger,NO,Southeast
870.0,116.0,9.0,9.0,2.0,27.1,0,0,0,0,0,0,Dense Ombrophylous Forest,Mata Atlantica,Metamorphic Rock,Auger,NO,Southeast
500.0,139.0,9.0,18.0,8.0,51.5,0,0,0,0,0,0,Seasonal Semideciduous Forest,Mata Atlantica,Igneous Rock,Auger,NO,Southeast
70.0,870.0,22.0,7.0,1.0,92.7,0,0,0,0,0,0,Savannah,Cerrado,Igneous Rock,Profile,YES,Southeast
793.0,167.0,15.1,24.3,8.0,43.6,0,0,0,0,0,0,Savannah,Cerrado,Igneous Rock,Auger,NO,Southeast
460.0,500.0,13.0,4.0,1.0,15.2,0,0,0,0,0,0,Areas of Ecological Tension,Cerrado,Sedimentary Rock,Profile,YES,Southeast
298.0,546.0,37.3,43.0,25.4,89.0,0,0,0,0,0,0,Savannah,Cerrado,Igneous Rock,Auger,NO,Southeast
540.0,140.0,4.0,3.0,4.0,103.4,0,0,0,0,0,0,Seasonal Semideciduous Forest,Mata Atlantica,Metamorphic Rock,Auger,NO,Southeast
110.0,476.0,24.0,11.0,5.0,74.1,0,0,0,0,0,0,Savannah,Cerrado,Sedimentary Rock,Profile,YES,Southeast
296.0,518.0,34.4,64.7,28.0,127.1,0,0,0,0,0,0,Savannah,Cerrado,Igneous Rock,Auger,NO,Southeast
874.0,65.0,17.0,6.0,1.0,14.4,0,0,1,0,0,0,Seasonal Semideciduous Forest,Mata Atlantica,Sedimentary Rock,Auger,NO,Southeast
690.0,271.0,17.0,16.0,6.0,57.8,0,0,0,0,0,0,Dense Ombrophylous Forest,Mata Atlantica,Igneous Rock,Auger,NO,Southeast
840.0,100.0,10.0,40.0,19.0,60.8,0,0,0,0,0,0,Seasonal Semideciduous Forest,Mata Atlantica,Igneous Rock,Profile,YES,Southeast
820.0,120.0,10.0,14.0,3.0,38.0,0,0,0,0,0,0,Seasonal Semideciduous Forest,Mata Atlantica,Sedimentary Rock,Auger,NO,Southeast
740.0,180.0,20.0,17.0,7.0,34.2,0,0,0,0,0,0,Seasonal Semideciduous Forest,Mata Atlantica,Sedimentary Rock,Auger,NO,Southeast
790.0,171.0,10.0,11.0,4.0,49.5,0,0,0,0,0,0,Seasonal Semideciduous Forest,Mata Atlantica,Sedimentary Rock,Auger,NO,Southeast
853.0,72.0,6.5,5.0,5.5,23.2,0,0,0,0,0,0,Seasonal Semideciduous Forest,Mata Atlantica,Sedimentary Rock,Auger,NO,Southeast
760.0,140.0,13.0,11.0,4.0,35.1,0,0,0,0,0,0,Seasonal Semideciduous Forest,Mata Atlantica,Sedimentary Rock,Auger,NO,Southeast
792.0,137.0,14.3,16.3,7.9,36.6,0,0,0,0,0,0,Seasonal Semideciduous Forest,Mata Atlantica,Igneous Rock,Auger,NO,Southeast
833.0,127.0,11.9,4.6,2.9,33.5,0,0,0,0,0,0,Savannah,Cerrado,Igneous Rock,Auger,NO,Southeast
470.0,337.0,21.0,17.0,7.0,66.5,0,0,0,0,0,0,Savannah,Cerrado,Igneous Rock,Auger,NO,Southeast
640.0,300.0,23.0,12.0,3.0,53.3,0,0,0,0,0,0,Seasonal Semideciduous Forest,Mata Atlantica,Igneous Rock,Auger,NO,Southeast
120.0,290.0,43.1,2.6,4.0,6.6,0,0,0,0,0,0,Seasonal Semideciduous Forest,Mata Atlantica,Metamorphic Rock,Auger,NO,Southeast
899.0,27.0,9.5,8.3,4.9,28.5,0,0,0,0,0,0,Seasonal Semideciduous Forest,Mata Atlantica,Sedimentary Rock,Auger,NO,Southeast
340.0,489.0,27.0,25.0,17.0,74.8,0,0,0,0,0,0,Savannah,Cerrado,Igneous Rock,Auger,NO,Southeast
791.0,143.0,11.2,8.2,7.2,32.5,0,0,0,0,0,0,Seasonal Semideciduous Forest,Mata Atlantica,Sedimentary Rock,Auger,NO,Southeast
842.0,67.0,9.5,17.9,12.7,42.0,0,0,0,0,0,0,Seasonal Semideciduous Forest,Mata Atlantica,Sedimentary Rock,Auger,NO,Southeast
813.0,105.0,17.0,19.0,10.0,36.5,0,0,1,0,0,0,Seasonal Semideciduous Forest,Mata Atlantica,Sedimentary Rock,Auger,NO,Southeast
711.0,250.0,14.6,27.1,12.0,51.0,0,0,0,0,0,0,Savannah,Cerrado,Igneous Rock,Auger,NO,Southeast
812.0,146.0,12.9,14.4,10.4,39.7,0,0,0,0,0,0,Seasonal Semideciduous Forest,Mata Atlantica,Igneous Rock,Auger,NO,Southeast
130.0,760.0,27.0,83.0,48.0,158.4,0,0,0,0,0,0,Savannah,Cerrado,Igneous Rock,Auger,NO,Southeast
740.0,162.0,14.5,7.2,5.6,30.3,0,0,0,0,0,0,Seasonal Semideciduous Forest,Mata Atlantica,Sedimentary Rock,Auger,NO,Southeast
870.0,73.0,7.0,15.0,7.0,35.1,0,0,0,0,0,0,Seasonal Semideciduous Forest,Mata Atlantica,Igneous Rock,Auger,NO,Southeast
890.0,78.0,13.0,13.0,4.0,55.5,0,0,0,0,0,0,Seasonal Semideciduous Forest,Mata Atlantica,Igneous Rock,Auger,NO,Southeast
800.0,140.0,15.0,21.0,14.0,45.1,0,0,0,0,0,0,Seasonal Semideciduous Forest,Mata Atlantica,Sedimentary Rock,Auger,NO,Southeast
796.0,192.0,14.0,20.0,3.0,43.5,0,0,0,0,0,0,Dense Ombrophylous Forest,Mata Atlantica,Igneous Rock,Auger,NO,Southeast
711.0,230.0,17.0,15.0,12.0,37.8,0,0,1,0,0,0,Seasonal Semideciduous Forest,Mata Atlantica,Sedimentary Rock,Auger,NO,Southeast
859.0,115.0,9.0,11.0,2.0,34.3,0,0,0,0,0,0,Seasonal Semideciduous Forest,Mata Atlantica,Sedimentary Rock,Auger,NO,Southeast
250.0,680.0,35.19,23.0,19.0,61.48,0,0,0,0,0,0,Seasonal Semideciduous Forest,Mata Atlantica,Igneous Rock,Auger,NO,Southeast
200.0,486.0,13.0,7.0,2.0,31.1,0,0,0,0,0,0,Savannah,Cerrado,Sedimentary Rock,Profile,YES,Southeast
230.0,710.0,28.0,13.0,7.0,76.1,0,0,0,0,0,0,Seasonal Semideciduous Forest,Mata Atlantica,Igneous Rock,Profile,YES,Southeast
626.0,280.0,17.0,19.0,14.0,42.8,0,0,1,0,0,0,Seasonal Semideciduous Forest,Mata Atlantica,Sedimentary Rock,Auger,NO,Southeast
30.0,840.0,10.0,8.0,3.0,40.0,0,0,0,0,0,0,Savannah,Cerrado,Igneous Rock,Profile,YES,Southeast
800.0,180.0,12.0,12.0,2.0,33.3,0,0,0,0,0,0,Savannah,Cerrado,Sedimentary Rock,Auger,NO,Southeast
857.0,58.0,7.3,17.4,8.2,36.7,0,0,0,0,0,0,Seasonal Semideciduous Forest,Mata Atlantica,Sedimentary Rock,Auger,NO,Southeast
821.0,128.0,12.3,12.7,6.0,58.1,0,0,0,0,0,0,Seasonal Semideciduous Forest,Mata Atlantica,Igneous Rock,Auger,NO,Southeast
730.0,193.0,6.6666665,49.0,35.0,97.6,0,0,0,0,0,0,Seasonal Semideciduous Forest,Mata Atlantica,Igneous Rock,Auger,NO,Southeast
740.0,220.0,16.0,13.0,6.0,38.8,0,0,0,0,0,0,Areas of Ecological Tension,Cerrado,Sedimentary Rock,Profile,YES,Southeast
800.0,180.0,13.0,15.0,6.0,38.9,0,0,0,0,0,0,Seasonal Semideciduous Forest,Mata Atlantica,Sedimentary Rock,Auger,NO,Southeast
792.0,119.0,13.4,8.7,7.1,29.7,0,0,0,0,0,0,Seasonal Semideciduous Forest,Mata Atlantica,Sedimentary Rock,Auger,NO,Southeast
293.78818,560.0815,8.25,8.9,7.9,27.75,0,0,0,0,0,0,Seasonal Semideciduous Forest,Mata Atlantica,Igneous Rock,Auger,NO,Southeast
888.0,67.0,12.9,18.4,8.3,41.1,0,0,0,0,0,0,Seasonal Semideciduous Forest,Mata Atlantica,Sedimentary Rock,Auger,NO,Southeast
800.0,123.0,18.0,16.0,3.0,42.6,0,0,0,0,0,0,Seasonal Semideciduous Forest,Mata Atlantica,Sedimentary Rock,Profile,NO,Southeast
340.0,540.0,56.3,2.5,0.8,3.3,0,0,0,0,0,0,Seasonal Semideciduous Forest,Mata Atlantica,Metamorphic Rock,Auger,NO,Southeast
842.0,98.0,17.0,9.0,7.0,21.9,0,0,1,0,0,0,Seasonal Semideciduous Forest,Mata Atlantica,Sedimentary Rock,Auger,NO,Southeast
730.0,200.0,23.0,13.0,5.2,44.1,0,0,0,1,1,1,Seasonal Deciduous Forest,Mata Atlantica,Igneous Rock,Auger,NO,Southeast
783.0,116.0,9.8,13.2,9.6,37.2,0,0,0,0,0,0,Seasonal Semideciduous Forest,Mata Atlantica,Sedimentary Rock,Auger,NO,Southeast
777.0,171.0,9.3,17.8,8.4,45.9,0,0,0,0,0,0,Seasonal Semideciduous Forest,Mata Atlantica,Igneous Rock,Auger,NO,Southeast
40.0,750.0,11.0,1.0,1.0,32.6,0,0,0,0,0,0,Savannah,Cerrado,Igneous Rock,Profile,YES,Southeast
784.0,154.0,10.9,10.7,8.4,34.0,0,0,0,0,0,0,Seasonal Semideciduous Forest,Mata Atlantica,Sedimentary Rock,Auger,NO,Southeast
662.0,250.0,17.0,6.0,5.0,31.5,0,0,1,0,0,0,Seasonal Semideciduous Forest,Mata Atlantica,Sedimentary Rock,Auger,NO,Southeast
890.0,90.0,13.6,24.1,15.5,47.3,0,0,0,0,0,0,Savannah,Cerrado,Igneous Rock,Auger,NO,Southeast
779.0,136.0,11.2,7.8,6.4,31.9,0,0,0,0,0,0,Seasonal Semideciduous Forest,Mata Atlantica,Sedimentary Rock,Auger,NO,Southeast
390.0,300.0,10.2,0.5,0.3,8.0,0,0,0,0,0,0,Seasonal Semideciduous Forest,Mata Atlantica,Metamorphic Rock,Auger,NO,Southeast
80.0,840.0,31.0,36.0,6.0,72.1,0,0,0,0,0,0,Savannah,Cerrado,Igneous Rock,Auger,NO,Southeast
891.0,103.0,11.1,6.2,2.3,24.7,0,0,0,0,0,0,Savannah,Cerrado,Igneous Rock,Auger,NO,Southeast
500.0,240.0,2.0,17.0,9.0,70.2,0,0,0,0,0,0,Seasonal Semideciduous Forest,Mata Atlantica,Metamorphic Rock,Auger,NO,Southeast
870.0,125.0,8.0,14.0,6.0,38.3,0,0,0,0,0,0,Dense Ombrophylous Forest,Mata Atlantica,Igneous Rock,Auger,NO,Southeast
90.0,610.0,23.0,21.0,7.0,79.2,0,0,0,0,0,0,Savannah,Cerrado,Igneous Rock,Profile,YES,Southeast
10.0,600.0,7.0,1.0,1.0,40.2,0,0,0,0,0,0,Savannah,Cerrado,Igneous Rock,Profile,YES,Southeast
823.0,100.0,12.6,16.8,9.0,37.2,0,0,0,0,0,0,Seasonal Semideciduous Forest,Mata Atlantica,Sedimentary Rock,Auger,NO,Southeast
180.0,680.0,48.0,13.0,2.0,44.1,0,0,0,1,0,1,Savannah,Cerrado,Metamorphic Rock,Auger,NO,Southeast
760.0,127.0,21.0,32.0,9.0,66.8,0,0,0,0,0,0,Seasonal Semideciduous Forest,Mata Atlantica,Sedimentary Rock,Auger,NO,Southeast
820.0,105.0,15.0,12.0,2.0,34.8,0,0,0,0,0,0,Seasonal Semideciduous Forest,Mata Atlantica,Sedimentary Rock,Auger,NO,Southeast
755.0,211.0,12.9,12.9,7.5,32.8,0,0,0,0,0,0,Seasonal Semideciduous Forest,Mata Atlantica,Igneous Rock,Auger,NO,Southeast
490.0,349.0,25.0,12.0,6.0,82.6,0,0,0,0,0,0,Seasonal Semideciduous Forest,Mata Atlantica,Igneous Rock,Auger,NO,Southeast
740.0,160.0,18.0,25.0,8.0,56.6,0,0,0,0,0,0,Seasonal Semideciduous Forest,Mata Atlantica,Sedimentary Rock,Auger,NO,Southeast
805.0,124.0,12.3,10.3,7.6,30.7,0,0,0,0,0,0,Seasonal Semideciduous Forest,Mata Atlantica,Sedimentary Rock,Auger,NO,Southeast
803.0,151.0,15.6,14.0,10.1,40.1,0,0,0,0,0,0,Seasonal Semideciduous Forest,Mata Atlantica,Sedimentary Rock,Auger,NO,Southeast
693.0,276.0,28.2,40.8,17.9,71.9,0,0,0,0,0,0,Savannah,Cerrado,Igneous Rock,Auger,NO,Southeast
647.0,237.0,10.6,11.3,8.2,31.3,0,0,0,0,0,0,Seasonal Semideciduous Forest,Mata Atlantica,Sedimentary Rock,Auger,NO,Southeast
800.0,160.0,8.0,7.0,1.0,36.8,0,0,0,0,0,0,Seasonal Semideciduous Forest,Mata Atlantica,Sedimentary Rock,Auger,NO,Southeast
712.0,192.0,22.9,25.0,17.7,61.6,0,0,0,0,0,0,Seasonal Semideciduous Forest,Mata Atlantica,Sedimentary Rock,Auger,NO,Southeast
780.0,152.0,13.1,16.2,9.7,34.1,0,0,0,0,0,0,Seasonal Semideciduous Forest,Mata Atlantica,Sedimentary Rock,Auger,NO,Southeast
702.0,229.0,15.1,15.9,7.7,44.1,0,0,0,0,0,0,Savannah,Cerrado,Igneous Rock,Auger,NO,Southeast
875.0,64.0,9.8,0.3,0.3,16.9,0,0,0,0,0,0,Seasonal Semideciduous Forest,Mata Atlantica,Sedimentary Rock,Auger,NO,Southeast
740.0,160.0,18.0,5.0,5.0,34.1,0,0,0,0,0,0,Seasonal Semideciduous Forest,Mata Atlantica,Sedimentary Rock,Auger,NO,Southeast
860.0,100.0,15.0,16.0,13.0,41.9,0,0,0,0,0,0,Savannah,Cerrado,Sedimentary Rock,Auger,NO,Southeast
710.0,265.0,10.0,14.0,7.0,44.8,0,0,0,0,0,0,Seasonal Semideciduous Forest,Mata Atlantica,Sedimentary Rock,Auger,NO,Southeast
700.0,260.0,11.0,7.0,4.0,36.0,0,0,0,0,0,0,Areas of Ecological Tension,Cerrado,Sedimentary Rock,Profile,YES,Southeast
860.0,120.0,9.0,15.0,9.0,34.1,0,0,0,0,0,0,Savannah,Cerrado,Sedimentary Rock,Auger,NO,Southeast
300.0,600.0,3.3333333,4.0,2.0,46.8,0,0,0,0,0,0,Seasonal Semideciduous Forest,Mata Atlantica,Igneous Rock,Profile,YES,Southeast
660.0,214.0,17.0,28.0,7.0,61.2,0,0,0,0,0,0,Dense Ombrophylous Forest,Mata Atlantica,Igneous Rock,Auger,NO,Southeast
766.0,134.0,8.7,0.7,0.5,22.9,0,0,0,0,0,0,Seasonal Semideciduous Forest,Mata Atlantica,Sedimentary Rock,Auger,NO,Southeast
40.0,860.0,34.0,54.0,23.0,122.4,0,0,0,0,0,0,Savannah,Cerrado,Igneous Rock,Auger,NO,Southeast
420.0,274.0,23.0,20.0,9.0,63.8,0,0,0,0,0,0,Seasonal Semideciduous Forest,Mata Atlantica,Igneous Rock,Auger,NO,Southeast
800.0,122.0,15.0,15.0,6.0,50.8,0,0,0,0,0,0,Seasonal Semideciduous Forest,Mata Atlantica,Sedimentary Rock,Auger,NO,Southeast
862.0,26.0,12.0,3.5,1.9,23.3,0,0,0,0,0,0,Seasonal Semideciduous Forest,Mata Atlantica,Sedimentary Rock,Auger,NO,Southeast
860.0,83.0,10.4,16.4,6.9,38.8,0,0,0,0,0,0,Seasonal Semideciduous Forest,Mata Atlantica,Sedimentary Rock,Auger,NO,Southeast
860.0,136.0,9.0,13.0,7.0,34.3,0,0,0,0,0,0,Seasonal Semideciduous Forest,Mata Atlantica,Sedimentary Rock,Auger,NO,Southeast
80.0,880.0,23.0,18.0,4.0,72.3,0,0,0,0,0,0,Savannah,Cerrado,Igneous Rock,Profile,YES,Southeast
610.0,290.0,20.0,21.0,10.0,70.0,0,0,0,0,0,0,Seasonal Semideciduous Forest,Mata Atlantica,Sedimentary Rock,Auger,NO,Southeast
769.0,171.0,5.9,9.7,5.6,25.8,0,0,0,0,0,0,Seasonal Semideciduous Forest,Mata Atlantica,Sedimentary Rock,Auger,NO,Southeast
800.0,140.0,19.0,19.0,6.0,42.4,0,0,0,0,0,0,Savannah,Cerrado,Sedimentary Rock,Auger,NO,Southeast
130.0,700.0,34.0,7.0,7.0,14.0,0,0,0,0,0,0,Areas of Ecological Tension,Cerrado,Metamorphic Rock,Auger,NO,Southeast
370.0,470.0,15.0,5.0,3.0,8.0,0,0,0,0,0,0,Seasonal Semideciduous Forest,Mata Atlantica,Metamorphic Rock,Auger,NO,Southeast
280.0,700.0,44.0,33.0,11.0,122.7,0,0,0,0,0,0,Savannah,Cerrado,Igneous Rock,Auger,NO,Southeast
800.0,120.0,15.0,23.0,9.0,58.8,0,0,0,0,0,0,Seasonal Semideciduous Forest,Mata Atlantica,Sedimentary Rock,Auger,NO,Southeast
510.0,350.0,28.0,28.0,13.0,69.5,0,0,0,0,0,0,Savannah,Cerrado,Igneous Rock,Auger,NO,Southeast
440.0,360.0,28.0,28.0,11.0,39.0,0,0,0,0,0,0,Areas of Ecological Tension,Mata Atlantica,Metamorphic Rock,Auger,NO,Southeast
818.0,100.0,10.1,9.6,8.1,37.2,0,0,0,0,0,0,Seasonal Semideciduous Forest,Mata Atlantica,Sedimentary Rock,Auger,NO,Southeast
180.0,310.0,3.4,10.0,9.0,71.0,0,0,0,0,0,0,Seasonal Semideciduous Forest,Mata Atlantica,Metamorphic Rock,Profile,NO,Southeast
815.0,97.0,9.8,2.3,2.0,24.9,0,0,0,0,0,0,Seasonal Semideciduous Forest,Mata Atlantica,Sedimentary Rock,Auger,NO,Southeast
810.0,137.0,17.0,12.0,5.0,29.5,0,0,1,0,0,0,Seasonal Semideciduous Forest,Mata Atlantica,Sedimentary Rock,Auger,NO,Southeast
882.0,85.0,8.8,10.1,11.7,31.3,0,0,0,0,0,0,Seasonal Semideciduous Forest,Mata Atlantica,Sedimentary Rock,Auger,NO,Southeast
470.0,290.0,40.0,8.0,2.0,158.0,0,0,0,0,0,0,Savannah,Cerrado,Metamorphic Rock,Auger,NO,Southeast
880.0,80.0,11.0,8.0,2.0,39.2,0,0,0,0,0,0,Savannah,Cerrado,Sedimentary Rock,Auger,NO,Southeast
820.0,120.0,15.0,19.0,5.0,50.8,0,0,0,0,0,0,Seasonal Semideciduous Forest,Mata Atlantica,Sedimentary Rock,Auger,NO,Southeast
720.0,180.0,15.0,7.0,3.0,35.3,0,0,0,0,0,0,Seasonal Semideciduous Forest,Mata Atlantica,Sedimentary Rock,Auger,NO,Southeast
520.0,330.0,64.0,13.0,1.0,44.1,0,0,0,1,0,1,Savannah,Cerrado,Metamorphic Rock,Auger,NO,Southeast
50.0,650.0,21.0,43.0,20.0,88.2,0,0,0,0,0,0,Savannah,Cerrado,Igneous Rock,Auger,NO,Southeast
740.0,214.0,15.0,11.0,4.0,57.5,0,0,0,0,0,0,Dense Ombrophylous Forest,Mata Atlantica,Igneous Rock,Auger,NO,Southeast
810.0,72.0,3.4,18.0,7.8,38.6,0,0,0,0,0,0,Seasonal Semideciduous Forest,Mata Atlantica,Sedimentary Rock,Auger,NO,Southeast
220.0,660.0,37.0,50.0,14.0,103.5,0,0,0,0,0,0,Savannah,Cerrado,Sedimentary Rock,Auger,NO,Southeast
500.0,380.0,32.0,51.7,18.4,70.1,0,0,0,0,0,0,Seasonal Semideciduous Forest,Mata Atlantica,Metamorphic Rock,Auger,NO,Southeast
70.0,890.0,29.0,58.0,27.0,104.0,0,0,0,0,0,0,Savannah,Cerrado,Igneous Rock,Auger,NO,Southeast
760.0,180.0,13.0,13.0,2.0,41.9,0,0,0,0,0,0,Seasonal Semideciduous Forest,Mata Atlantica,Sedimentary Rock,Auger,NO,Southeast
670.0,290.0,12.0,15.0,4.0,37.8,0,0,0,0,0,0,Savannah,Cerrado,Sedimentary Rock,Auger,NO,Southeast
762.0,137.0,11.2,13.0,7.8,35.9,0,0,0,0,0,0,Seasonal Semideciduous Forest,Mata Atlantica,Sedimentary Rock,Auger,NO,Southeast
665.0,283.0,17.0,14.0,12.0,50.6,0,0,1,0,0,0,Seasonal Semideciduous Forest,Mata Atlantica,Sedimentary Rock,Auger,NO,Southeast
757.0,116.0,11.5,19.6,13.3,50.6,0,0,0,0,0,0,Seasonal Semideciduous Forest,Mata Atlantica,Sedimentary Rock,Auger,NO,Southeast
560.0,400.0,37.1,5.0,3.1,8.1,0,0,0,0,0,0,Seasonal Semideciduous Forest,Mata Atlantica,Sedimentary Rock,Auger,NO,Southeast
772.0,125.0,12.6,9.7,4.1,27.6,0,0,0,0,0,0,Seasonal Semideciduous Forest,Mata Atlantica,Sedimentary Rock,Auger,NO,Southeast
770.0,121.0,23.0,18.0,6.0,48.9,0,0,0,0,0,0,Seasonal Semideciduous Forest,Mata Atlantica,Igneous Rock,Auger,NO,Southeast
450.0,320.0,20.0,14.0,3.0,47.9,0,0,0,0,0,0,Savannah,Cerrado,Sedimentary Rock,Auger,NO,Southeast
826.0,128.0,12.0,10.0,4.2,34.3,0,0,0,0,0,0,Seasonal Semideciduous Forest,Mata Atlantica,Igneous Rock,Auger,NO,Southeast
800.0,120.0,20.0,20.0,12.0,51.1,0,0,0,0,0,0,Seasonal Semideciduous Forest,Mata Atlantica,Sedimentary Rock,Auger,NO,Southeast
30.0,590.0,19.0,11.0,4.0,48.5,0,0,0,0,0,0,Savannah,Cerrado,Igneous Rock,Auger,NO,Southeast
730.0,200.0,15.0,13.0,5.0,50.1,0,0,0,0,0,0,Seasonal Semideciduous Forest,Mata Atlantica,Sedimentary Rock,Auger,NO,Southeast
781.0,88.0,11.8,11.9,4.0,32.3,0,0,0,0,0,0,Seasonal Semideciduous Forest,Mata Atlantica,Sedimentary Rock,Auger,NO,Southeast
790.0,149.0,18.0,9.0,3.0,41.0,0,0,0,0,0,0,Seasonal Semideciduous Forest,Mata Atlantica,Sedimentary Rock,Auger,NO,Southeast
780.0,140.0,10.0,3.0,6.0,29.7,0,0,0,0,0,0,Seasonal Semideciduous Forest,Mata Atlantica,Sedimentary Rock,Auger,NO,Southeast
480.0,147.0,11.0,23.0,11.0,59.8,0,0,0,0,0,0,Seasonal Semideciduous Forest,Mata Atlantica,Igneous Rock,Auger,NO,Southeast
841.0,132.0,14.0,23.1,13.0,64.0,0,0,0,0,0,0,Seasonal Semideciduous Forest,Mata Atlantica,Igneous Rock,Auger,NO,Southeast
140.0,343.0,17.0,50.0,18.0,120.0,0,0,0,0,0,0,Seasonal Semideciduous Forest,Mata Atlantica,Igneous Rock,Auger,NO,Southeast
225.53517,688.07336,30.0,16.5,13.2,51.74,0,0,0,0,0,0,Seasonal Semideciduous Forest,Mata Atlantica,Igneous Rock,Auger,NO,Southeast
720.0,140.0,15.0,19.0,3.0,56.0,0,0,0,0,0,0,Seasonal Semideciduous Forest,Mata Atlantica,Sedimentary Rock,Auger,NO,Southeast
80.0,720.0,22.0,24.0,10.0,61.1,0,0,0,0,0,0,Savannah,Cerrado,Igneous Rock,Auger,NO,Southeast
760.0,180.0,13.0,6.0,4.0,17.2,0,0,0,0,0,0,Seasonal Semideciduous Forest,Mata Atlantica,Sedimentary Rock,Auger,NO,Southeast
796.0,97.0,6.5,6.5,4.3,26.1,0,0,0,0,0,0,Seasonal Semideciduous Forest,Mata Atlantica,Sedimentary Rock,Auger,NO,Southeast
240.0,307.0,21.0,58.0,26.0,137.0,0,0,0,0,0,0,Seasonal Semideciduous Forest,Mata Atlantica,Igneous Rock,Auger,NO,Southeast
780.0,160.0,8.0,5.0,4.0,16.3,0,0,0,0,0,0,Seasonal Semideciduous Forest,Mata Atlantica,Sedimentary Rock,Auger,NO,Southeast
620.0,161.0,13.0,18.0,8.0,54.3,0,0,0,0,0,0,Seasonal Semideciduous Forest,Mata Atlantica,Igneous Rock,Auger,NO,Southeast
100.0,750.0,23.6,13.0,5.2,44.1,0,0,0,1,1,1,Seasonal Semideciduous Forest,Mata Atlantica,Igneous Rock,Auger,NO,Southeast
916.0,49.0,7.7,6.4,2.3,29.3,0,0,0,0,0,0,Savannah,Cerrado,Igneous Rock,Auger,NO,Southeast
827.0,114.0,10.1,7.0,2.1,24.2,0,0,0,0,0,0,Seasonal Semideciduous Forest,Mata Atlantica,Sedimentary Rock,Auger,NO,Southeast
820.0,120.0,13.0,24.0,10.0,41.7,0,0,0,0,0,0,Seasonal Semideciduous Forest,Mata Atlantica,Igneous Rock,Profile,YES,Southeast
160.0,820.0,36.0,48.0,11.0,102.5,0,0,0,0,0,0,Savannah,Cerrado,Igneous Rock,Auger,NO,Southeast
551.0,385.0,19.5,26.0,11.0,73.2,0,0,0,0,0,0,Savannah,Cerrado,Igneous Rock,Auger,NO,Southeast
818.0,92.0,24.8,17.7,9.9,44.8,0,0,0,0,0,0,Seasonal Semideciduous Forest,Mata Atlantica,Sedimentary Rock,Auger,NO,Southeast
780.0,140.0,8.0,5.0,1.0,36.4,0,0,0,0,0,0,Seasonal Semideciduous Forest,Mata Atlantica,Sedimentary Rock,Auger,NO,Southeast
220.0,307.0,18.0,50.0,21.0,109.8,0,0,0,0,0,0,Seasonal Semideciduous Forest,Mata Atlantica,Igneous Rock,Auger,NO,Southeast
812.0,151.0,20.6,28.5,13.6,76.0,0,0,0,0,0,0,Seasonal Semideciduous Forest,Mata Atlantica,Igneous Rock,Auger,NO,Southeast
749.0,117.0,15.1,6.1,3.5,48.2,0,0,0,0,0,0,Seasonal Semideciduous Forest,Mata Atlantica,Sedimentary Rock,Auger,NO,Southeast
756.0,99.0,14.5,25.1,6.4,53.7,0,0,0,0,0,0,Seasonal Semideciduous Forest,Mata Atlantica,Sedimentary Rock,Auger,NO,Southeast
420.0,245.0,12.0,31.0,13.0,71.9,0,0,0,0,0,0,Seasonal Semideciduous Forest,Mata Atlantica,Igneous Rock,Auger,NO,Southeast
580.0,286.0,23.0,30.0,8.0,66.5,0,0,0,0,0,0,Dense Ombrophylous Forest,Mata Atlantica,Igneous Rock,Auger,NO,Southeast
870.0,112.0,10.4,6.3,2.9,28.5,0,0,0,0,0,0,Seasonal Semideciduous Forest,Mata Atlantica,Sedimentary Rock,Auger,NO,Southeast
760.0,180.0,8.0,7.0,2.0,31.3,0,0,0,0,0,0,Dense Ombrophylous Forest,Mata Atlantica,Metamorphic Rock,Auger,NO,Southeast
387.3,553.1,30.0,1.0,1.0,20.0,0,0,0,0,0,0,Savannah,Cerrado,Igneous Rock,Auger,NO,Southeast
100.0,800.0,25.9,13.0,5.2,44.1,0,0,0,1,1,1,Savannah,Cerrado,Metamorphic Rock,Auger,NO,Southeast
640.0,320.0,17.0,6.0,4.0,35.1,0,0,0,0,0,0,Areas of Ecological Tension,Cerrado,Sedimentary Rock,Profile,YES,Southeast
327.0,326.0,22.8,101.8,32.8,174.5,0,0,0,0,0,0,Savannah,Cerrado,Igneous Rock,Auger,NO,Southeast
400.0,150.0,2.8888888,18.0,8.0,81.5,0,0,0,0,0,0,Seasonal Semideciduous Forest,Mata Atlantica,Metamorphic Rock,Auger,NO,Southeast
130.0,840.0,35.0,38.0,7.0,94.0,0,0,0,0,0,0,Savannah,Cerrado,Igneous Rock,Auger,NO,Southeast
796.0,160.0,12.0,9.3,6.9,39.7,0,0,0,0,0,0,Seasonal Semideciduous Forest,Mata Atlantica,Igneous Rock,Auger,NO,Southeast
713.0,77.0,9.0,15.3,4.8,42.3,0,0,0,0,0,0,Seasonal Semideciduous Forest,Mata Atlantica,Sedimentary Rock,Auger,NO,Southeast
860.0,80.0,13.0,7.0,2.0,33.3,0,0,0,0,0,0,Seasonal Semideciduous Forest,Mata Atlantica,Sedimentary Rock,Auger,NO,Southeast
760.0,200.0,18.0,7.0,4.0,29.8,0,0,0,0,0,0,Seasonal Semideciduous Forest,Mata Atlantica,Sedimentary Rock,Auger,NO,Southeast
450.0,490.0,24.8,13.0,5.2,44.1,0,0,0,1,1,1,Seasonal Semideciduous Forest,Mata Atlantica,Igneous Rock,Auger,NO,Southeast
620.0,340.0,12.0,6.0,3.0,31.7,0,0,0,0,0,0,Areas of Ecological Tension,Cerrado,Sedimentary Rock,Profile,NO,Southeast
270.0,710.0,23.0,4.0,2.0,52.2,0,0,0,0,0,0,Savannah,Cerrado,Igneous Rock,Auger,NO,Southeast
724.0,232.0,17.0,19.0,7.0,45.2,0,0,1,0,0,0,Seasonal Semideciduous Forest,Mata Atlantica,Sedimentary Rock,Auger,NO,Southeast
660.0,250.0,30.39,7.0,5.0,32.88,0,0,0,0,0,0,Seasonal Semideciduous Forest,Mata Atlantica,Igneous Rock,Auger,NO,Southeast
360.0,457.0,17.0,14.0,5.0,71.8,0,0,0,0,0,0,Seasonal Semideciduous Forest,Mata Atlantica,Igneous Rock,Auger,NO,Southeast
200.0,690.0,28.0,35.0,24.0,116.4,0,0,0,0,0,0,Seasonal Semideciduous Forest,Mata Atlantica,Igneous Rock,Auger,NO,Southeast
773.0,155.0,17.6,13.6,4.7,43.9,0,0,0,0,0,0,Seasonal Semideciduous Forest,Mata Atlantica,Sedimentary Rock,Auger,NO,Southeast
856.0,96.0,7.0,22.7,12.9,45.7,0,0,0,0,0,0,Seasonal Semideciduous Forest,Mata Atlantica,Sedimentary Rock,Auger,NO,Southeast
130.0,850.0,41.0,37.0,9.0,93.1,0,0,0,0,0,0,Savannah,Cerrado,Igneous Rock,Auger,NO,Southeast
860.0,120.0,18.0,22.0,12.0,58.7,0,0,0,0,0,0,Seasonal Semideciduous Forest,Mata Atlantica,Sedimentary Rock,Auger,NO,Southeast
820.0,140.0,18.0,4.0,2.0,36.2,0,0,0,0,0,0,Seasonal Semideciduous Forest,Mata Atlantica,Sedimentary Rock,Auger,NO,Southeast
857.0,73.0,14.0,12.4,15.5,43.5,0,0,0,0,0,0,Seasonal Semideciduous Forest,Mata Atlantica,Sedimentary Rock,Auger,NO,Southeast
